Client_ID,Nom,Prenom,Type_Client,Statut_Client,Type_Compte,Age,Wilaya,Secteur_Activite,Type_Credit,Anciennete_Client_Ans,Revenu_Mensuel_DZD,Charges_Mensuelles_DZD,Montant_Credit_DZD,Echeance_Mensuelle_DZD,Duree_Credit_Mois,Taux_Interet_Pct,Utilisation_Credit_Pct,Historique_Paiement,Retards_30J,Retards_90J,Jours_Impayes,Decouvert_90J,Volatilite_Cashflow_Pct,Solde_Moyen_DZD,Garantie_Couverture_Pct
BNA000001,Yahiaoui,Nassim,Particulier,Actif,Compte professionnel,36,Sétif,Commerce,Crédit d'investissement,4.0,83300.0,43700.0,471000.0,7600.0,72,5.23,86.6,0.399,1,2,15,0,64.4,-162000.0,65.6
BNA000002,Ferhat,Sofiane,PME,Actif,Compte courant,41,Béjaïa,Transport,Crédit immobilier,4.7,1999400.0,1402500.0,12185000.0,299900.0,48,8.43,85.6,0.658,3,2,15,2,49.6,-2839500.0,79.1
BNA000003,Mokhtar,Hichem,Particulier,Actif,Compte entreprise,42,Annaba,Agriculture,Crédit équipement,11.4,81000.0,32100.0,1277000.0,58900.0,24,9.87,26.5,0.512,1,0,0,1,14.5,214200.0,62.4
BNA000004,Mansouri,Anis,Particulier,Actif,Compte épargne,61,Biskra,Commerce,Crédit personnel,2.5,55100.0,27700.0,415000.0,12300.0,36,4.31,22.9,0.812,0,1,0,0,31.3,10600.0,144.6
BNA000005,Rahmani,Mohamed,Particulier,Actif,Compte épargne,36,Oran,Santé,Crédit immobilier,8.4,106400.0,41700.0,327000.0,9500.0,36,3.21,75.7,0.404,2,1,5,2,52.5,102800.0,40.0
BNA000006,Saidi,Bilal,Professionnel,Actif,Compte entreprise,55,Djelfa,Transport,Crédit personnel,6.2,138000.0,63200.0,793000.0,18300.0,48,5.05,72.8,0.257,3,0,90,2,17.4,-26900.0,105.7
BNA000007,Saidi,Hichem,PME,Actif,Compte entreprise,50,Djelfa,Agriculture,Crédit équipement,10.3,191200.0,134600.0,1456000.0,44200.0,36,5.89,75.8,0.482,3,0,15,3,34.6,209800.0,96.8
BNA000008,Belkacem,Amine,Grande Entreprise,Actif,Compte entreprise,61,Djelfa,Pharmacie,Crédit personnel,15.1,1605400.0,1109400.0,5845000.0,80800.0,84,4.33,83.3,0.124,1,1,150,1,65.5,-2536300.0,69.4
BNA000009,Benyahia,Ibrahim,Particulier,Actif,Compte courant,29,Béjaïa,Pharmacie,Crédit d'investissement,6.4,43900.0,23400.0,1071000.0,16900.0,84,8.43,80.7,0.395,3,1,90,2,44.0,-11200.0,69.4
BNA000010,Boudiaf,Yacine,PME,Actif,Compte courant,31,Annaba,BTPH,Crédit d'exploitation,9.3,873100.0,248800.0,8204000.0,704100.0,12,5.48,48.1,0.562,3,0,10,0,78.8,-289800.0,66.1
BNA000011,Khelifi,Karim,PME,Actif,Compte courant,44,Alger,Services,Crédit personnel,8.0,945600.0,216900.0,7431000.0,168300.0,48,4.16,14.1,1.0,1,0,0,0,27.1,1619100.0,107.1
BNA000012,Haddad,Samir,PME,Actif,Compte professionnel,28,Laghouat,Commerce,Crédit personnel,3.0,641800.0,320700.0,4411000.0,70500.0,72,4.75,80.5,0.371,2,1,30,2,60.1,-1166100.0,59.8
BNA000013,Benyahia,Kamel,Grande Entreprise,Actif,Compte professionnel,61,Batna,BTPH,Crédit d'exploitation,4.7,1555700.0,366000.0,11641000.0,525200.0,24,7.76,25.5,0.772,1,0,0,0,31.4,5680900.0,139.0
BNA000014,Brahimi,Ahmed,PME,Inactif,Compte courant,43,Tlemcen,Transport,Crédit équipement,4.5,900100.0,296700.0,3757000.0,119300.0,36,8.93,74.9,0.692,4,2,60,5,54.2,29300.0,36.5
BNA000015,Khelifi,Adel,Particulier,Actif,Compte courant,44,Biskra,Transport,Crédit d'exploitation,12.3,46400.0,15000.0,565000.0,11000.0,60,6.3,24.5,0.917,0,0,0,0,26.4,168700.0,82.9
BNA000016,Rahmani,Ibrahim,Professionnel,Actif,Compte courant,47,Blida,Agriculture,Crédit d'exploitation,13.9,73600.0,57500.0,1223000.0,17200.0,84,4.81,69.6,0.611,3,0,45,1,52.0,92100.0,34.2
BNA000017,Mokhtar,Amine,PME,Actif,Compte entreprise,56,Batna,Pharmacie,Crédit équipement,4.9,810800.0,149500.0,5090000.0,151100.0,36,4.38,25.3,0.694,0,0,0,0,36.6,2860900.0,101.0
BNA000018,Yahiaoui,Karim,Particulier,Actif,Compte épargne,27,Blida,Transport,Crédit personnel,6.9,106300.0,15000.0,1409000.0,19500.0,84,4.41,10.3,0.957,0,0,0,0,21.9,-131200.0,140.5
BNA000019,Mokhtar,Riad,Particulier,Actif,Compte épargne,45,Béjaïa,Santé,Crédit d'investissement,3.8,101000.0,70600.0,759000.0,23100.0,36,5.93,70.4,0.504,1,1,90,1,65.4,-15700.0,53.5
BNA000020,Guediri,Riad,Particulier,Actif,Compte courant,28,Annaba,Santé,Crédit équipement,2.2,66600.0,50200.0,545000.0,9500.0,72,7.83,82.0,0.547,0,1,60,3,38.3,36300.0,30.6
BNA000021,Slimani,Walid,Particulier,Actif,Compte courant,62,Laghouat,Commerce,Crédit d'investissement,10.6,70500.0,17800.0,247000.0,5800.0,48,5.65,2.0,0.901,0,0,0,1,13.7,155200.0,61.0
BNA000022,Belkacem,Aymen,Grande Entreprise,Actif,Compte courant,63,Béjaïa,Services,Crédit d'exploitation,8.1,3138600.0,1804900.0,19649000.0,321800.0,72,5.58,96.1,0.392,5,2,30,4,43.7,4635500.0,106.0
BNA000023,Cherif,Bilal,PME,Actif,Compte courant,38,Constantine,Industrie,Crédit d'investissement,6.2,1311000.0,741100.0,9339000.0,212400.0,48,4.36,75.2,0.421,1,0,60,2,37.4,12800.0,62.4
BNA000024,Larbi,Youcef,Particulier,Actif,Compte professionnel,34,Alger,Industrie,Crédit équipement,18.5,94400.0,77400.0,427000.0,9800.0,48,5.01,64.3,0.499,2,0,120,3,35.9,-31400.0,43.9
BNA000025,Meziane,Walid,PME,Inactif,Compte professionnel,54,Oran,Commerce,Crédit d'investissement,3.7,1181500.0,442900.0,4108000.0,94600.0,48,5.02,42.2,0.844,0,0,0,0,27.6,5579400.0,119.6
BNA000026,Touati,Farid,Particulier,Actif,Compte courant,49,Béjaïa,Commerce,Crédit équipement,10.4,63600.0,44700.0,379000.0,17000.0,24,7.29,71.3,0.108,2,1,120,0,77.1,-19900.0,63.2
BNA000027,Touati,Ahmed,Professionnel,Actif,Compte professionnel,26,Constantine,Agriculture,Crédit d'exploitation,12.3,92100.0,34700.0,1307000.0,22000.0,84,10.48,68.3,0.519,0,1,150,0,21.0,211600.0,68.3
BNA000028,Benyahia,Farid,Particulier,Actif,Compte courant,31,Blida,BTPH,Crédit équipement,12.9,101400.0,52300.0,844000.0,15800.0,72,10.48,72.2,0.171,1,0,45,3,62.9,133300.0,102.1
BNA000029,Bensalem,Tarek,Professionnel,Actif,Compte professionnel,45,Batna,Agriculture,Crédit d'exploitation,6.4,255600.0,39300.0,2159000.0,34300.0,84,8.65,39.3,0.681,0,0,0,0,22.0,73600.0,98.4
BNA000030,Benyahia,Karim,Particulier,Actif,Compte épargne,42,Alger,Commerce,Crédit immobilier,4.6,117000.0,76400.0,1647000.0,34700.0,60,9.64,45.0,0.109,0,1,120,1,54.0,149800.0,101.7
BNA000031,Cherif,Kamel,Particulier,Actif,Compte courant,50,Laghouat,Transport,Crédit équipement,10.6,139600.0,48300.0,1791000.0,32700.0,72,9.45,15.8,0.93,0,0,0,0,4.0,168100.0,76.6
BNA000032,Boudiaf,Anis,Professionnel,Actif,Compte courant,25,Biskra,Santé,Crédit immobilier,2.5,281600.0,35500.0,1266000.0,31900.0,48,9.6,45.6,0.738,0,0,0,0,35.5,551600.0,116.5
BNA000033,Nouri,Amine,Particulier,Actif,Compte épargne,39,Biskra,Santé,Crédit personnel,16.7,166200.0,105300.0,1331000.0,26400.0,60,7.08,72.2,0.13,3,0,60,0,46.8,84800.0,51.5
BNA000034,Benyahia,Nassim,Particulier,Actif,Compte courant,61,Laghouat,BTPH,Crédit immobilier,5.7,150300.0,55200.0,1088000.0,27400.0,48,9.68,53.1,0.794,0,0,0,0,22.2,671500.0,114.4
BNA000035,Mebarki,Aymen,Professionnel,Actif,Compte courant,24,Oran,Transport,Crédit d'investissement,2.4,103700.0,74400.0,3023000.0,64100.0,60,9.93,77.0,0.578,0,0,45,2,28.0,71000.0,30.8
BNA000036,Nouri,Yacine,PME,Actif,Compte courant,46,Béjaïa,Agriculture,Crédit d'exploitation,4.1,775300.0,144800.0,3855000.0,55200.0,84,5.39,4.2,0.421,1,0,15,0,15.2,1679600.0,122.3
BNA000037,Belaid,Amine,Particulier,Actif,Compte courant,29,Annaba,Agriculture,Crédit équipement,6.1,86600.0,15000.0,501000.0,9400.0,60,4.83,53.2,0.89,0,0,0,0,30.0,41000.0,145.7
BNA000038,Saidi,Rachid,Professionnel,Suspendu,Compte courant,57,Béjaïa,Agriculture,Crédit d'exploitation,12.3,161400.0,118300.0,3401000.0,101800.0,36,4.91,43.0,0.125,2,2,30,3,44.9,-167100.0,44.7
BNA000039,Yahiaoui,Kamel,PME,Actif,Compte courant,39,Biskra,Transport,Crédit d'investissement,2.2,598100.0,77300.0,3646000.0,69000.0,60,5.09,30.8,0.922,2,1,0,0,10.8,1065500.0,200.0
BNA000040,Boudiaf,Farid,Particulier,Actif,Compte professionnel,56,Oran,BTPH,Crédit personnel,9.4,72300.0,41400.0,514000.0,23700.0,24,10.04,74.7,0.601,0,0,60,2,60.7,71700.0,50.4
BNA000041,Yahiaoui,Rachid,Professionnel,Actif,Compte courant,30,Blida,Industrie,Crédit immobilier,2.2,123500.0,71900.0,1005000.0,30900.0,36,6.7,62.6,0.542,1,2,10,1,21.2,-234900.0,73.8
BNA000042,Cherif,Walid,Particulier,Actif,Compte courant,37,Batna,Commerce,Crédit immobilier,1.2,102500.0,42600.0,1349000.0,60100.0,24,6.58,92.7,0.051,1,0,90,1,45.5,84300.0,95.9
BNA000043,Hadji,Oussama,Particulier,Actif,Compte entreprise,59,Alger,Services,Crédit d'investissement,5.4,86400.0,51300.0,475000.0,11200.0,48,6.06,94.9,0.758,2,0,15,1,25.3,137100.0,70.8
BNA000044,Mokhtar,Islam,Particulier,Actif,Compte épargne,43,Batna,Commerce,Crédit immobilier,13.6,62700.0,36900.0,416000.0,8400.0,60,7.76,60.6,0.511,3,1,180,0,30.9,-10400.0,84.0
BNA000045,Ferhat,Imad,Particulier,Actif,Compte professionnel,47,Oran,Commerce,Crédit d'investissement,13.6,77900.0,43500.0,548000.0,12800.0,48,5.69,76.6,0.257,5,0,5,0,45.2,-11000.0,12.2
BNA000046,Haddad,Zakaria,Particulier,Actif,Compte épargne,28,Tlemcen,Industrie,Crédit d'exploitation,6.4,125700.0,67600.0,1198000.0,19000.0,72,4.49,76.8,0.633,5,1,30,3,58.8,164800.0,69.8
BNA000047,Chibani,Youcef,Particulier,Actif,Compte épargne,53,Annaba,Commerce,Crédit immobilier,6.0,86200.0,59500.0,464000.0,9800.0,60,9.73,60.1,0.597,2,0,30,1,32.3,-10000.0,50.2
BNA000048,Djelloul,Adel,Particulier,Inactif,Compte entreprise,25,Biskra,BTPH,Crédit d'exploitation,10.6,113200.0,70100.0,2779000.0,51600.0,72,10.11,51.6,0.35,2,1,60,2,55.0,131900.0,87.8
BNA000049,Belaid,Ilyes,Particulier,Actif,Compte épargne,62,Alger,Pharmacie,Crédit personnel,9.5,35000.0,15000.0,417000.0,8700.0,60,9.3,76.0,0.586,0,1,30,1,21.0,-34700.0,70.6
BNA000050,Dahmani,Ahmed,Particulier,Actif,Compte professionnel,40,Laghouat,Pharmacie,Crédit équipement,4.3,87000.0,48100.0,565000.0,10800.0,60,5.34,99.7,0.644,4,2,15,3,54.4,-32600.0,86.3
BNA000051,Larbi,Yacine,Particulier,Actif,Compte épargne,23,Batna,Industrie,Crédit d'investissement,14.5,87900.0,22400.0,1006000.0,31100.0,36,7.12,41.5,0.846,0,0,0,0,18.3,304500.0,43.2
BNA000052,Belkacem,Adel,Particulier,Inactif,Compte entreprise,61,Batna,Transport,Crédit d'investissement,7.3,150800.0,33200.0,1185000.0,36700.0,36,7.19,9.6,0.826,1,0,15,0,19.3,128600.0,110.5
BNA000053,Brahimi,Ibrahim,Grande Entreprise,Actif,Compte entreprise,41,Djelfa,Industrie,Crédit immobilier,2.8,1500400.0,979700.0,9265000.0,140400.0,84,7.12,94.3,0.359,1,0,5,1,61.1,888100.0,78.6
BNA000054,Belkacem,Amine,Particulier,Actif,Compte courant,25,Blida,BTPH,Crédit d'exploitation,8.1,126400.0,71600.0,376000.0,11600.0,36,6.83,83.7,0.336,2,1,30,6,57.0,180800.0,73.9
BNA000055,Amrani,Imad,Particulier,Actif,Compte courant,23,Blida,Agriculture,Crédit immobilier,11.1,65700.0,45400.0,528000.0,10700.0,60,7.82,71.9,0.5,1,1,10,2,48.8,68700.0,68.2
BNA000056,Mebarki,Samir,Particulier,Actif,Compte professionnel,27,Biskra,Santé,Crédit immobilier,4.5,258500.0,169500.0,3025000.0,48400.0,84,8.82,70.0,0.486,1,0,5,3,58.0,275900.0,76.6
BNA000057,Djelloul,Yacine,Particulier,Actif,Compte épargne,45,Laghouat,Agriculture,Crédit d'investissement,15.0,91100.0,55300.0,481000.0,8700.0,60,3.16,73.1,0.223,1,2,15,0,41.0,-46800.0,127.3
BNA000058,Dahmani,Amine,PME,Actif,Compte entreprise,53,Blida,Transport,Crédit d'exploitation,5.6,768800.0,184700.0,6648000.0,151900.0,48,4.61,2.0,1.0,0,0,0,1,19.6,2440200.0,107.1
BNA000059,Saidi,Nassim,Particulier,Actif,Compte entreprise,49,Sétif,Santé,Crédit personnel,8.8,141900.0,49400.0,923000.0,22600.0,48,8.04,15.5,0.737,1,0,0,0,25.1,-100400.0,100.2
BNA000060,Rahmani,Abdelkader,Professionnel,Actif,Compte courant,62,Annaba,Commerce,Crédit d'investissement,3.9,111600.0,27500.0,1804000.0,36000.0,60,7.28,17.1,0.724,0,0,0,0,12.4,77700.0,154.0
BNA000061,Ferhat,Oussama,Particulier,Actif,Compte courant,57,Batna,Industrie,Crédit équipement,8.9,117500.0,95500.0,1489000.0,44700.0,36,5.17,97.0,0.673,1,0,60,7,53.9,151100.0,94.5
BNA000062,Chibani,Abdelkader,PME,Actif,Compte courant,41,Annaba,BTPH,Crédit d'investissement,7.8,525500.0,287700.0,3831000.0,111900.0,36,3.29,90.2,0.398,1,3,180,1,49.5,530900.0,49.1
BNA000063,Brahimi,Samir,PME,Inactif,Compte épargne,32,Sétif,Commerce,Crédit personnel,1.6,730700.0,466900.0,7091000.0,165500.0,48,5.69,98.4,0.251,0,2,5,2,51.5,1452100.0,14.3
BNA000064,Bensalem,Tarek,Particulier,Actif,Compte épargne,62,Blida,Pharmacie,Crédit d'exploitation,6.6,67800.0,15000.0,398000.0,12900.0,36,10.38,22.7,0.944,1,0,0,0,23.2,239500.0,105.7
BNA000065,Slimani,Yacine,Particulier,Actif,Compte entreprise,61,Laghouat,Industrie,Crédit immobilier,14.3,68700.0,40700.0,895000.0,22500.0,48,9.59,66.9,0.302,10,2,30,3,38.1,46500.0,47.1
BNA000066,Khelifi,Ilyes,Particulier,Actif,Compte courant,45,Biskra,Pharmacie,Crédit d'investissement,5.7,145900.0,99200.0,896000.0,28600.0,36,9.3,69.7,0.542,3,1,90,0,51.3,27100.0,83.5
BNA000067,Mansouri,Anis,Professionnel,Actif,Compte courant,36,Laghouat,Industrie,Crédit d'investissement,8.1,109700.0,75800.0,972000.0,15400.0,72,4.48,71.6,0.582,7,4,15,3,31.0,-184800.0,68.8
BNA000068,Ferhat,Walid,Grande Entreprise,Actif,Compte épargne,35,Tlemcen,BTPH,Crédit d'exploitation,14.5,2102600.0,1260800.0,21725000.0,511500.0,48,6.13,83.9,0.234,2,0,60,2,38.4,1853700.0,101.9
BNA000069,Yahiaoui,Ahmed,Professionnel,Actif,Compte entreprise,54,Laghouat,Santé,Crédit personnel,7.9,234400.0,137300.0,2819000.0,53400.0,60,5.18,77.2,0.672,1,0,60,1,44.2,7800.0,90.3
BNA000070,Belaid,Adel,Particulier,Actif,Compte entreprise,48,Djelfa,Commerce,Crédit d'exploitation,4.5,129300.0,64700.0,932000.0,16100.0,72,7.54,80.2,0.684,0,1,30,1,45.2,-12800.0,104.2
BNA000071,Hadji,Ahmed,PME,Inactif,Compte professionnel,49,Blida,Commerce,Crédit personnel,8.6,1269200.0,852600.0,8063000.0,150500.0,60,4.54,100.0,0.05,4,1,5,2,43.4,-1419800.0,136.8
BNA000072,Djelloul,Sofiane,Professionnel,Actif,Compte épargne,49,Sétif,Services,Crédit équipement,7.4,80000.0,20200.0,533000.0,45400.0,12,4.22,3.8,0.72,0,0,0,0,28.9,217900.0,128.0
BNA000073,Gacem,Yacine,Particulier,Actif,Compte courant,56,Djelfa,Agriculture,Crédit d'investissement,2.3,133500.0,58000.0,2090000.0,43000.0,60,8.62,91.1,0.163,1,2,60,1,56.4,-20300.0,52.7
BNA000074,Mebarki,Nassim,PME,Actif,Compte épargne,37,Tlemcen,BTPH,Crédit personnel,1.2,1129000.0,516800.0,17276000.0,338400.0,60,6.55,94.1,0.748,0,0,60,2,45.3,-816800.0,47.4
BNA000075,Cherif,Islam,Professionnel,Actif,Compte épargne,27,Djelfa,Agriculture,Crédit d'exploitation,19.9,367600.0,53800.0,4865000.0,120300.0,48,8.65,32.8,0.829,1,0,0,0,27.6,1174300.0,80.8
BNA000076,Hadji,Kamel,Particulier,Actif,Compte courant,31,Annaba,Industrie,Crédit équipement,7.4,129300.0,96000.0,754000.0,14200.0,60,4.91,36.8,0.369,3,0,30,1,48.5,-98400.0,54.3
BNA000077,Mansouri,Sofiane,Particulier,Actif,Compte courant,26,Batna,Pharmacie,Crédit personnel,2.9,233900.0,143400.0,1459000.0,35800.0,48,8.28,92.1,0.752,2,0,15,3,42.3,276800.0,69.2
BNA000078,Zerrouki,Adel,PME,Actif,Compte épargne,28,Batna,Pharmacie,Crédit immobilier,12.5,472000.0,358400.0,3212000.0,62100.0,60,5.98,68.3,0.838,2,0,90,4,31.2,49600.0,77.5
BNA000079,Amrani,Zakaria,Particulier,Actif,Compte professionnel,50,Oran,Services,Crédit d'investissement,2.3,52000.0,15000.0,455000.0,13800.0,36,5.6,26.6,0.572,0,0,0,0,4.0,37700.0,84.2
BNA000080,Zerrouki,Mohamed,Particulier,Actif,Compte courant,25,Djelfa,Pharmacie,Crédit d'investissement,8.6,67600.0,19100.0,484000.0,11600.0,48,7.13,8.3,0.704,1,0,0,0,33.9,92500.0,146.9
BNA000081,Mansouri,Ibrahim,Particulier,Actif,Compte courant,30,Batna,BTPH,Crédit d'exploitation,6.1,132100.0,59900.0,1788000.0,54700.0,36,6.43,85.5,0.388,2,0,60,2,63.8,-25500.0,37.4
BNA000082,Slimani,Sofiane,PME,Actif,Compte entreprise,29,Annaba,Commerce,Crédit immobilier,3.1,665000.0,483300.0,3377000.0,68900.0,60,8.24,66.7,0.576,0,0,10,0,51.1,-33700.0,49.2
BNA000083,Hadji,Kamel,Particulier,Actif,Compte professionnel,27,Tlemcen,BTPH,Crédit d'investissement,3.7,64400.0,36300.0,507000.0,10100.0,60,7.33,77.1,0.926,0,0,15,3,29.0,-23400.0,77.0
BNA000084,Benali,Karim,PME,Actif,Compte épargne,41,Oran,Santé,Crédit immobilier,3.8,1351300.0,667400.0,9803000.0,287800.0,36,3.62,88.5,0.25,4,1,30,3,21.2,494200.0,93.2
BNA000085,Amrani,Riad,Particulier,Actif,Compte entreprise,58,Djelfa,Santé,Crédit d'exploitation,2.9,186600.0,110000.0,2119000.0,68800.0,36,10.39,76.4,0.567,1,0,120,1,46.8,-230200.0,115.6
BNA000086,Bensalem,Salim,Particulier,Actif,Compte courant,64,Annaba,Pharmacie,Crédit personnel,8.3,56300.0,22400.0,263000.0,8500.0,36,10.5,29.8,0.225,4,0,5,0,22.5,3100.0,105.7
BNA000087,Bensalem,Imad,Professionnel,Actif,Compte courant,47,Oran,Transport,Crédit d'investissement,7.2,370900.0,171500.0,5946000.0,123200.0,60,8.91,77.2,0.223,3,3,90,2,47.6,124700.0,53.0
BNA000088,Mokhtar,Ilyes,Particulier,Actif,Compte courant,44,Biskra,Transport,Crédit personnel,15.1,122400.0,53900.0,1927000.0,31400.0,72,5.39,69.1,0.457,2,1,5,0,43.9,-196600.0,70.6
BNA000089,Khelifi,Nabil,PME,Actif,Compte entreprise,57,Batna,Services,Crédit immobilier,11.3,521300.0,371800.0,7641000.0,648200.0,12,3.31,75.0,0.128,1,0,0,3,26.0,742900.0,68.0
BNA000090,Haddad,Mohamed,Particulier,Actif,Compte épargne,65,Djelfa,Commerce,Crédit d'investissement,5.8,56600.0,44200.0,652000.0,12100.0,60,4.22,67.1,0.534,3,2,90,0,43.2,50600.0,62.0
BNA000091,Mokhtar,Rachid,PME,Inactif,Compte courant,35,Constantine,Transport,Crédit d'investissement,2.4,247700.0,156000.0,2831000.0,55200.0,60,6.34,77.2,0.55,2,1,15,2,45.8,159000.0,125.7
BNA000092,Hadji,Riad,PME,Actif,Compte courant,35,Constantine,Agriculture,Crédit d'investissement,5.9,580000.0,279400.0,8044000.0,157500.0,60,6.52,56.9,0.391,2,0,180,4,18.4,644600.0,40.9
BNA000093,Meziane,Ahmed,PME,Actif,Compte courant,39,Oran,Santé,Crédit personnel,3.6,772800.0,358600.0,7844000.0,252800.0,36,9.92,91.5,0.324,0,1,10,1,48.0,-233400.0,79.1
BNA000094,Boudiaf,Rachid,PME,Actif,Compte courant,41,Constantine,BTPH,Crédit d'investissement,10.6,1077000.0,129900.0,8977000.0,275400.0,36,6.58,24.5,0.78,0,1,0,1,22.6,-353700.0,87.9
BNA000095,Boudiaf,Sofiane,Particulier,Actif,Compte courant,61,Biskra,Commerce,Crédit immobilier,6.0,127100.0,87800.0,965000.0,19300.0,60,7.43,87.3,0.533,1,0,10,5,48.8,51300.0,61.0
BNA000096,Mansouri,Kamel,PME,Actif,Compte épargne,47,Constantine,Pharmacie,Crédit d'exploitation,10.3,634400.0,277100.0,4446000.0,140100.0,36,8.4,62.9,0.538,2,0,90,2,31.0,132800.0,58.9
BNA000097,Benyahia,Ibrahim,Particulier,Actif,Compte entreprise,59,Constantine,BTPH,Crédit immobilier,13.4,49900.0,15700.0,260000.0,7700.0,36,3.9,32.5,0.641,0,0,0,0,25.0,54100.0,93.4
BNA000098,Saidi,Mohamed,Professionnel,Actif,Compte courant,65,Biskra,Agriculture,Crédit d'investissement,2.7,211700.0,98000.0,1063000.0,32800.0,36,6.92,65.0,0.227,4,1,60,3,47.8,270900.0,49.1
BNA000099,Dahmani,Nabil,Professionnel,Actif,Compte courant,23,Oran,Pharmacie,Crédit immobilier,11.7,252200.0,117300.0,3268000.0,68800.0,60,9.59,71.6,0.173,0,0,90,0,68.2,-341000.0,80.8
BNA000100,Mansouri,Amine,Particulier,Actif,Compte courant,38,Batna,Agriculture,Crédit d'investissement,4.7,62800.0,35900.0,285000.0,4500.0,84,8.73,88.8,0.304,3,0,150,1,53.2,146800.0,66.1
BNA000101,Bensalem,Farid,PME,Actif,Compte courant,28,Laghouat,Transport,Crédit équipement,2.5,442200.0,198100.0,1996000.0,169600.0,12,3.63,78.0,0.689,4,1,45,3,58.1,91000.0,67.0
BNA000102,Hadji,Ibrahim,Particulier,Actif,Compte courant,43,Laghouat,Santé,Crédit d'investissement,16.0,70900.0,44300.0,725000.0,10000.0,84,4.36,82.0,0.536,0,2,10,2,30.6,-17400.0,87.4
BNA000103,Hadji,Ibrahim,Grande Entreprise,Actif,Compte courant,30,Béjaïa,Transport,Crédit personnel,14.9,1469500.0,631900.0,9413000.0,136800.0,84,5.84,90.1,0.15,0,1,45,4,42.4,630500.0,69.5
BNA000104,Chibani,Riad,Professionnel,Actif,Compte entreprise,29,Constantine,BTPH,Crédit personnel,2.4,360100.0,102300.0,3440000.0,85600.0,48,9.02,39.4,0.855,0,0,0,1,13.8,387400.0,60.2
BNA000105,Meziane,Sofiane,Particulier,Actif,Compte entreprise,60,Blida,Transport,Crédit personnel,8.2,35000.0,15000.0,554000.0,8300.0,84,6.71,72.6,0.436,1,0,15,1,51.7,7100.0,104.4
BNA000106,Mansouri,Bilal,Particulier,Actif,Compte courant,62,Djelfa,BTPH,Crédit d'exploitation,3.2,93800.0,47400.0,663000.0,9300.0,84,4.92,83.6,0.113,4,0,45,3,52.7,-32100.0,104.9
BNA000107,Brahimi,Salim,Particulier,Actif,Compte courant,49,Blida,Transport,Crédit d'exploitation,11.0,127600.0,83700.0,861000.0,26100.0,36,5.64,85.1,0.155,0,3,90,1,31.6,109500.0,70.1
BNA000108,Amrani,Mourad,Particulier,Actif,Compte courant,56,Constantine,Industrie,Crédit immobilier,10.6,184500.0,110300.0,1070000.0,19800.0,72,9.97,75.1,0.836,1,0,60,3,39.9,128900.0,39.3
BNA000109,Slimani,Kamel,Particulier,Actif,Compte professionnel,43,Annaba,Santé,Crédit équipement,5.9,82700.0,50700.0,1046000.0,24800.0,48,6.53,79.5,0.743,3,1,60,0,53.2,145700.0,70.0
BNA000110,Yahiaoui,Mourad,Particulier,Actif,Compte courant,57,Biskra,Santé,Crédit d'exploitation,2.0,61400.0,30600.0,678000.0,31100.0,24,9.49,64.0,0.529,5,3,30,3,15.3,8000.0,100.6
BNA000111,Saidi,Anis,Particulier,Actif,Compte entreprise,45,Sétif,Agriculture,Crédit d'exploitation,9.4,65900.0,35500.0,679000.0,9900.0,84,6.03,85.8,0.25,2,0,10,2,25.3,-29200.0,89.4
BNA000112,Khelifi,Adel,Particulier,Actif,Compte courant,35,Laghouat,Agriculture,Crédit personnel,9.8,66000.0,15000.0,364000.0,8700.0,48,6.67,21.2,0.899,0,0,0,0,4.0,165300.0,132.2
BNA000113,Mebarki,Yacine,Particulier,Actif,Compte professionnel,41,Oran,Pharmacie,Crédit personnel,2.5,35000.0,15200.0,319000.0,27500.0,12,6.25,39.1,0.378,4,0,0,1,44.9,-9600.0,81.4
BNA000114,Benyahia,Sofiane,Professionnel,Actif,Compte entreprise,32,Biskra,Services,Crédit d'exploitation,5.8,220600.0,51500.0,2782000.0,42600.0,72,3.29,21.4,0.608,1,0,0,0,23.8,692400.0,141.0
BNA000115,Larbi,Amine,PME,Actif,Compte entreprise,63,Batna,Pharmacie,Crédit personnel,2.3,868500.0,495400.0,8172000.0,148500.0,60,3.46,87.8,0.329,8,1,45,1,29.2,-187600.0,74.8
BNA000116,Brahimi,Abdelkader,Particulier,Actif,Compte épargne,52,Sétif,BTPH,Crédit immobilier,6.5,271100.0,148500.0,1687000.0,26700.0,72,4.37,79.1,0.296,1,1,30,1,21.4,-68300.0,78.3
BNA000117,Haddad,Sofiane,Particulier,Actif,Compte professionnel,34,Tlemcen,Transport,Crédit immobilier,3.9,59700.0,36400.0,693000.0,21700.0,36,7.8,83.9,0.71,5,1,45,2,52.7,167600.0,30.3
BNA000118,Djelloul,Tarek,Professionnel,Actif,Compte entreprise,59,Laghouat,Industrie,Crédit d'exploitation,10.7,179000.0,108000.0,1783000.0,38200.0,60,10.37,80.5,0.428,0,0,90,1,46.6,-285900.0,61.3
BNA000119,Mebarki,Ibrahim,PME,Actif,Compte entreprise,58,Blida,Commerce,Crédit d'exploitation,9.8,420700.0,249200.0,2156000.0,65600.0,36,6.03,87.5,0.13,0,0,15,1,20.1,-349700.0,118.4
BNA000120,Belaid,Adel,Particulier,Actif,Compte épargne,64,Biskra,Industrie,Crédit d'exploitation,2.9,210100.0,119200.0,1404000.0,123100.0,12,9.51,82.6,0.452,1,2,0,1,32.9,34100.0,59.9
BNA000121,Mebarki,Karim,Particulier,Actif,Compte entreprise,49,Blida,Agriculture,Crédit équipement,2.0,90800.0,30600.0,814000.0,11400.0,84,4.69,48.1,0.182,3,0,0,3,58.2,24800.0,79.7
BNA000122,Belkacem,Riad,Particulier,Actif,Compte professionnel,37,Annaba,Agriculture,Crédit d'exploitation,6.2,97200.0,54300.0,351000.0,8100.0,48,5.31,80.8,0.012,0,2,150,3,20.4,121100.0,123.4
BNA000123,Belaid,Anis,Professionnel,Actif,Compte courant,25,Annaba,Santé,Crédit d'investissement,10.8,474200.0,348200.0,3336000.0,62600.0,60,4.76,75.4,0.627,4,1,60,2,45.8,243500.0,36.6
BNA000124,Chibani,Ibrahim,Particulier,Actif,Compte courant,52,Laghouat,Pharmacie,Crédit d'investissement,3.4,78000.0,32400.0,404000.0,7400.0,60,3.63,84.2,0.603,2,4,90,0,41.4,86600.0,54.9
BNA000125,Mokhtar,Riad,Professionnel,Actif,Compte entreprise,32,Constantine,Pharmacie,Crédit d'exploitation,4.8,134900.0,41200.0,1019000.0,19500.0,60,5.67,22.1,0.873,0,0,0,1,13.0,147200.0,129.0
BNA000126,Chibani,Karim,Particulier,Actif,Compte courant,23,Djelfa,Pharmacie,Crédit équipement,6.6,91100.0,52900.0,843000.0,20000.0,48,6.64,76.4,0.238,1,6,90,1,55.4,15400.0,67.5
BNA000127,Saidi,Aymen,Particulier,Actif,Compte entreprise,37,Tlemcen,Agriculture,Crédit équipement,7.2,56100.0,33700.0,473000.0,8800.0,60,4.23,64.4,0.4,1,0,90,0,28.6,15900.0,78.1
BNA000128,Djelloul,Zakaria,Grande Entreprise,Actif,Compte courant,61,Béjaïa,Santé,Crédit d'exploitation,6.9,3493900.0,539800.0,23417000.0,563600.0,48,7.26,53.7,0.772,0,0,0,0,26.4,5688100.0,108.1
BNA000129,Khelifi,Imad,Particulier,Actif,Compte épargne,46,Laghouat,Santé,Crédit d'investissement,8.1,109800.0,82900.0,468000.0,9800.0,60,9.2,49.8,0.637,2,1,150,1,54.2,205700.0,66.5
BNA000130,Amrani,Farid,Particulier,Actif,Compte courant,51,Oran,Pharmacie,Crédit personnel,6.3,122300.0,55100.0,828000.0,19800.0,48,6.87,18.6,0.425,0,0,0,0,22.3,265900.0,127.7
BNA000131,Benali,Anis,Particulier,Actif,Compte courant,44,Sétif,Santé,Crédit d'exploitation,13.3,62400.0,20700.0,365000.0,7200.0,60,7.04,85.4,0.21,4,1,90,1,30.6,102500.0,88.8
BNA000132,Bensalem,Walid,Particulier,Inactif,Compte professionnel,31,Biskra,Services,Crédit d'exploitation,6.5,193100.0,101200.0,1716000.0,33900.0,60,6.86,75.6,0.149,1,0,30,0,47.8,271500.0,61.4
BNA000133,Belkacem,Nabil,Particulier,Actif,Compte courant,49,Batna,Services,Crédit personnel,11.7,131700.0,72900.0,2551000.0,220300.0,12,6.6,78.4,0.716,2,1,30,3,57.5,-42300.0,54.5
BNA000134,Ferhat,Imad,Particulier,Actif,Compte courant,48,Djelfa,BTPH,Crédit d'exploitation,12.8,59200.0,23400.0,349000.0,6700.0,60,6.01,89.5,0.863,1,2,180,2,27.3,91300.0,30.8
BNA000135,Djelloul,Farid,Professionnel,Actif,Compte courant,27,Alger,BTPH,Crédit équipement,1.1,172600.0,24600.0,771000.0,34900.0,24,8.1,51.6,0.655,0,0,0,0,19.5,518900.0,99.1
BNA000136,Benali,Aymen,PME,Actif,Compte courant,45,Tlemcen,Pharmacie,Crédit d'investissement,12.9,1508300.0,1014700.0,17214000.0,437900.0,48,10.16,49.2,0.56,3,0,60,0,57.8,-112100.0,7.4
BNA000137,Amrani,Walid,PME,Actif,Compte épargne,63,Blida,Commerce,Crédit personnel,1.1,838200.0,321000.0,6061000.0,127500.0,60,9.56,90.0,0.609,2,0,10,1,45.7,-885500.0,26.7
BNA000138,Hadji,Bilal,PME,Actif,Compte courant,40,Djelfa,Services,Crédit équipement,1.7,631000.0,437600.0,10154000.0,324600.0,36,9.36,87.0,0.116,2,0,0,1,37.8,218900.0,28.9
BNA000139,Zerrouki,Anis,Particulier,Actif,Compte courant,41,Laghouat,BTPH,Crédit d'exploitation,3.5,96400.0,22500.0,683000.0,20900.0,36,6.28,30.6,0.77,1,0,15,0,20.2,220300.0,8.8
BNA000140,Haddad,Karim,Particulier,Actif,Compte courant,60,Annaba,Industrie,Crédit d'exploitation,10.5,102500.0,60100.0,342000.0,7000.0,60,8.46,17.8,0.918,0,0,0,0,19.1,291900.0,91.1
BNA000141,Belaid,Walid,Professionnel,Actif,Compte épargne,30,Blida,Transport,Crédit immobilier,7.9,219900.0,106400.0,1265000.0,24100.0,60,5.38,58.3,0.856,1,3,150,3,68.2,228600.0,51.7
BNA000142,Larbi,Kamel,PME,Actif,Compte professionnel,24,Annaba,BTPH,Crédit équipement,4.4,661500.0,266000.0,3668000.0,93300.0,48,10.13,68.4,0.716,1,1,15,3,55.6,1238600.0,58.4
BNA000143,Bensalem,Nabil,PME,Actif,Compte épargne,49,Annaba,Pharmacie,Crédit d'exploitation,7.9,1221300.0,809700.0,13801000.0,218500.0,72,4.41,84.7,0.732,2,1,30,3,46.9,-339000.0,78.5
BNA000144,Haddad,Amine,Particulier,Actif,Compte professionnel,30,Laghouat,Pharmacie,Crédit d'exploitation,8.0,105800.0,78900.0,699000.0,31000.0,24,6.01,59.8,0.433,2,0,120,0,30.5,-10400.0,74.3
BNA000145,Mokhtar,Imad,Particulier,Actif,Compte entreprise,51,Sétif,Pharmacie,Crédit d'exploitation,14.8,93100.0,58500.0,401000.0,34400.0,12,5.56,88.8,0.262,1,1,30,1,57.5,38900.0,72.8
BNA000146,Belkacem,Nabil,Particulier,Actif,Compte courant,25,Djelfa,Services,Crédit d'exploitation,9.8,143400.0,41100.0,1683000.0,49100.0,36,3.27,64.8,0.491,1,1,120,3,36.4,153200.0,87.5
BNA000147,Ferhat,Nassim,PME,Actif,Compte épargne,33,Sétif,Pharmacie,Crédit personnel,5.0,656200.0,250800.0,4714000.0,91100.0,60,5.98,34.8,0.885,0,0,0,0,6.6,-251500.0,106.1
BNA000148,Djelloul,Amine,PME,Actif,Compte courant,55,Constantine,Pharmacie,Crédit personnel,9.9,537700.0,90500.0,5403000.0,243300.0,24,7.55,3.9,0.83,0,0,0,0,20.9,773200.0,79.1
BNA000149,Cherif,Amine,Particulier,Actif,Compte professionnel,49,Oran,Agriculture,Crédit d'exploitation,2.8,126600.0,22000.0,703000.0,13200.0,60,4.66,27.6,0.689,1,0,0,0,15.2,15100.0,78.9
BNA000150,Dahmani,Hichem,Grande Entreprise,Actif,Compte entreprise,41,Oran,Industrie,Crédit personnel,3.8,768100.0,143300.0,5124000.0,235100.0,24,9.42,29.0,0.71,0,0,10,1,35.7,1167300.0,80.2
BNA000151,Yahiaoui,Rachid,Particulier,Actif,Compte courant,48,Djelfa,BTPH,Crédit d'exploitation,9.9,35000.0,15000.0,311000.0,14100.0,24,8.08,51.9,0.814,0,0,5,0,14.6,-2100.0,124.4
BNA000152,Amrani,Nabil,Particulier,Actif,Compte entreprise,30,Constantine,Transport,Crédit équipement,4.1,67200.0,38600.0,552000.0,16800.0,36,6.15,84.1,0.391,0,0,5,1,63.6,11000.0,68.0
BNA000153,Belaid,Kamel,Particulier,Actif,Compte professionnel,23,Sétif,Pharmacie,Crédit équipement,17.4,114900.0,62900.0,411000.0,18700.0,24,8.52,48.2,0.54,3,2,30,1,24.3,-286300.0,103.4
BNA000154,Chibani,Oussama,Professionnel,Actif,Compte courant,27,Batna,Commerce,Crédit d'exploitation,2.8,251300.0,106800.0,3803000.0,111200.0,36,3.38,92.4,0.241,0,1,120,1,12.3,171300.0,87.3
BNA000155,Mokhtar,Farid,Professionnel,Actif,Compte courant,44,Djelfa,Pharmacie,Crédit immobilier,9.1,226900.0,164600.0,2421000.0,32300.0,84,3.29,79.8,0.236,2,2,10,4,50.9,-120800.0,102.7
BNA000156,Gacem,Tarek,Grande Entreprise,Inactif,Compte courant,60,Djelfa,Santé,Crédit d'exploitation,5.1,986700.0,601100.0,8822000.0,148600.0,72,6.58,91.3,0.374,5,0,15,1,54.8,708100.0,71.0
BNA000157,Gacem,Ibrahim,Particulier,Actif,Compte épargne,43,Blida,Transport,Crédit personnel,12.4,90900.0,63200.0,790000.0,35200.0,24,6.61,79.4,0.498,1,0,0,2,51.2,18700.0,81.9
BNA000158,Mebarki,Sofiane,Particulier,Actif,Compte courant,32,Annaba,Santé,Crédit personnel,10.7,66200.0,28400.0,280000.0,24000.0,12,5.03,71.8,0.425,0,0,30,1,19.5,80500.0,88.6
BNA000159,Cherif,Sofiane,Particulier,Actif,Compte courant,58,Constantine,Industrie,Crédit équipement,5.6,131200.0,87500.0,1012000.0,23300.0,48,5.06,59.7,0.759,2,0,150,1,31.1,243600.0,65.7
BNA000160,Dahmani,Sofiane,PME,Actif,Compte professionnel,43,Oran,Santé,Crédit immobilier,12.5,514600.0,379000.0,3266000.0,60700.0,60,4.35,80.1,0.412,3,0,120,2,60.1,111100.0,50.2
BNA000161,Mebarki,Farid,Particulier,Actif,Compte épargne,36,Alger,Transport,Crédit équipement,4.4,81800.0,42700.0,490000.0,9500.0,60,5.97,83.6,0.643,2,0,15,2,17.0,-37100.0,40.1
BNA000162,Slimani,Riad,Particulier,Actif,Compte courant,56,Biskra,Santé,Crédit équipement,4.8,77500.0,30600.0,1113000.0,27200.0,48,8.07,70.3,0.116,1,1,45,2,62.9,-38500.0,60.9
BNA000163,Khelifi,Aymen,Particulier,Actif,Compte entreprise,37,Blida,Commerce,Crédit immobilier,9.8,65100.0,19900.0,963000.0,21800.0,48,4.05,43.4,0.644,0,0,0,0,26.2,238800.0,100.6
BNA000164,Amrani,Yacine,Particulier,Actif,Compte épargne,43,Annaba,Agriculture,Crédit d'exploitation,5.9,86600.0,25200.0,717000.0,13000.0,60,3.34,19.3,0.582,1,1,0,0,20.3,252600.0,125.4
BNA000165,Belaid,Samir,Particulier,Actif,Compte courant,37,Djelfa,Industrie,Crédit immobilier,2.9,84800.0,46300.0,839000.0,71700.0,12,4.73,71.3,0.494,0,0,10,1,54.8,-45300.0,67.3
BNA000166,Touati,Farid,PME,Actif,Compte entreprise,63,Oran,Transport,Crédit personnel,15.7,838600.0,97700.0,3962000.0,122300.0,36,7.0,12.0,0.885,0,0,5,0,13.3,1744500.0,77.9
BNA000167,Gacem,Yacine,PME,Actif,Compte courant,28,Alger,Commerce,Crédit d'exploitation,11.5,830500.0,471200.0,10741000.0,253900.0,48,6.34,74.7,0.121,1,0,60,4,48.7,150700.0,41.9
BNA000168,Brahimi,Rachid,Particulier,Actif,Compte entreprise,32,Djelfa,BTPH,Crédit d'investissement,9.9,85200.0,20300.0,996000.0,22600.0,48,4.14,30.2,0.915,0,0,0,0,24.2,222100.0,109.2
BNA000169,Brahimi,Aymen,Grande Entreprise,Actif,Compte courant,49,Annaba,Pharmacie,Crédit personnel,12.1,2378700.0,309300.0,17028000.0,364000.0,60,10.26,32.6,0.782,1,0,0,1,16.8,3850100.0,93.3
BNA000170,Gacem,Ibrahim,Particulier,Actif,Compte professionnel,37,Oran,Commerce,Crédit immobilier,1.8,51600.0,28800.0,397000.0,6600.0,84,10.13,63.0,0.515,2,1,60,2,48.1,21500.0,36.3
BNA000171,Gacem,Riad,Particulier,Actif,Compte courant,57,Alger,Agriculture,Crédit immobilier,6.2,115100.0,67200.0,1493000.0,36400.0,48,7.96,54.5,0.679,0,0,30,0,29.7,-22300.0,31.7
BNA000172,Rahmani,Farid,Particulier,Inactif,Compte courant,36,Biskra,Services,Crédit équipement,7.2,115100.0,78600.0,770000.0,34500.0,24,7.07,75.2,0.251,3,0,120,1,46.6,-76800.0,89.3
BNA000173,Dahmani,Salim,Particulier,Actif,Compte courant,64,Blida,Services,Crédit personnel,7.4,148300.0,96100.0,445000.0,7000.0,84,8.07,92.9,0.706,2,2,5,0,26.6,-237000.0,31.2
BNA000174,Bensalem,Samir,PME,Actif,Compte professionnel,60,Constantine,Santé,Crédit d'investissement,7.2,262100.0,198400.0,2842000.0,59700.0,60,9.51,74.1,0.51,0,1,150,1,37.0,203400.0,81.3
BNA000175,Belkacem,Farid,Particulier,Inactif,Compte courant,31,Blida,Transport,Crédit d'investissement,6.9,129900.0,52100.0,779000.0,13500.0,72,7.49,70.9,0.603,1,2,10,2,26.9,251800.0,107.1
BNA000176,Benyahia,Imad,Particulier,Inactif,Compte courant,29,Tlemcen,Agriculture,Crédit équipement,2.3,60300.0,42200.0,559000.0,13800.0,48,8.59,98.4,0.298,2,1,30,2,8.6,20500.0,52.4
BNA000177,Hadji,Tarek,Particulier,Actif,Compte entreprise,32,Sétif,Agriculture,Crédit équipement,6.9,54900.0,36500.0,707000.0,12700.0,60,3.05,100.0,0.653,3,0,90,0,37.0,-30500.0,58.4
BNA000178,Mansouri,Nabil,PME,Actif,Compte courant,30,Djelfa,Services,Crédit d'investissement,4.8,589500.0,123000.0,4189000.0,63800.0,72,3.11,18.9,0.718,0,0,0,0,18.4,1329100.0,122.2
BNA000179,Khelifi,Aymen,PME,Actif,Compte courant,28,Blida,Transport,Crédit équipement,13.1,1827500.0,919900.0,5578000.0,114500.0,60,8.53,46.1,0.35,2,1,150,1,50.4,423500.0,79.8
BNA000180,Djelloul,Farid,Particulier,Actif,Compte courant,45,Djelfa,Pharmacie,Crédit immobilier,1.2,55200.0,15000.0,288000.0,4500.0,72,3.85,29.1,0.71,1,0,0,2,36.8,145200.0,116.7
BNA000181,Mebarki,Tarek,Particulier,Suspendu,Compte courant,25,Blida,Agriculture,Crédit d'investissement,7.4,101700.0,33900.0,911000.0,14000.0,72,3.4,70.9,0.505,2,3,60,2,48.1,-111000.0,41.0
BNA000182,Guediri,Salim,Professionnel,Actif,Compte courant,58,Oran,Services,Crédit personnel,7.4,476300.0,221300.0,4585000.0,135800.0,36,4.23,94.1,0.528,1,0,5,2,42.5,294300.0,35.4
BNA000183,Nouri,Rachid,Particulier,Actif,Compte courant,58,Tlemcen,Services,Crédit d'investissement,2.6,126800.0,26600.0,985000.0,19400.0,60,6.72,57.0,0.782,1,0,0,0,13.4,51400.0,50.9
BNA000184,Meziane,Amine,Particulier,Actif,Compte épargne,35,Batna,Transport,Crédit immobilier,6.8,98400.0,62300.0,619000.0,14600.0,48,6.26,79.4,0.231,0,0,60,3,70.2,220600.0,52.8
BNA000185,Belkacem,Kamel,PME,Actif,Compte courant,25,Djelfa,BTPH,Crédit d'investissement,7.8,756300.0,305800.0,11284000.0,332200.0,36,3.81,33.6,0.702,0,1,0,0,20.1,2641300.0,176.0
BNA000186,Hadji,Imad,PME,Actif,Compte épargne,62,Tlemcen,Santé,Crédit d'investissement,3.0,1055800.0,788600.0,5630000.0,93800.0,72,6.18,94.0,0.208,1,1,90,2,32.4,-285700.0,47.4
BNA000187,Saidi,Anis,Particulier,Actif,Compte entreprise,61,Oran,Services,Crédit d'exploitation,3.7,105900.0,77300.0,888000.0,22600.0,48,10.28,74.9,0.499,0,0,10,2,34.7,-48800.0,74.6
BNA000188,Mansouri,Abdelkader,PME,Actif,Compte épargne,35,Alger,Pharmacie,Crédit d'exploitation,4.8,1133300.0,427600.0,9147000.0,170700.0,60,4.53,49.6,0.209,0,0,0,0,25.1,2641800.0,45.9
BNA000189,Mansouri,Kamel,PME,Actif,Compte courant,39,Laghouat,Transport,Crédit d'exploitation,5.8,787900.0,350400.0,6742000.0,111200.0,84,9.81,95.1,0.615,1,1,60,3,49.2,-748600.0,24.6
BNA000190,Guediri,Karim,Particulier,Actif,Compte épargne,56,Oran,Industrie,Crédit personnel,8.4,50900.0,25300.0,935000.0,22200.0,48,6.47,38.3,0.621,1,1,90,2,37.8,23900.0,41.7
BNA000191,Slimani,Islam,Professionnel,Actif,Compte professionnel,58,Béjaïa,Services,Crédit d'exploitation,2.8,158100.0,43600.0,1145000.0,35000.0,36,6.39,36.7,0.75,0,0,0,1,16.1,163800.0,71.3
BNA000192,Boudiaf,Rachid,Particulier,Actif,Compte entreprise,54,Sétif,Commerce,Crédit d'investissement,11.5,71800.0,21000.0,701000.0,11000.0,72,4.26,87.9,0.222,2,1,30,3,42.2,84200.0,20.3
BNA000193,Gacem,Mourad,Particulier,Actif,Compte épargne,51,Blida,Commerce,Crédit d'investissement,5.0,128600.0,45400.0,1451000.0,28300.0,60,6.32,47.7,0.928,0,0,0,0,25.7,385400.0,105.7
BNA000194,Mansouri,Oussama,Professionnel,Actif,Compte professionnel,47,Oran,Industrie,Crédit d'investissement,7.9,143700.0,66000.0,1654000.0,38500.0,48,5.49,76.0,0.531,2,1,45,1,61.5,-86300.0,107.0
BNA000195,Yahiaoui,Ilyes,Particulier,Actif,Compte courant,31,Oran,Industrie,Crédit immobilier,3.4,96000.0,28800.0,555000.0,11000.0,60,7.06,65.1,0.577,3,0,90,2,56.7,69600.0,97.3
BNA000196,Ferhat,Rachid,Particulier,Actif,Compte entreprise,48,Constantine,Services,Crédit d'exploitation,8.1,98800.0,71800.0,329000.0,5000.0,72,3.03,72.9,0.613,0,0,90,4,24.3,-600.0,63.7
BNA000197,Meziane,Farid,Particulier,Inactif,Compte courant,23,Sétif,BTPH,Crédit immobilier,5.5,88300.0,45700.0,527000.0,10900.0,60,8.86,69.2,0.417,4,1,120,1,42.4,13000.0,22.7
BNA000198,Nouri,Zakaria,PME,Actif,Compte courant,56,Blida,Pharmacie,Crédit personnel,11.7,651700.0,383500.0,9643000.0,235100.0,48,7.92,91.4,0.382,2,0,60,3,42.4,-74700.0,49.6
BNA000199,Amrani,Walid,PME,Actif,Compte professionnel,35,Djelfa,Commerce,Crédit d'exploitation,3.9,164300.0,102800.0,645000.0,13300.0,60,8.56,59.3,0.447,0,0,15,4,57.6,284700.0,101.9
BNA000200,Zerrouki,Sofiane,Particulier,Actif,Compte courant,34,Batna,BTPH,Crédit d'exploitation,2.9,82400.0,55600.0,816000.0,20600.0,48,9.82,55.4,0.473,1,2,90,2,30.1,12100.0,62.4
BNA000201,Mokhtar,Kamel,Particulier,Inactif,Compte entreprise,41,Djelfa,Industrie,Crédit d'exploitation,9.3,92500.0,42100.0,1131000.0,35200.0,36,7.48,53.8,0.319,1,1,10,1,51.8,102400.0,89.9
BNA000202,Hadji,Ahmed,Grande Entreprise,Actif,Compte courant,37,Djelfa,BTPH,Crédit personnel,8.8,1143000.0,518700.0,10482000.0,457300.0,24,4.46,89.5,0.792,3,0,45,5,26.2,504700.0,76.6
BNA000203,Benyahia,Rachid,Particulier,Actif,Compte courant,65,Oran,Transport,Crédit d'exploitation,1.2,78300.0,33700.0,817000.0,36600.0,24,7.13,67.0,0.738,0,1,60,1,36.3,-116600.0,50.7
BNA000204,Djelloul,Walid,Particulier,Actif,Compte courant,56,Alger,Santé,Crédit d'exploitation,12.6,50400.0,22600.0,297000.0,7100.0,48,6.66,25.3,0.469,0,0,0,0,21.0,15000.0,163.7
BNA000205,Larbi,Oussama,Professionnel,Actif,Compte professionnel,26,Oran,Agriculture,Crédit d'exploitation,5.0,143700.0,51800.0,1446000.0,26600.0,72,9.75,16.1,0.661,0,0,0,1,11.3,616800.0,94.9
BNA000206,Nouri,Yacine,Particulier,Actif,Compte courant,47,Djelfa,Agriculture,Crédit immobilier,9.4,174800.0,28900.0,1133000.0,19600.0,72,7.6,7.0,0.991,0,0,0,0,32.1,96100.0,156.6
BNA000207,Chibani,Amine,PME,Actif,Compte épargne,64,Biskra,Transport,Crédit personnel,5.8,838600.0,571600.0,9223000.0,799500.0,12,7.34,74.7,0.081,0,0,45,0,35.6,632400.0,90.0
BNA000208,Larbi,Zakaria,Professionnel,Actif,Compte entreprise,26,Oran,Pharmacie,Crédit d'exploitation,3.4,123600.0,58700.0,1447000.0,20500.0,84,5.06,86.8,0.251,0,1,180,1,26.8,262000.0,15.7
BNA000209,Mansouri,Zakaria,Particulier,Actif,Compte courant,23,Annaba,Transport,Crédit d'exploitation,4.4,158700.0,54800.0,759000.0,34200.0,24,7.71,95.5,0.434,3,1,30,2,29.5,698800.0,102.2
BNA000210,Benali,Ilyes,Particulier,Actif,Compte professionnel,32,Blida,Industrie,Crédit d'investissement,16.3,75400.0,52100.0,432000.0,7600.0,72,8.31,78.2,0.588,0,1,90,1,41.7,51000.0,11.2
BNA000211,Djelloul,Anis,PME,Actif,Compte courant,29,Sétif,Industrie,Crédit d'exploitation,5.7,453300.0,277100.0,9610000.0,128700.0,84,3.4,24.8,0.637,4,2,90,5,20.7,-271700.0,76.6
BNA000212,Mebarki,Rachid,Particulier,Actif,Compte entreprise,57,Djelfa,Agriculture,Crédit immobilier,4.5,108200.0,42700.0,288000.0,6800.0,48,6.11,7.2,0.588,0,1,0,0,24.1,202600.0,60.2
BNA000213,Belkacem,Nassim,Particulier,Actif,Compte entreprise,38,Béjaïa,Commerce,Crédit d'exploitation,4.2,104800.0,51900.0,541000.0,15800.0,36,3.12,33.1,0.692,0,0,0,0,30.7,110800.0,113.9
BNA000214,Dahmani,Islam,Particulier,Actif,Compte courant,50,Sétif,BTPH,Crédit d'exploitation,7.5,227100.0,92100.0,3468000.0,65400.0,60,4.95,83.8,0.46,0,0,60,3,55.0,-243200.0,86.2
BNA000215,Nouri,Salim,PME,Inactif,Compte courant,26,Batna,Santé,Crédit d'exploitation,8.2,1715100.0,694100.0,19043000.0,352600.0,60,4.23,98.0,0.315,1,2,120,2,35.6,998000.0,85.9
BNA000216,Slimani,Amine,Grande Entreprise,Actif,Compte courant,26,Sétif,Pharmacie,Crédit équipement,10.8,635400.0,330100.0,3998000.0,61700.0,84,7.68,75.4,0.459,1,2,60,5,46.1,619000.0,50.2
BNA000217,Chibani,Nabil,Particulier,Actif,Compte courant,28,Sétif,Santé,Crédit d'exploitation,4.9,87200.0,30200.0,331000.0,6800.0,60,8.59,60.7,0.238,1,1,60,1,32.3,75300.0,109.7
BNA000218,Benali,Ibrahim,Particulier,Actif,Compte épargne,40,Biskra,Santé,Crédit d'exploitation,5.3,63800.0,16900.0,587000.0,10600.0,60,3.29,71.3,0.401,1,1,45,2,37.8,1800.0,64.2
BNA000219,Benali,Tarek,PME,Actif,Compte entreprise,64,Biskra,Services,Crédit d'exploitation,6.6,631000.0,370000.0,6235000.0,156700.0,48,9.53,70.9,0.6,1,1,120,4,34.0,214900.0,84.5
BNA000220,Yahiaoui,Youcef,PME,Actif,Compte courant,39,Annaba,BTPH,Crédit personnel,7.5,881800.0,274300.0,6394000.0,126300.0,60,6.89,35.9,0.805,0,0,0,0,33.3,2256400.0,71.2
BNA000221,Guediri,Abdelkader,Particulier,Actif,Compte épargne,23,Constantine,Services,Crédit immobilier,3.4,99900.0,42700.0,423000.0,8300.0,60,6.68,90.8,0.439,0,0,180,5,55.8,-75900.0,50.3
BNA000222,Dahmani,Samir,Particulier,Actif,Compte épargne,38,Sétif,BTPH,Crédit d'investissement,8.2,69200.0,27100.0,359000.0,7000.0,60,6.26,33.8,0.641,1,0,15,1,24.6,136400.0,122.0
BNA000223,Touati,Ahmed,Particulier,Actif,Compte épargne,56,Djelfa,Industrie,Crédit immobilier,11.0,57500.0,33800.0,485000.0,10200.0,60,9.62,67.7,0.274,2,1,45,2,62.8,84900.0,44.5
BNA000224,Mokhtar,Yacine,Particulier,Actif,Compte épargne,65,Biskra,Pharmacie,Crédit personnel,2.8,149200.0,86300.0,1875000.0,60700.0,36,10.17,69.4,0.585,1,2,90,0,44.7,94400.0,96.7
BNA000225,Gacem,Anis,Particulier,Actif,Compte épargne,27,Djelfa,Transport,Crédit équipement,3.9,169500.0,83500.0,777000.0,24000.0,36,7.11,80.4,0.746,0,1,45,0,55.3,154300.0,78.9
BNA000226,Cherif,Amine,Particulier,Actif,Compte épargne,60,Laghouat,Transport,Crédit personnel,14.1,77600.0,15000.0,532000.0,16800.0,36,8.47,59.6,0.628,1,0,0,1,19.7,185200.0,98.8
BNA000227,Guediri,Yacine,PME,Actif,Compte courant,26,Béjaïa,Commerce,Crédit d'exploitation,8.5,710900.0,460000.0,4487000.0,83900.0,60,4.63,66.6,0.243,2,3,90,3,62.3,535100.0,107.4
BNA000228,Chibani,Samir,PME,Actif,Compte épargne,27,Blida,Transport,Crédit personnel,7.9,853800.0,96000.0,3768000.0,58200.0,72,3.53,51.9,0.858,0,0,0,0,18.7,2528100.0,90.2
BNA000229,Rahmani,Amine,Particulier,Actif,Compte courant,33,Blida,BTPH,Crédit équipement,10.4,106700.0,83800.0,567000.0,17400.0,36,6.75,66.7,0.581,0,0,90,0,34.4,110500.0,56.5
BNA000230,Yahiaoui,Samir,Particulier,Actif,Compte entreprise,56,Oran,Agriculture,Crédit d'exploitation,9.2,81800.0,50600.0,1280000.0,18200.0,84,5.15,74.8,0.543,2,3,90,2,46.1,27000.0,81.8
BNA000231,Djelloul,Nabil,Particulier,Actif,Compte entreprise,56,Batna,Santé,Crédit d'exploitation,4.5,86600.0,26100.0,746000.0,24100.0,36,10.21,8.8,0.506,0,0,0,0,20.1,99200.0,126.5
BNA000232,Mansouri,Amine,Particulier,Actif,Compte professionnel,31,Alger,Industrie,Crédit personnel,13.2,46200.0,31500.0,459000.0,6300.0,84,3.98,64.4,0.147,0,2,30,2,24.4,-700.0,73.4
BNA000233,Mebarki,Ahmed,PME,Actif,Compte professionnel,25,Constantine,Santé,Crédit équipement,19.8,547200.0,290200.0,4014000.0,92700.0,48,5.14,78.7,0.242,2,2,10,3,45.8,425900.0,74.7
BNA000234,Yahiaoui,Salim,Particulier,Suspendu,Compte entreprise,26,Oran,Commerce,Crédit équipement,6.1,80000.0,37000.0,613000.0,27100.0,24,5.74,100.0,0.35,1,0,90,0,34.6,24700.0,80.1
BNA000235,Bensalem,Bilal,Professionnel,Actif,Compte courant,35,Laghouat,Industrie,Crédit d'exploitation,5.8,327500.0,124800.0,3346000.0,144400.0,24,3.41,75.5,0.639,5,0,45,3,51.0,725600.0,72.0
BNA000236,Belkacem,Amine,Particulier,Actif,Compte courant,56,Sétif,Services,Crédit d'exploitation,11.3,176100.0,100700.0,2677000.0,54500.0,60,8.14,82.2,0.149,3,0,120,1,30.8,609800.0,106.4
BNA000237,Dahmani,Ilyes,Particulier,Actif,Compte épargne,65,Laghouat,Commerce,Crédit personnel,9.5,105900.0,80900.0,496000.0,10500.0,60,9.75,75.0,0.3,4,1,180,1,35.6,49500.0,83.4
BNA000238,Hadji,Aymen,Particulier,Actif,Compte courant,28,Djelfa,Services,Crédit personnel,8.2,92900.0,43200.0,889000.0,16400.0,72,9.89,68.6,0.366,2,3,45,2,51.3,4300.0,54.0
BNA000239,Bensalem,Aymen,Particulier,Actif,Compte courant,29,Batna,Industrie,Crédit équipement,2.5,43600.0,32300.0,219000.0,6900.0,36,8.26,65.6,0.259,1,2,30,5,49.8,-58400.0,75.1
BNA000240,Touati,Abdelkader,PME,Actif,Compte entreprise,43,Sétif,Pharmacie,Crédit personnel,11.4,405100.0,257500.0,8413000.0,174700.0,60,9.02,94.4,0.118,1,0,45,1,23.7,-29600.0,51.1
BNA000241,Haddad,Tarek,Particulier,Actif,Compte professionnel,61,Oran,Pharmacie,Crédit équipement,15.4,103000.0,52400.0,673000.0,16300.0,48,7.74,71.9,0.219,1,0,5,2,34.0,39100.0,82.7
BNA000242,Meziane,Islam,Particulier,Actif,Compte épargne,61,Biskra,Industrie,Crédit d'investissement,4.7,82900.0,15000.0,657000.0,14900.0,48,4.35,19.4,0.711,3,0,0,0,27.7,292200.0,96.3
BNA000243,Djelloul,Tarek,Professionnel,Actif,Compte épargne,54,Alger,Pharmacie,Crédit immobilier,3.7,148800.0,68700.0,604000.0,17800.0,36,3.86,81.1,0.372,7,4,30,3,37.0,-61800.0,61.6
BNA000244,Cherif,Hichem,Particulier,Actif,Compte entreprise,50,Blida,Commerce,Crédit d'exploitation,5.9,63300.0,37400.0,403000.0,7900.0,60,6.72,91.3,0.688,3,0,60,2,48.5,121000.0,81.3
BNA000245,Meziane,Zakaria,PME,Actif,Compte entreprise,54,Sétif,BTPH,Crédit personnel,11.7,528100.0,398900.0,3214000.0,67500.0,60,9.47,96.9,0.326,0,1,5,1,74.0,367100.0,55.3
BNA000246,Benyahia,Zakaria,Particulier,Actif,Compte courant,45,Alger,BTPH,Crédit d'investissement,5.5,83100.0,29300.0,815000.0,20300.0,48,9.06,21.1,0.931,1,0,0,0,15.6,71800.0,123.0
BNA000247,Benyahia,Mourad,Particulier,Actif,Compte épargne,27,Annaba,BTPH,Crédit personnel,11.6,90300.0,33200.0,686000.0,21400.0,36,7.79,75.4,0.451,1,0,90,1,29.3,143500.0,35.3
BNA000248,Touati,Youcef,Particulier,Actif,Compte professionnel,31,Alger,Agriculture,Crédit d'exploitation,4.2,91200.0,49000.0,751000.0,23900.0,36,9.12,45.9,0.379,3,1,60,0,53.1,-31700.0,84.2
BNA000249,Mokhtar,Hichem,Professionnel,Actif,Compte épargne,44,Sétif,BTPH,Crédit équipement,11.0,248100.0,130000.0,1796000.0,32400.0,72,9.04,68.1,0.702,3,1,60,1,49.7,-178100.0,74.8
BNA000250,Gacem,Ilyes,PME,Actif,Compte courant,48,Alger,Santé,Crédit immobilier,0.9,943300.0,458000.0,5331000.0,244200.0,24,9.26,79.9,0.345,2,2,15,3,89.4,179400.0,84.9
BNA000251,Benyahia,Mourad,Professionnel,Actif,Compte courant,46,Blida,Commerce,Crédit d'investissement,4.8,279400.0,85800.0,4193000.0,65800.0,72,4.13,27.1,0.448,0,0,0,0,20.3,852000.0,130.3
BNA000252,Larbi,Walid,Particulier,Actif,Compte entreprise,37,Oran,Industrie,Crédit personnel,6.2,59900.0,43100.0,651000.0,12500.0,60,5.75,90.3,0.426,0,2,15,2,27.2,-3100.0,62.6
BNA000253,Chibani,Ilyes,Particulier,Actif,Compte professionnel,28,Sétif,Transport,Crédit équipement,7.1,112300.0,75800.0,1075000.0,25100.0,48,5.61,53.9,0.414,2,1,60,2,57.2,-16800.0,75.7
BNA000254,Mokhtar,Islam,PME,Actif,Compte courant,28,Oran,BTPH,Crédit personnel,1.6,275700.0,119300.0,1527000.0,36600.0,48,7.1,83.7,0.844,2,1,30,0,48.2,511300.0,61.0
BNA000255,Meziane,Kamel,Particulier,Actif,Compte courant,44,Oran,Agriculture,Crédit équipement,2.8,115800.0,80800.0,1160000.0,37200.0,36,9.6,54.7,0.386,3,0,0,2,22.3,113300.0,73.8
BNA000256,Chibani,Oussama,Professionnel,Actif,Compte entreprise,65,Sétif,Services,Crédit immobilier,5.8,77600.0,44200.0,830000.0,13000.0,72,4.08,82.7,0.85,1,1,60,3,35.9,126100.0,74.0
BNA000257,Amrani,Riad,Particulier,Inactif,Compte entreprise,32,Annaba,Services,Crédit personnel,3.4,74100.0,15000.0,380000.0,7000.0,72,9.72,17.3,0.754,0,0,0,0,28.7,285800.0,137.6
BNA000258,Hadji,Samir,Particulier,Actif,Compte courant,58,Biskra,Agriculture,Crédit d'exploitation,12.0,77100.0,15000.0,460000.0,14500.0,36,8.53,25.3,0.752,0,0,0,0,7.0,93200.0,126.6
BNA000259,Rahmani,Oussama,Particulier,Actif,Compte courant,59,Tlemcen,Santé,Crédit d'investissement,8.1,108500.0,70600.0,622000.0,11800.0,60,5.1,72.1,0.274,2,1,60,1,40.6,110600.0,36.0
BNA000260,Gacem,Abdelkader,Particulier,Actif,Compte courant,29,Djelfa,Santé,Crédit d'exploitation,12.7,36400.0,27400.0,200000.0,5900.0,36,3.62,74.7,0.796,1,1,150,2,62.9,9200.0,82.4
BNA000261,Meziane,Ilyes,Particulier,Actif,Compte professionnel,32,Béjaïa,Industrie,Crédit d'investissement,11.8,73300.0,21100.0,506000.0,23300.0,24,9.63,21.8,0.701,0,0,0,0,7.8,39200.0,93.7
BNA000262,Zerrouki,Karim,Professionnel,Actif,Compte entreprise,39,Sétif,Commerce,Crédit personnel,5.5,271000.0,114500.0,2612000.0,80200.0,36,6.64,79.8,0.723,2,2,10,1,48.4,-37000.0,66.0
BNA000263,Mokhtar,Abdelkader,Particulier,Actif,Compte entreprise,56,Tlemcen,BTPH,Crédit d'investissement,3.6,130800.0,25700.0,1950000.0,33200.0,72,6.97,2.0,0.857,0,0,0,0,24.3,158300.0,122.7
BNA000264,Saidi,Ibrahim,Particulier,Actif,Compte professionnel,53,Laghouat,BTPH,Crédit d'exploitation,6.3,116500.0,47200.0,828000.0,21000.0,48,9.92,94.5,0.603,4,1,30,3,40.2,22700.0,49.1
BNA000265,Belaid,Ilyes,PME,Actif,Compte courant,45,Oran,Transport,Crédit personnel,4.1,1400100.0,556000.0,12286000.0,225900.0,60,3.93,69.3,0.567,2,0,60,1,44.4,226300.0,35.2
BNA000266,Belkacem,Aymen,Professionnel,Actif,Compte courant,59,Laghouat,Santé,Crédit d'exploitation,10.0,247300.0,114500.0,3897000.0,118200.0,36,5.78,74.2,0.496,0,1,30,1,28.9,-45300.0,75.8
BNA000267,Benali,Ahmed,Particulier,Actif,Compte courant,30,Djelfa,BTPH,Crédit d'exploitation,6.0,52400.0,15000.0,372000.0,6800.0,72,9.35,15.7,0.939,0,0,0,0,12.0,200600.0,27.8
BNA000268,Meziane,Nabil,Professionnel,Actif,Compte épargne,63,Constantine,Pharmacie,Crédit d'exploitation,16.0,233400.0,167700.0,2116000.0,63800.0,36,5.39,86.2,0.365,2,2,120,1,29.8,190100.0,36.8
BNA000269,Mansouri,Samir,Particulier,Actif,Compte courant,45,Alger,Industrie,Crédit personnel,9.3,76700.0,33000.0,318000.0,7600.0,48,6.77,80.6,0.395,2,1,150,1,29.7,-124200.0,42.4
BNA000270,Dahmani,Nabil,Grande Entreprise,Actif,Compte entreprise,61,Sétif,Pharmacie,Crédit personnel,3.2,1760000.0,1124600.0,9818000.0,241900.0,48,8.47,58.6,0.338,1,1,5,1,56.3,-140300.0,62.7
BNA000271,Slimani,Aymen,Particulier,Actif,Compte courant,60,Laghouat,Services,Crédit d'exploitation,5.9,59000.0,33300.0,828000.0,14800.0,72,8.63,64.5,0.239,0,1,15,3,50.7,-31300.0,49.0
BNA000272,Benali,Islam,Particulier,Actif,Compte épargne,37,Oran,BTPH,Crédit d'exploitation,3.1,164400.0,70800.0,1514000.0,26700.0,72,8.23,39.7,0.714,0,0,0,0,15.0,295600.0,41.9
BNA000273,Hadji,Ahmed,PME,Actif,Compte courant,65,Blida,Commerce,Crédit équipement,4.1,1202800.0,210500.0,6151000.0,280400.0,24,8.77,39.3,0.516,0,0,0,0,25.3,3923000.0,139.4
BNA000274,Gacem,Ilyes,Grande Entreprise,Actif,Compte professionnel,56,Biskra,BTPH,Crédit personnel,20.0,1756700.0,424400.0,4276000.0,91300.0,60,10.23,45.1,0.974,1,0,0,0,10.0,2818500.0,145.7
BNA000275,Amrani,Bilal,Particulier,Actif,Compte courant,64,Djelfa,Transport,Crédit d'exploitation,6.4,137100.0,31200.0,1189000.0,30300.0,48,10.24,17.2,0.859,1,0,0,0,29.6,502600.0,125.3
BNA000276,Meziane,Bilal,Particulier,Actif,Compte épargne,56,Béjaïa,Agriculture,Crédit personnel,10.0,42100.0,15000.0,285000.0,9200.0,36,9.7,25.9,0.577,0,0,0,1,19.9,161900.0,112.0
BNA000277,Touati,Anis,PME,Actif,Compte professionnel,47,Blida,Pharmacie,Crédit d'exploitation,3.7,796900.0,293800.0,6795000.0,99400.0,84,6.04,100.0,0.503,4,0,45,0,58.4,388300.0,131.5
BNA000278,Mokhtar,Youcef,PME,Actif,Compte professionnel,39,Laghouat,Agriculture,Crédit d'investissement,20.0,430900.0,190100.0,11261000.0,186500.0,72,5.97,85.3,0.281,4,2,15,2,44.5,331200.0,78.9
BNA000279,Cherif,Riad,Particulier,Actif,Compte entreprise,36,Annaba,Pharmacie,Crédit personnel,10.1,188700.0,114100.0,1806000.0,55200.0,36,6.34,85.4,0.567,2,0,45,4,63.4,244000.0,93.7
BNA000280,Mebarki,Ibrahim,Particulier,Actif,Compte courant,64,Oran,Services,Crédit d'investissement,16.0,75300.0,56500.0,454000.0,7000.0,72,3.3,72.3,0.598,0,1,15,3,41.3,116300.0,106.6
BNA000281,Guediri,Ibrahim,Particulier,Actif,Compte courant,52,Laghouat,BTPH,Crédit d'investissement,7.6,80500.0,48500.0,1002000.0,25600.0,48,10.46,78.4,0.618,3,0,60,1,54.7,7700.0,51.1
BNA000282,Touati,Tarek,Particulier,Actif,Compte épargne,46,Annaba,BTPH,Crédit d'exploitation,6.9,146100.0,81600.0,3192000.0,76900.0,48,7.34,80.2,0.247,2,2,0,4,36.1,-6800.0,84.8
BNA000283,Nouri,Ilyes,Grande Entreprise,Actif,Compte épargne,31,Oran,Transport,Crédit personnel,4.3,1784100.0,945500.0,7400000.0,120200.0,84,9.31,88.1,0.216,1,1,45,3,62.2,2568000.0,44.7
BNA000284,Brahimi,Walid,PME,Actif,Compte courant,56,Annaba,BTPH,Crédit personnel,18.2,675400.0,193800.0,7214000.0,224200.0,36,7.43,28.1,0.749,0,1,10,0,4.0,2042800.0,78.3
BNA000285,Touati,Anis,Particulier,Actif,Compte épargne,36,Batna,Commerce,Crédit immobilier,15.9,86900.0,50500.0,523000.0,15900.0,36,5.97,64.0,0.316,1,0,150,4,33.2,-73600.0,64.4
BNA000286,Mokhtar,Abdelkader,Particulier,Actif,Compte courant,42,Constantine,Commerce,Crédit équipement,4.6,100700.0,47700.0,736000.0,21800.0,36,4.14,82.4,0.117,3,0,30,1,33.5,-34800.0,125.9
BNA000287,Larbi,Youcef,Particulier,Actif,Compte professionnel,26,Biskra,Pharmacie,Crédit personnel,6.7,116300.0,57500.0,1830000.0,36300.0,60,7.04,89.5,0.348,2,0,90,5,62.1,-247400.0,61.9
BNA000288,Nouri,Adel,Professionnel,Actif,Compte épargne,25,Sétif,Industrie,Crédit personnel,3.8,116300.0,25700.0,819000.0,20100.0,48,8.18,42.5,0.81,0,0,30,0,20.2,527600.0,106.8
BNA000289,Brahimi,Hichem,Professionnel,Actif,Compte courant,65,Blida,Services,Crédit d'exploitation,10.4,267300.0,118400.0,2566000.0,61600.0,48,7.09,77.5,0.713,2,1,5,4,45.8,-243700.0,92.0
BNA000290,Haddad,Bilal,Particulier,Actif,Compte épargne,50,Annaba,Services,Crédit immobilier,5.7,86600.0,47600.0,448000.0,8200.0,72,9.57,70.6,0.567,3,0,15,2,64.1,-85900.0,57.5
BNA000291,Chibani,Samir,PME,Actif,Compte courant,54,Constantine,Santé,Crédit d'investissement,5.3,527700.0,62000.0,5140000.0,227200.0,24,5.73,29.4,0.892,0,0,0,0,14.8,953500.0,91.6
BNA000292,Amrani,Yacine,Particulier,Actif,Compte entreprise,45,Biskra,Transport,Crédit d'investissement,10.1,138200.0,23100.0,1294000.0,21900.0,72,6.79,28.1,0.794,1,0,0,1,23.9,188400.0,47.4
BNA000293,Touati,Hichem,Particulier,Actif,Compte courant,24,Laghouat,Transport,Crédit personnel,14.7,134400.0,45100.0,1347000.0,27100.0,60,7.7,26.8,0.716,0,1,0,0,17.0,459400.0,141.7
BNA000294,Dahmani,Ibrahim,Particulier,Actif,Compte entreprise,59,Béjaïa,BTPH,Crédit d'exploitation,9.8,37800.0,15000.0,490000.0,9000.0,60,3.7,22.8,0.672,0,1,0,0,28.2,81500.0,181.3
BNA000295,Hadji,Kamel,Professionnel,Actif,Compte professionnel,60,Alger,Pharmacie,Crédit immobilier,14.2,401900.0,48100.0,12464000.0,206900.0,72,6.05,21.9,0.844,0,0,0,1,12.3,1237200.0,55.9
BNA000296,Zerrouki,Walid,PME,Actif,Compte épargne,26,Alger,Commerce,Crédit d'investissement,19.2,852200.0,115200.0,9099000.0,159300.0,72,7.95,55.7,0.903,1,0,0,0,7.4,2673900.0,47.6
BNA000297,Amrani,Aymen,PME,Actif,Compte courant,59,Oran,Commerce,Crédit personnel,4.1,771300.0,184100.0,9184000.0,277500.0,36,5.55,28.2,0.856,0,0,0,0,28.1,1474300.0,108.2
BNA000298,Belkacem,Adel,Grande Entreprise,Actif,Compte courant,51,Laghouat,BTPH,Crédit immobilier,3.1,2447900.0,1034600.0,10825000.0,263500.0,48,7.84,55.0,1.0,0,0,0,0,35.2,6485100.0,101.0
BNA000299,Belkacem,Kamel,PME,Actif,Compte épargne,44,Laghouat,Services,Crédit d'investissement,6.5,437000.0,288600.0,3436000.0,108800.0,36,8.71,63.6,0.822,1,1,0,2,60.0,-299200.0,92.2
BNA000300,Brahimi,Samir,Particulier,Actif,Compte courant,57,Blida,Pharmacie,Crédit personnel,5.5,176500.0,65600.0,1237000.0,17300.0,84,4.67,16.0,0.478,0,0,0,1,30.3,385500.0,82.0
BNA000301,Zerrouki,Amine,Particulier,Actif,Compte courant,31,Djelfa,Pharmacie,Crédit immobilier,5.1,65500.0,22800.0,492000.0,12200.0,48,8.7,94.8,0.71,0,0,15,1,45.0,31000.0,69.8
BNA000302,Slimani,Amine,Professionnel,Actif,Compte courant,35,Blida,Services,Crédit équipement,11.2,120300.0,47500.0,1685000.0,30500.0,72,9.11,54.9,0.255,0,1,30,2,59.2,24500.0,78.6
BNA000303,Guediri,Sofiane,Particulier,Inactif,Compte entreprise,28,Biskra,BTPH,Crédit immobilier,2.8,109400.0,68500.0,1823000.0,45800.0,48,9.49,71.2,0.42,1,0,5,0,55.7,-17900.0,69.5
BNA000304,Nouri,Adel,Particulier,Actif,Compte courant,29,Biskra,Services,Crédit d'investissement,5.5,98900.0,55200.0,692000.0,13100.0,60,5.07,51.3,0.442,3,0,5,4,34.1,-54500.0,119.6
BNA000305,Touati,Yacine,Grande Entreprise,Actif,Compte épargne,48,Blida,Commerce,Crédit équipement,7.4,936200.0,144900.0,5170000.0,107800.0,60,9.18,23.2,0.783,0,0,0,1,15.2,2891900.0,93.0
BNA000306,Khelifi,Imad,Professionnel,Actif,Compte entreprise,58,Tlemcen,Transport,Crédit personnel,8.1,209700.0,113600.0,2619000.0,80700.0,36,6.89,76.4,0.555,9,0,45,1,41.4,9100.0,42.1
BNA000307,Brahimi,Youcef,Particulier,Actif,Compte courant,45,Alger,Services,Crédit personnel,6.8,80700.0,40600.0,469000.0,9600.0,60,8.56,58.5,0.576,2,2,90,0,40.1,4000.0,59.0
BNA000308,Saidi,Salim,Particulier,Actif,Compte courant,25,Sétif,Santé,Crédit immobilier,6.4,75200.0,51200.0,409000.0,9300.0,48,4.47,61.9,0.286,3,0,30,5,39.6,38400.0,51.4
BNA000309,Larbi,Riad,Particulier,Actif,Compte courant,61,Djelfa,Agriculture,Crédit d'exploitation,4.1,35000.0,20100.0,325000.0,5200.0,72,4.44,75.4,0.575,2,1,60,1,38.4,-24900.0,83.4
BNA000310,Haddad,Islam,PME,Actif,Compte épargne,53,Annaba,Santé,Crédit d'exploitation,8.0,275200.0,81800.0,1569000.0,49400.0,36,8.28,50.4,0.872,0,0,0,1,21.8,505500.0,98.2
BNA000311,Djelloul,Samir,PME,Actif,Compte courant,51,Béjaïa,Agriculture,Crédit d'investissement,20.0,1133300.0,731200.0,6059000.0,88500.0,84,6.01,83.0,0.397,5,1,60,4,27.9,156400.0,70.9
BNA000312,Gacem,Bilal,Particulier,Actif,Compte entreprise,54,Annaba,Transport,Crédit personnel,9.6,147500.0,99200.0,1246000.0,26100.0,60,9.45,72.0,0.2,0,0,120,2,47.2,70900.0,62.5
BNA000313,Mansouri,Mohamed,PME,Suspendu,Compte entreprise,63,Batna,Agriculture,Crédit équipement,5.3,901700.0,557700.0,11373000.0,208600.0,72,9.63,91.2,0.685,0,0,60,0,42.4,-395400.0,65.7
BNA000314,Hadji,Amine,PME,Actif,Compte courant,30,Laghouat,BTPH,Crédit personnel,5.8,305400.0,129700.0,1485000.0,37900.0,48,10.32,75.6,0.234,0,1,15,1,42.4,-88100.0,46.6
BNA000315,Benyahia,Zakaria,PME,Actif,Compte épargne,34,Béjaïa,Services,Crédit d'investissement,4.0,622500.0,488200.0,3018000.0,74000.0,48,8.22,75.1,0.501,0,0,30,4,28.6,149100.0,68.9
BNA000316,Benyahia,Youcef,Professionnel,Actif,Compte courant,63,Oran,Pharmacie,Crédit personnel,4.1,233900.0,166400.0,1399000.0,22900.0,72,5.56,76.6,0.172,1,2,180,0,45.5,-229900.0,65.4
BNA000317,Djelloul,Nabil,Professionnel,Actif,Compte épargne,65,Sétif,Agriculture,Crédit d'exploitation,13.3,267200.0,163100.0,1969000.0,38500.0,60,6.43,68.2,0.565,1,0,90,4,39.5,-232000.0,50.8
BNA000318,Slimani,Samir,Particulier,Actif,Compte épargne,36,Laghouat,BTPH,Crédit personnel,13.3,40900.0,15000.0,462000.0,10700.0,48,5.34,86.8,0.41,3,2,90,1,40.9,-15900.0,44.6
BNA000319,Guediri,Riad,PME,Actif,Compte entreprise,57,Blida,Santé,Crédit personnel,9.6,302500.0,194100.0,1263000.0,108200.0,12,5.2,80.6,0.0,2,1,180,0,43.5,-236600.0,63.8
BNA000320,Guediri,Ilyes,Particulier,Actif,Compte épargne,52,Annaba,Commerce,Crédit immobilier,5.5,137500.0,71900.0,1115000.0,48500.0,24,4.26,90.4,0.376,3,2,30,2,56.7,-209600.0,97.6
BNA000321,Zerrouki,Yacine,Particulier,Actif,Compte courant,30,Sétif,BTPH,Crédit personnel,6.6,96000.0,53500.0,1528000.0,31500.0,60,8.73,57.2,0.3,3,2,30,1,40.8,-186500.0,77.2
BNA000322,Touati,Kamel,Professionnel,Actif,Compte professionnel,44,Sétif,Agriculture,Crédit équipement,7.4,159200.0,102600.0,1067000.0,17300.0,72,5.24,66.4,0.462,1,0,0,1,56.1,-40100.0,89.8
BNA000323,Benyahia,Farid,Professionnel,Actif,Compte professionnel,45,Tlemcen,Commerce,Crédit immobilier,1.9,105000.0,79100.0,502000.0,12300.0,48,8.12,70.5,0.547,1,0,30,0,44.2,-104200.0,39.3
BNA000324,Bensalem,Riad,PME,Actif,Compte professionnel,23,Laghouat,Agriculture,Crédit personnel,6.9,269800.0,61700.0,2016000.0,29500.0,84,6.06,49.3,0.656,0,0,0,0,12.8,699000.0,114.0
BNA000325,Larbi,Walid,Professionnel,Actif,Compte épargne,58,Oran,Santé,Crédit immobilier,5.1,99000.0,74300.0,1311000.0,26800.0,60,8.31,83.1,0.236,0,1,30,0,47.8,156800.0,76.2
BNA000326,Belaid,Sofiane,Particulier,Actif,Compte professionnel,32,Batna,Industrie,Crédit immobilier,2.3,161500.0,80400.0,1439000.0,33300.0,48,5.31,64.8,0.313,3,1,30,0,27.4,-37500.0,64.7
BNA000327,Zerrouki,Islam,Grande Entreprise,Actif,Compte courant,58,Béjaïa,Commerce,Crédit personnel,4.5,1584800.0,1040900.0,5887000.0,180400.0,36,6.5,75.2,0.51,1,0,150,1,37.6,-2046400.0,64.8
BNA000328,Larbi,Kamel,PME,Actif,Compte entreprise,24,Biskra,Commerce,Crédit d'investissement,4.6,2017600.0,1561500.0,21870000.0,995000.0,24,8.59,61.8,0.241,0,0,30,1,46.7,2568600.0,47.9
BNA000329,Ferhat,Imad,Particulier,Actif,Compte épargne,38,Sétif,BTPH,Crédit immobilier,4.4,40700.0,15400.0,388000.0,6100.0,72,4.22,25.6,0.838,0,0,0,0,18.3,2900.0,105.5
BNA000330,Benali,Amine,Particulier,Actif,Compte courant,25,Alger,Transport,Crédit d'investissement,9.6,140000.0,24100.0,2334000.0,59300.0,48,10.1,62.1,0.808,0,0,0,0,14.9,717300.0,122.5
BNA000331,Cherif,Mourad,Professionnel,Actif,Compte entreprise,44,Tlemcen,Industrie,Crédit d'exploitation,9.2,284100.0,171400.0,3082000.0,90000.0,36,3.3,76.0,0.803,1,2,5,2,25.0,143100.0,54.6
BNA000332,Mansouri,Oussama,PME,Actif,Compte courant,42,Alger,Industrie,Crédit immobilier,2.8,892100.0,437500.0,6425000.0,95600.0,84,6.57,68.5,0.099,0,1,45,1,46.1,510800.0,53.2
BNA000333,Cherif,Abdelkader,Professionnel,Actif,Compte courant,28,Annaba,Transport,Crédit d'exploitation,2.5,555300.0,237200.0,8358000.0,189600.0,48,4.24,19.8,0.525,0,0,0,0,24.1,522200.0,105.6
BNA000334,Ferhat,Mourad,Professionnel,Actif,Compte épargne,61,Blida,Santé,Crédit d'investissement,6.2,128600.0,86800.0,1357000.0,19500.0,84,5.52,100.0,0.193,1,2,15,1,41.8,-153600.0,103.9
BNA000335,Khelifi,Anis,Particulier,Actif,Compte épargne,63,Sétif,Transport,Crédit personnel,5.4,75100.0,42100.0,346000.0,30200.0,12,8.63,87.6,0.508,1,4,30,2,60.0,81100.0,81.3
BNA000336,Zerrouki,Rachid,Particulier,Actif,Compte professionnel,35,Oran,Santé,Crédit d'investissement,7.3,68100.0,15000.0,501000.0,12500.0,48,9.05,47.2,0.845,1,0,0,0,38.4,251300.0,89.2
BNA000337,Mebarki,Bilal,Particulier,Actif,Compte épargne,57,Annaba,Pharmacie,Crédit d'investissement,12.9,90700.0,57400.0,936000.0,15700.0,84,10.41,16.0,0.819,0,0,0,0,22.7,38300.0,105.6
BNA000338,Belaid,Riad,Particulier,Actif,Compte entreprise,28,Oran,Industrie,Crédit personnel,3.5,60300.0,35100.0,332000.0,6800.0,60,8.27,88.2,0.743,1,1,10,1,44.4,60800.0,116.9
BNA000339,Hadji,Farid,Professionnel,Actif,Compte courant,54,Djelfa,Santé,Crédit d'investissement,6.6,131400.0,28500.0,794000.0,25200.0,36,8.83,27.7,0.873,0,1,0,0,24.6,375400.0,164.8
BNA000340,Touati,Nassim,PME,Actif,Compte épargne,41,Annaba,Pharmacie,Crédit personnel,9.2,434900.0,275900.0,3549000.0,67000.0,60,5.0,66.7,0.766,7,2,5,1,26.2,203300.0,69.4
BNA000341,Larbi,Mohamed,Particulier,Actif,Compte courant,31,Tlemcen,Agriculture,Crédit équipement,1.0,62500.0,15000.0,848000.0,74700.0,12,10.36,26.9,0.813,0,0,0,0,36.6,96100.0,32.8
BNA000342,Ferhat,Riad,Grande Entreprise,Actif,Compte courant,61,Constantine,Santé,Crédit d'investissement,8.5,987400.0,656700.0,4179000.0,98700.0,48,6.29,100.0,0.411,3,1,90,1,35.1,-1099400.0,60.1
BNA000343,Ferhat,Abdelkader,Particulier,Actif,Compte courant,40,Tlemcen,Agriculture,Crédit équipement,3.3,56700.0,16700.0,335000.0,7000.0,60,9.18,72.1,0.599,0,0,0,0,29.1,140100.0,145.4
BNA000344,Mokhtar,Ahmed,Particulier,Actif,Compte professionnel,50,Béjaïa,Commerce,Crédit équipement,7.5,83700.0,15000.0,1246000.0,17100.0,84,4.18,29.0,0.901,0,0,0,1,33.9,228800.0,165.7
BNA000345,Cherif,Riad,Particulier,Actif,Compte épargne,33,Tlemcen,Commerce,Crédit d'exploitation,6.0,89300.0,33700.0,952000.0,18100.0,60,5.25,27.7,0.91,0,0,0,1,11.1,144000.0,129.8
BNA000346,Mebarki,Ibrahim,Particulier,Actif,Compte professionnel,33,Djelfa,Commerce,Crédit d'investissement,5.0,185000.0,55900.0,656000.0,13200.0,60,7.64,81.0,0.466,0,0,60,2,35.0,78300.0,70.3
BNA000347,Djelloul,Mohamed,Particulier,Actif,Compte épargne,51,Annaba,BTPH,Crédit d'exploitation,5.7,100500.0,44900.0,1235000.0,18800.0,84,7.2,80.6,0.359,1,0,150,0,48.4,201700.0,62.7
BNA000348,Meziane,Adel,Particulier,Actif,Compte courant,61,Béjaïa,Agriculture,Crédit équipement,6.7,55100.0,19500.0,406000.0,7400.0,72,9.26,87.4,0.478,1,1,60,4,25.3,-15700.0,75.4
BNA000349,Amrani,Oussama,Particulier,Actif,Compte courant,58,Batna,BTPH,Crédit d'investissement,8.7,35000.0,23600.0,200000.0,4900.0,48,7.69,95.7,0.007,3,0,15,0,60.7,30900.0,69.0
BNA000350,Benyahia,Adel,Particulier,Actif,Compte professionnel,23,Blida,Services,Crédit personnel,4.0,98100.0,24000.0,1317000.0,32700.0,48,8.86,19.9,0.71,1,0,0,1,21.9,148600.0,65.3
BNA000351,Chibani,Adel,Professionnel,Actif,Compte épargne,55,Tlemcen,Agriculture,Crédit personnel,8.2,368000.0,38400.0,10397000.0,209500.0,60,7.73,39.3,0.838,1,0,0,0,19.7,417900.0,84.2
BNA000352,Belkacem,Amine,Professionnel,Actif,Compte courant,39,Biskra,Commerce,Crédit d'exploitation,11.4,144400.0,80100.0,1634000.0,21700.0,84,3.11,94.6,0.207,0,1,120,5,38.7,-161300.0,60.2
BNA000353,Dahmani,Adel,Particulier,Actif,Compte courant,35,Oran,Services,Crédit personnel,5.6,128600.0,85100.0,779000.0,14200.0,60,3.46,83.1,0.363,0,1,60,2,18.2,193400.0,56.0
BNA000354,Saidi,Anis,PME,Actif,Compte courant,40,Laghouat,Commerce,Crédit d'investissement,2.9,283600.0,71500.0,3135000.0,58000.0,60,4.21,24.1,0.736,0,0,10,0,16.4,477500.0,5.5
BNA000355,Benali,Yacine,Particulier,Actif,Compte courant,51,Béjaïa,Industrie,Crédit d'investissement,5.0,83500.0,24600.0,778000.0,15600.0,60,7.66,13.9,0.655,0,0,0,0,28.0,75100.0,171.3
BNA000356,Saidi,Yacine,PME,Actif,Compte professionnel,26,Biskra,Agriculture,Crédit d'investissement,2.8,574500.0,214300.0,3954000.0,180800.0,24,9.11,40.9,0.598,0,0,0,0,17.4,1173700.0,119.0
BNA000357,Ferhat,Ilyes,Particulier,Actif,Compte courant,38,Annaba,BTPH,Crédit d'exploitation,5.4,98000.0,36100.0,598000.0,11400.0,60,5.47,86.8,0.783,1,0,60,1,62.6,-142800.0,71.8
BNA000358,Slimani,Zakaria,Particulier,Actif,Compte courant,55,Djelfa,BTPH,Crédit équipement,5.0,153000.0,91200.0,2162000.0,66900.0,36,7.12,100.0,0.197,0,1,45,1,43.2,-162100.0,61.2
BNA000359,Benali,Oussama,Particulier,Actif,Compte professionnel,55,Blida,Agriculture,Crédit d'investissement,9.6,81100.0,15000.0,815000.0,17200.0,60,9.64,22.6,0.61,0,0,0,0,31.9,-8600.0,151.0
BNA000360,Boudiaf,Anis,Particulier,Actif,Compte courant,50,Laghouat,Agriculture,Crédit d'exploitation,3.6,111400.0,91800.0,1031000.0,18800.0,60,3.59,68.7,0.607,2,1,120,1,56.3,-42700.0,89.5
BNA000361,Haddad,Sofiane,Particulier,Actif,Compte entreprise,61,Batna,Industrie,Crédit d'investissement,3.9,243900.0,48500.0,646000.0,9100.0,84,4.8,35.6,0.737,2,0,0,1,32.3,716100.0,76.9
BNA000362,Rahmani,Tarek,Particulier,Actif,Compte professionnel,23,Batna,Transport,Crédit immobilier,14.8,74100.0,28900.0,1398000.0,33800.0,48,7.54,20.3,0.677,0,0,0,0,25.6,282200.0,50.0
BNA000363,Gacem,Tarek,Particulier,Actif,Compte professionnel,55,Constantine,Agriculture,Crédit d'exploitation,2.9,106800.0,57600.0,670000.0,12400.0,60,4.25,80.7,0.251,0,0,90,1,38.3,-8300.0,79.4
BNA000364,Larbi,Mourad,Particulier,Actif,Compte professionnel,42,Biskra,Commerce,Crédit équipement,14.4,86700.0,41600.0,705000.0,10100.0,84,5.5,73.7,0.49,1,0,60,3,48.3,-6200.0,60.6
BNA000365,Zerrouki,Walid,Particulier,Actif,Compte professionnel,42,Blida,Pharmacie,Crédit d'investissement,1.8,38700.0,24700.0,297000.0,7000.0,48,5.86,63.9,0.282,0,0,5,1,43.9,9000.0,65.1
BNA000366,Mebarki,Amine,Professionnel,Actif,Compte épargne,33,Sétif,Industrie,Crédit immobilier,9.8,179800.0,126200.0,2145000.0,188500.0,12,9.88,74.6,0.71,3,1,90,2,55.1,-35500.0,42.4
BNA000367,Khelifi,Rachid,PME,Actif,Compte courant,48,Laghouat,Pharmacie,Crédit d'investissement,3.1,1333200.0,701100.0,11186000.0,263800.0,48,6.22,62.2,0.224,3,1,5,5,54.1,-609700.0,65.5
BNA000368,Ferhat,Amine,PME,Actif,Compte courant,43,Tlemcen,Commerce,Crédit d'investissement,3.2,844600.0,577500.0,6399000.0,115500.0,60,3.19,74.8,0.509,3,1,30,2,37.7,778500.0,69.1
BNA000369,Boudiaf,Oussama,PME,Actif,Compte épargne,60,Oran,Agriculture,Crédit d'exploitation,4.9,1145400.0,846000.0,7015000.0,157400.0,48,3.67,62.0,0.155,1,2,90,3,36.8,-1531600.0,73.3
BNA000370,Chibani,Aymen,PME,Actif,Compte épargne,39,Batna,Commerce,Crédit équipement,7.1,1695900.0,977000.0,5863000.0,258100.0,24,5.35,33.2,0.666,1,0,10,0,22.0,4529100.0,98.6
BNA000371,Chibani,Ahmed,Particulier,Actif,Compte épargne,41,Blida,Santé,Crédit d'investissement,6.5,219900.0,124500.0,1696000.0,41400.0,48,8.03,83.7,0.54,2,0,5,2,50.4,273300.0,54.7
BNA000372,Zerrouki,Mourad,Grande Entreprise,Actif,Compte épargne,47,Djelfa,Transport,Crédit équipement,9.0,2903900.0,1861200.0,5401000.0,247900.0,24,9.49,75.2,0.521,3,0,30,2,65.3,-891600.0,34.8
BNA000373,Meziane,Mourad,Particulier,Suspendu,Compte courant,55,Djelfa,Transport,Crédit d'exploitation,13.0,106900.0,51100.0,383000.0,6200.0,84,9.06,29.2,0.618,0,0,0,0,4.0,336100.0,103.5
BNA000374,Chibani,Youcef,PME,Actif,Compte courant,24,Laghouat,Transport,Crédit d'investissement,6.5,296200.0,197000.0,1254000.0,18900.0,84,7.02,57.1,0.587,1,2,45,0,34.1,-288000.0,36.3
BNA000375,Nouri,Aymen,Particulier,Actif,Compte épargne,56,Batna,Pharmacie,Crédit personnel,15.0,91300.0,48500.0,618000.0,52500.0,12,3.57,79.3,0.428,1,1,45,5,29.6,-27300.0,89.3
BNA000376,Brahimi,Tarek,PME,Actif,Compte entreprise,47,Blida,Santé,Crédit personnel,1.9,446600.0,201300.0,2189000.0,55600.0,48,10.03,83.2,0.761,2,1,45,1,54.0,26300.0,46.2
BNA000377,Belaid,Aymen,PME,Actif,Compte courant,29,Biskra,Transport,Crédit d'investissement,14.8,872300.0,511300.0,4589000.0,103700.0,48,4.05,75.7,0.232,1,0,150,6,56.0,195400.0,57.3
BNA000378,Amrani,Mourad,PME,Inactif,Compte entreprise,48,Biskra,Santé,Crédit équipement,11.1,602000.0,346700.0,7847000.0,247900.0,36,8.56,58.0,0.552,3,1,30,2,46.3,646400.0,58.3
BNA000379,Brahimi,Yacine,Grande Entreprise,Actif,Compte professionnel,47,Sétif,Agriculture,Crédit immobilier,10.6,1355800.0,307400.0,4422000.0,141600.0,36,9.49,20.4,0.794,0,0,0,0,8.1,2370000.0,92.9
BNA000380,Brahimi,Bilal,Professionnel,Actif,Compte épargne,44,Biskra,Santé,Crédit équipement,1.8,150500.0,101300.0,2452000.0,34500.0,84,4.87,76.0,0.26,0,1,120,0,39.0,-48300.0,117.7
BNA000381,Larbi,Nabil,Particulier,Actif,Compte épargne,35,Oran,Transport,Crédit immobilier,5.1,63900.0,26600.0,681000.0,11400.0,72,6.27,12.1,0.899,0,0,10,2,29.5,168600.0,101.0
BNA000382,Chibani,Mohamed,Grande Entreprise,Actif,Compte professionnel,52,Batna,Agriculture,Crédit d'exploitation,4.9,1325900.0,558800.0,6230000.0,148400.0,48,6.72,85.0,0.443,2,2,180,5,52.1,-486100.0,67.9
BNA000383,Slimani,Kamel,Particulier,Actif,Compte courant,46,Alger,Services,Crédit immobilier,2.8,56700.0,29800.0,315000.0,9600.0,36,6.41,95.6,0.259,0,2,90,1,30.1,-43800.0,55.6
BNA000384,Benali,Karim,Professionnel,Actif,Compte courant,50,Laghouat,Pharmacie,Crédit d'exploitation,10.2,174800.0,98400.0,1431000.0,28800.0,60,7.7,81.4,0.331,2,0,30,2,39.8,-171400.0,26.5
BNA000385,Boudiaf,Zakaria,Particulier,Actif,Compte courant,40,Blida,Transport,Crédit personnel,10.7,182700.0,37900.0,1303000.0,26600.0,60,8.32,21.9,0.854,0,0,15,1,23.3,261200.0,40.6
BNA000386,Guediri,Walid,Particulier,Actif,Compte épargne,42,Constantine,Transport,Crédit d'exploitation,2.4,66100.0,15000.0,376000.0,10900.0,36,3.04,57.7,0.918,1,0,0,0,23.6,73500.0,117.9
BNA000387,Mansouri,Bilal,Particulier,Actif,Compte professionnel,29,Tlemcen,Transport,Crédit d'investissement,8.8,76500.0,34000.0,504000.0,8500.0,84,10.32,62.9,0.439,4,1,30,1,37.2,23000.0,62.9
BNA000388,Haddad,Nassim,Particulier,Actif,Compte courant,50,Sétif,Commerce,Crédit d'investissement,2.7,88500.0,15000.0,398000.0,8200.0,60,8.76,9.8,0.848,0,0,0,0,18.9,267800.0,93.1
BNA000389,Amrani,Oussama,Particulier,Actif,Compte épargne,62,Oran,BTPH,Crédit d'investissement,3.8,35100.0,24300.0,311000.0,9800.0,36,8.58,83.3,0.626,3,4,30,2,63.6,-33100.0,132.1
BNA000390,Mansouri,Ilyes,Particulier,Inactif,Compte entreprise,51,Blida,Pharmacie,Crédit personnel,8.9,115000.0,19300.0,1338000.0,30400.0,48,4.36,24.9,0.861,0,0,0,0,29.2,121300.0,97.4
BNA000391,Yahiaoui,Rachid,Particulier,Actif,Compte entreprise,60,Béjaïa,Agriculture,Crédit d'exploitation,12.2,118000.0,26500.0,1035000.0,20500.0,60,7.06,42.9,0.953,0,0,15,0,10.5,139400.0,107.4
BNA000392,Khelifi,Yacine,Particulier,Actif,Compte courant,49,Béjaïa,Industrie,Crédit d'exploitation,9.4,57900.0,30900.0,496000.0,14500.0,36,3.26,71.3,0.628,1,1,15,2,37.1,31400.0,49.5
BNA000393,Amrani,Sofiane,Grande Entreprise,Actif,Compte courant,31,Biskra,Santé,Crédit d'exploitation,8.5,1019200.0,266700.0,2551000.0,45800.0,72,8.85,30.4,0.79,0,0,0,0,12.7,3878200.0,114.8
BNA000394,Cherif,Bilal,PME,Actif,Compte professionnel,36,Alger,Agriculture,Crédit d'investissement,7.6,454100.0,238700.0,2771000.0,45500.0,72,5.69,99.9,0.176,4,2,5,3,48.5,-658300.0,77.7
BNA000395,Guediri,Aymen,PME,Actif,Compte courant,35,Tlemcen,Pharmacie,Crédit d'investissement,12.0,789100.0,191100.0,6818000.0,118400.0,72,7.66,20.6,0.576,0,0,0,0,15.2,1277900.0,68.3
BNA000396,Larbi,Samir,PME,Actif,Compte courant,40,Biskra,Pharmacie,Crédit personnel,4.3,926900.0,147000.0,10160000.0,463800.0,24,8.92,15.6,0.822,0,0,0,0,40.6,3064200.0,140.1
BNA000397,Benali,Salim,PME,Actif,Compte courant,31,Tlemcen,Industrie,Crédit immobilier,15.8,648900.0,149900.0,7181000.0,106900.0,84,6.58,28.8,0.863,0,0,0,0,27.2,2312100.0,43.8
BNA000398,Dahmani,Farid,Particulier,Actif,Compte courant,32,Tlemcen,BTPH,Crédit immobilier,10.2,35000.0,15000.0,369000.0,6400.0,72,7.86,24.0,0.891,0,0,0,0,12.6,80400.0,137.2
BNA000399,Ferhat,Rachid,PME,Actif,Compte courant,38,Biskra,Santé,Crédit d'exploitation,12.4,509000.0,293700.0,2831000.0,65000.0,48,4.83,86.8,0.649,2,0,150,2,40.4,-516700.0,47.6
BNA000400,Hadji,Imad,Particulier,Actif,Compte courant,59,Alger,Services,Crédit immobilier,1.5,94500.0,28000.0,423000.0,6700.0,84,8.44,77.0,0.885,1,1,60,1,52.0,54100.0,53.6
BNA000401,Hadji,Oussama,Professionnel,Actif,Compte courant,40,Tlemcen,Industrie,Crédit immobilier,20.0,196300.0,69600.0,2419000.0,39800.0,72,5.72,48.8,0.074,3,1,5,0,21.9,-12800.0,67.2
BNA000402,Zerrouki,Yacine,PME,Actif,Compte courant,26,Annaba,Industrie,Crédit personnel,13.8,675300.0,328900.0,1929000.0,39900.0,60,8.84,86.7,0.195,0,3,120,1,52.9,-23100.0,96.2
BNA000403,Yahiaoui,Abdelkader,Particulier,Actif,Compte épargne,61,Oran,Services,Crédit équipement,5.4,154900.0,101800.0,584000.0,9300.0,72,4.57,48.0,0.443,1,2,15,0,35.6,-38500.0,76.5
BNA000404,Benali,Kamel,Professionnel,Actif,Compte professionnel,26,Laghouat,Commerce,Crédit d'exploitation,8.3,181700.0,46000.0,1158000.0,18700.0,72,5.07,22.2,0.732,0,0,0,1,18.4,326100.0,109.9
BNA000405,Yahiaoui,Ahmed,Particulier,Actif,Compte épargne,51,Biskra,BTPH,Crédit d'investissement,6.6,84000.0,18200.0,494000.0,7800.0,84,8.52,25.4,0.576,0,0,0,1,11.2,228700.0,36.8
BNA000406,Larbi,Ahmed,Professionnel,Actif,Compte entreprise,38,Béjaïa,Agriculture,Crédit immobilier,3.4,83900.0,38900.0,621000.0,8300.0,84,3.47,75.8,0.249,3,1,0,3,74.9,30400.0,13.8
BNA000407,Djelloul,Sofiane,Particulier,Actif,Compte courant,45,Blida,BTPH,Crédit d'exploitation,9.8,154600.0,36500.0,572000.0,18500.0,36,10.03,71.8,0.59,2,5,30,4,53.1,-106100.0,61.3
BNA000408,Belkacem,Riad,Particulier,Actif,Compte courant,29,Laghouat,BTPH,Crédit d'exploitation,6.7,97100.0,54300.0,401000.0,7500.0,60,4.84,86.6,0.268,2,1,15,1,37.9,-97400.0,74.9
BNA000409,Mokhtar,Yacine,Particulier,Actif,Compte courant,27,Annaba,Pharmacie,Crédit immobilier,7.8,181300.0,105200.0,1254000.0,19900.0,84,8.51,59.2,0.315,1,2,150,3,35.4,-31400.0,23.0
BNA000410,Zerrouki,Nassim,Particulier,Actif,Compte entreprise,58,Batna,Agriculture,Crédit d'exploitation,1.2,187100.0,93400.0,899000.0,22800.0,48,10.1,62.3,0.277,0,0,180,1,55.1,-107700.0,70.7
BNA000411,Chibani,Nassim,Particulier,Inactif,Compte courant,46,Djelfa,Services,Crédit personnel,5.2,146000.0,46600.0,2556000.0,49400.0,60,5.99,50.3,0.791,0,0,0,0,17.2,401000.0,158.1
BNA000412,Slimani,Bilal,PME,Actif,Compte courant,42,Djelfa,Services,Crédit d'investissement,3.1,604100.0,293900.0,5574000.0,177600.0,36,9.15,90.8,0.672,1,0,120,0,64.5,914600.0,102.3
BNA000413,Benali,Tarek,Particulier,Actif,Compte courant,43,Tlemcen,Transport,Crédit d'investissement,3.3,149100.0,81800.0,1978000.0,168400.0,12,3.98,88.4,0.339,2,3,60,2,40.1,41000.0,118.9
BNA000414,Benyahia,Kamel,Particulier,Actif,Compte courant,59,Djelfa,Industrie,Crédit personnel,3.1,120700.0,26000.0,1160000.0,21100.0,60,3.55,30.3,0.591,0,0,10,2,13.5,398200.0,87.2
BNA000415,Zerrouki,Riad,Particulier,Actif,Compte épargne,58,Blida,Industrie,Crédit d'exploitation,5.1,88800.0,40100.0,349000.0,10800.0,36,7.37,66.1,0.258,1,2,90,1,31.1,181300.0,72.8
BNA000416,Amrani,Amine,Particulier,Actif,Compte courant,58,Blida,Santé,Crédit d'investissement,7.2,98000.0,64800.0,830000.0,12200.0,84,6.11,53.2,0.128,2,0,180,1,26.3,15300.0,41.6
BNA000417,Slimani,Anis,Professionnel,Actif,Compte courant,25,Batna,Industrie,Crédit d'investissement,11.3,448500.0,48100.0,10123000.0,254200.0,48,9.48,31.6,0.819,0,0,15,0,17.5,-311400.0,89.7
BNA000418,Gacem,Yacine,Particulier,Actif,Compte courant,50,Blida,Pharmacie,Crédit d'investissement,7.3,232600.0,106100.0,1031000.0,25700.0,48,9.03,77.1,0.509,5,2,90,2,61.0,-142800.0,113.4
BNA000419,Gacem,Samir,Professionnel,Actif,Compte courant,48,Blida,BTPH,Crédit équipement,2.0,90500.0,19400.0,1509000.0,66100.0,24,4.85,35.1,0.522,0,0,0,0,21.4,358800.0,58.9
BNA000420,Khelifi,Riad,Particulier,Actif,Compte épargne,48,Alger,Services,Crédit personnel,6.5,82100.0,25700.0,1100000.0,16400.0,84,6.6,57.5,0.142,4,0,120,1,54.5,-204200.0,69.9
BNA000421,Guediri,Abdelkader,PME,Actif,Compte courant,39,Djelfa,Pharmacie,Crédit d'exploitation,6.6,864700.0,500000.0,14403000.0,430900.0,36,4.89,77.8,0.303,0,1,120,0,28.7,117500.0,113.6
BNA000422,Haddad,Karim,PME,Actif,Compte épargne,58,Alger,Santé,Crédit d'exploitation,8.4,767900.0,607300.0,6460000.0,145300.0,48,3.8,81.1,0.779,0,0,30,3,40.5,91100.0,97.6
BNA000423,Zerrouki,Hichem,Particulier,Actif,Compte professionnel,65,Tlemcen,BTPH,Crédit d'exploitation,16.6,102300.0,50400.0,929000.0,19000.0,60,8.37,74.6,0.476,5,3,45,1,41.2,132800.0,61.4
BNA000424,Belkacem,Nassim,PME,Actif,Compte entreprise,53,Sétif,Industrie,Crédit équipement,4.3,695200.0,261300.0,8107000.0,360100.0,24,6.21,83.9,0.678,0,1,30,1,53.3,-276800.0,90.3
BNA000425,Chibani,Ahmed,Particulier,Actif,Compte courant,44,Annaba,Pharmacie,Crédit équipement,5.4,116100.0,70000.0,355000.0,8300.0,48,5.63,68.2,0.472,0,1,60,3,65.8,149800.0,71.8
BNA000426,Mansouri,Karim,PME,Actif,Compte courant,33,Oran,Services,Crédit d'investissement,3.3,579900.0,76400.0,5567000.0,175600.0,36,8.45,38.7,0.606,0,1,0,0,20.8,3248000.0,76.8
BNA000427,Gacem,Riad,PME,Actif,Compte entreprise,52,Constantine,Agriculture,Crédit immobilier,7.1,843800.0,521600.0,5258000.0,449400.0,12,4.69,66.9,0.496,2,0,30,3,36.1,514700.0,65.0
BNA000428,Larbi,Imad,Particulier,Actif,Compte courant,62,Blida,Commerce,Crédit immobilier,5.2,108800.0,59700.0,816000.0,18400.0,48,3.88,64.6,0.351,1,1,90,1,46.0,99300.0,56.7
BNA000429,Rahmani,Mourad,Particulier,Actif,Compte épargne,24,Blida,Services,Crédit équipement,8.4,90200.0,61600.0,542000.0,10900.0,60,7.64,46.4,0.254,2,0,30,1,55.5,84100.0,88.2
BNA000430,Nouri,Abdelkader,Professionnel,Actif,Compte courant,44,Béjaïa,Commerce,Crédit d'investissement,8.3,180600.0,48900.0,1954000.0,37900.0,60,6.1,39.5,0.771,0,0,15,0,14.2,297100.0,143.4
BNA000431,Belkacem,Anis,Professionnel,Actif,Compte courant,60,Constantine,Services,Crédit personnel,1.8,261500.0,152200.0,2991000.0,90900.0,36,5.93,58.8,0.492,0,2,45,4,34.8,-158900.0,42.4
BNA000432,Belkacem,Abdelkader,Particulier,Actif,Compte épargne,27,Alger,Services,Crédit immobilier,9.6,74600.0,42700.0,549000.0,12400.0,48,4.1,77.0,0.244,1,0,90,5,42.4,145200.0,31.1
BNA000433,Khelifi,Rachid,Particulier,Actif,Compte épargne,27,Sétif,BTPH,Crédit d'investissement,20.0,41300.0,15000.0,316000.0,5700.0,72,9.08,51.2,0.866,0,0,0,0,14.0,133200.0,34.9
BNA000434,Chibani,Mourad,PME,Actif,Compte épargne,43,Annaba,Services,Crédit immobilier,7.6,355200.0,213400.0,1790000.0,77300.0,24,3.52,60.8,0.208,2,2,150,2,39.0,37600.0,59.7
BNA000435,Djelloul,Bilal,Grande Entreprise,Actif,Compte courant,43,Sétif,Transport,Crédit d'investissement,4.7,1043200.0,221400.0,22798000.0,437600.0,60,5.7,40.6,0.703,1,0,0,0,26.1,4390400.0,124.1
BNA000436,Djelloul,Abdelkader,Particulier,Actif,Compte courant,60,Blida,Commerce,Crédit équipement,4.2,94400.0,43300.0,986000.0,22300.0,48,4.17,60.2,0.752,5,0,0,5,19.6,-166400.0,68.2
BNA000437,Khelifi,Imad,Particulier,Actif,Compte courant,31,Béjaïa,Agriculture,Crédit immobilier,4.5,86900.0,64400.0,613000.0,18700.0,36,6.08,67.5,0.594,1,3,30,2,73.8,195100.0,57.1
BNA000438,Meziane,Ahmed,Particulier,Actif,Compte courant,39,Blida,Santé,Crédit d'exploitation,6.8,103600.0,74400.0,532000.0,16900.0,36,8.77,70.9,0.343,3,1,150,2,33.3,-130300.0,74.6
BNA000439,Cherif,Youcef,Particulier,Actif,Compte épargne,33,Alger,Industrie,Crédit équipement,8.6,90600.0,39800.0,975000.0,21900.0,48,3.65,80.3,0.753,0,3,60,0,41.9,-8100.0,68.3
BNA000440,Khelifi,Nassim,Professionnel,Actif,Compte courant,63,Béjaïa,Industrie,Crédit équipement,7.3,127400.0,23700.0,1090000.0,25500.0,48,5.71,34.0,0.847,0,0,0,2,16.1,468300.0,155.0
BNA000441,Mansouri,Samir,Particulier,Actif,Compte entreprise,44,Batna,Santé,Crédit personnel,4.2,167300.0,85500.0,2245000.0,68800.0,36,6.52,80.9,0.523,4,1,90,1,15.2,75200.0,57.0
BNA000442,Bensalem,Oussama,Particulier,Actif,Compte courant,52,Oran,Santé,Crédit personnel,4.4,198100.0,115200.0,2109000.0,62400.0,36,4.19,55.0,0.452,0,0,180,1,33.9,213500.0,53.2
BNA000443,Slimani,Yacine,Particulier,Actif,Compte courant,46,Blida,Santé,Crédit immobilier,4.0,71900.0,34400.0,218000.0,5100.0,48,5.61,71.9,0.276,0,1,120,0,52.6,70900.0,98.2
BNA000444,Belkacem,Ilyes,PME,Actif,Compte épargne,25,Sétif,Industrie,Crédit immobilier,9.1,601800.0,419500.0,5014000.0,120100.0,48,7.03,91.5,0.382,0,0,60,3,26.8,-302300.0,55.1
BNA000445,Hadji,Bilal,Particulier,Actif,Compte professionnel,46,Tlemcen,BTPH,Crédit d'investissement,4.9,131900.0,90900.0,2250000.0,47500.0,60,9.76,60.2,0.559,0,0,180,1,57.7,41100.0,72.7
BNA000446,Brahimi,Hichem,PME,Actif,Compte professionnel,46,Alger,Agriculture,Crédit immobilier,3.4,611900.0,386800.0,3369000.0,76600.0,48,4.38,100.0,0.649,0,0,0,1,40.2,60000.0,87.9
BNA000447,Hadji,Hichem,Particulier,Actif,Compte entreprise,29,Djelfa,Industrie,Crédit équipement,16.8,214800.0,140400.0,745000.0,18400.0,48,8.57,92.4,0.358,2,2,60,0,46.8,-56900.0,74.9
BNA000448,Amrani,Tarek,Particulier,Actif,Compte courant,37,Alger,Agriculture,Crédit d'exploitation,17.6,60200.0,33900.0,534000.0,10000.0,60,4.83,58.9,0.093,1,1,180,0,25.7,30700.0,24.7
BNA000449,Mokhtar,Abdelkader,Professionnel,Actif,Compte courant,54,Biskra,Agriculture,Crédit d'exploitation,2.9,195600.0,66300.0,2303000.0,71500.0,36,7.37,18.7,0.645,0,0,0,1,4.0,306400.0,84.8
BNA000450,Guediri,Ahmed,Particulier,Actif,Compte courant,24,Sétif,Commerce,Crédit personnel,3.5,109400.0,67500.0,1066000.0,24000.0,48,3.92,81.5,0.7,4,2,120,7,56.0,12900.0,73.6
BNA000451,Belaid,Aymen,PME,Actif,Compte entreprise,33,Béjaïa,Agriculture,Crédit d'investissement,18.4,879600.0,165400.0,5259000.0,237200.0,24,7.74,37.3,0.894,0,1,0,0,30.1,2207000.0,135.3
BNA000452,Amrani,Abdelkader,Professionnel,Actif,Compte courant,58,Biskra,Transport,Crédit personnel,2.7,137700.0,24800.0,614000.0,11500.0,60,4.69,43.5,0.764,0,0,0,0,23.8,372700.0,151.8
BNA000453,Nouri,Kamel,Particulier,Actif,Compte courant,25,Djelfa,BTPH,Crédit personnel,3.8,132100.0,89900.0,575000.0,13300.0,48,5.25,65.3,0.799,2,3,120,1,32.0,377500.0,52.2
BNA000454,Guediri,Youcef,Particulier,Actif,Compte entreprise,35,Djelfa,Transport,Crédit personnel,15.1,127100.0,62800.0,740000.0,22000.0,36,4.54,72.1,0.408,0,2,30,4,21.6,-198200.0,40.6
BNA000455,Cherif,Riad,Particulier,Actif,Compte épargne,55,Laghouat,Industrie,Crédit équipement,2.5,48700.0,31200.0,200000.0,4200.0,60,9.39,64.0,0.534,1,1,90,2,45.5,35100.0,64.1
BNA000456,Gacem,Youcef,Particulier,Actif,Compte courant,50,Batna,Commerce,Crédit d'exploitation,2.2,135600.0,22800.0,936000.0,23000.0,48,8.27,47.1,0.805,0,0,0,0,27.6,278700.0,139.3
BNA000457,Amrani,Ibrahim,Professionnel,Suspendu,Compte professionnel,65,Béjaïa,Santé,Crédit d'investissement,7.1,135700.0,86300.0,3577000.0,161500.0,24,7.82,75.7,0.796,1,0,45,0,47.1,24400.0,47.0
BNA000458,Bensalem,Mohamed,PME,Actif,Compte courant,49,Biskra,Industrie,Crédit personnel,4.5,414200.0,255800.0,3115000.0,63000.0,60,7.88,42.2,0.213,1,0,0,3,32.6,404500.0,61.9
BNA000459,Touati,Adel,Particulier,Actif,Compte courant,57,Djelfa,Industrie,Crédit d'investissement,9.9,84200.0,53100.0,442000.0,9100.0,60,8.68,55.4,0.698,3,1,45,0,42.8,101000.0,59.8
BNA000460,Gacem,Islam,PME,Inactif,Compte courant,64,Constantine,Industrie,Crédit équipement,4.0,291200.0,182700.0,2725000.0,68300.0,48,9.36,56.0,0.311,2,0,0,0,43.2,-357700.0,111.1
BNA000461,Amrani,Imad,PME,Actif,Compte entreprise,41,Béjaïa,Transport,Crédit d'exploitation,1.6,690900.0,400200.0,3414000.0,82700.0,48,7.59,79.7,0.397,0,0,45,1,55.6,440500.0,77.2
BNA000462,Benyahia,Ahmed,Professionnel,Actif,Compte épargne,39,Djelfa,BTPH,Crédit d'exploitation,14.4,127000.0,38900.0,3030000.0,46400.0,84,7.42,37.5,0.808,0,0,10,0,8.8,81100.0,77.9
BNA000463,Nouri,Tarek,Professionnel,Actif,Compte épargne,45,Alger,Santé,Crédit immobilier,4.7,255800.0,97800.0,1972000.0,87000.0,24,5.55,83.6,0.227,3,0,30,1,19.2,231900.0,80.7
BNA000464,Touati,Nabil,Professionnel,Actif,Compte professionnel,65,Sétif,Services,Crédit personnel,6.9,324300.0,208400.0,3857000.0,121300.0,36,8.25,90.0,0.336,1,2,60,4,34.3,-44100.0,57.0
BNA000465,Rahmani,Zakaria,Particulier,Actif,Compte professionnel,65,Sétif,Services,Crédit d'exploitation,3.7,155100.0,98000.0,606000.0,10900.0,60,3.07,79.6,0.786,4,0,10,0,57.6,-44600.0,34.1
BNA000466,Yahiaoui,Rachid,Particulier,Actif,Compte professionnel,37,Alger,Transport,Crédit d'exploitation,5.2,48900.0,28000.0,707000.0,12100.0,72,7.27,50.8,0.324,1,1,30,2,40.6,22400.0,83.0
BNA000467,Djelloul,Zakaria,PME,Actif,Compte courant,51,Batna,Industrie,Crédit personnel,2.3,410800.0,294700.0,1973000.0,33800.0,72,7.15,75.2,0.278,1,1,180,1,54.1,251700.0,41.0
BNA000468,Mebarki,Sofiane,PME,Actif,Compte courant,32,Batna,BTPH,Crédit d'investissement,2.1,828900.0,581900.0,3743000.0,118400.0,36,8.63,49.6,0.419,0,0,15,3,47.1,396000.0,53.8
BNA000469,Brahimi,Mohamed,Particulier,Actif,Compte professionnel,38,Sétif,Pharmacie,Crédit immobilier,10.2,89400.0,37600.0,504000.0,9300.0,60,3.97,82.3,0.661,2,1,30,2,33.0,-56400.0,57.6
BNA000470,Guediri,Mourad,Grande Entreprise,Actif,Compte épargne,60,Djelfa,Services,Crédit d'exploitation,2.8,4370100.0,1462700.0,19892000.0,332500.0,84,10.22,51.6,0.42,1,0,0,1,15.0,7098300.0,88.9
BNA000471,Mokhtar,Tarek,Particulier,Actif,Compte courant,23,Blida,Pharmacie,Crédit immobilier,4.5,99000.0,69000.0,769000.0,16500.0,60,10.35,81.1,0.183,1,1,120,1,43.8,-132800.0,40.7
BNA000472,Guediri,Bilal,Grande Entreprise,Actif,Compte entreprise,33,Alger,Agriculture,Crédit immobilier,4.7,592500.0,349200.0,3387000.0,66400.0,60,6.61,66.4,0.566,1,0,45,1,68.7,341000.0,95.8
BNA000473,Rahmani,Riad,Particulier,Actif,Compte courant,52,Oran,Commerce,Crédit d'exploitation,3.0,115400.0,46500.0,963000.0,30400.0,36,8.43,66.3,0.736,0,0,10,0,17.1,40100.0,139.8
BNA000474,Yahiaoui,Youcef,Particulier,Actif,Compte entreprise,28,Constantine,BTPH,Crédit immobilier,3.2,96200.0,36900.0,1621000.0,48400.0,36,4.69,83.9,0.745,1,1,180,1,53.3,-59200.0,0.0
BNA000475,Guediri,Hichem,Particulier,Actif,Compte courant,39,Béjaïa,Santé,Crédit immobilier,2.0,85900.0,15000.0,531000.0,16000.0,36,5.49,24.8,0.96,0,0,0,0,36.7,159400.0,68.8
BNA000476,Mebarki,Youcef,Particulier,Actif,Compte entreprise,44,Oran,Agriculture,Crédit personnel,8.3,138300.0,113600.0,645000.0,13000.0,60,7.74,80.9,0.683,2,0,150,3,36.9,10600.0,90.1
BNA000477,Bensalem,Ilyes,Particulier,Actif,Compte courant,35,Biskra,Santé,Crédit d'exploitation,6.7,38200.0,21300.0,232000.0,3900.0,72,6.92,67.2,0.417,2,1,150,1,53.9,-13000.0,53.2
BNA000478,Mebarki,Zakaria,Particulier,Actif,Compte courant,33,Annaba,Pharmacie,Crédit personnel,8.9,119400.0,58900.0,1273000.0,23600.0,60,4.33,82.5,0.541,3,1,30,1,62.5,77100.0,97.7
BNA000479,Benali,Zakaria,Particulier,Actif,Compte courant,45,Oran,Services,Crédit d'exploitation,12.8,160100.0,101500.0,1109000.0,48900.0,24,5.5,64.1,0.092,1,2,90,0,42.9,-66000.0,74.1
BNA000480,Khelifi,Nabil,Particulier,Actif,Compte épargne,40,Béjaïa,Pharmacie,Crédit personnel,6.3,130800.0,56600.0,1157000.0,28400.0,48,8.36,74.8,0.145,3,2,45,0,81.7,65500.0,52.4
BNA000481,Touati,Ilyes,Particulier,Actif,Compte épargne,25,Sétif,Agriculture,Crédit immobilier,6.7,42400.0,17200.0,401000.0,7600.0,60,5.35,70.3,0.088,1,1,45,2,55.5,27500.0,87.8
BNA000482,Zerrouki,Karim,Professionnel,Actif,Compte entreprise,61,Laghouat,Agriculture,Crédit d'investissement,6.3,90600.0,24600.0,1286000.0,24600.0,60,5.51,48.8,0.52,0,0,10,0,31.7,342500.0,123.3
BNA000483,Benali,Walid,Particulier,Actif,Compte épargne,27,Djelfa,Services,Crédit d'exploitation,10.9,114100.0,74300.0,1079000.0,26500.0,48,8.25,88.2,0.155,0,3,45,0,27.2,-66400.0,51.4
BNA000484,Khelifi,Nassim,Particulier,Actif,Compte épargne,53,Constantine,Transport,Crédit immobilier,7.0,126200.0,75900.0,1640000.0,30100.0,60,3.9,89.8,0.045,1,1,60,0,29.5,-34900.0,63.0
BNA000485,Zerrouki,Zakaria,PME,Actif,Compte professionnel,51,Batna,Industrie,Crédit d'exploitation,9.7,254100.0,60100.0,1826000.0,27700.0,84,7.2,81.0,0.671,1,2,60,1,29.7,-16700.0,31.7
BNA000486,Hadji,Oussama,Particulier,Actif,Compte courant,30,Sétif,Commerce,Crédit d'exploitation,4.2,67500.0,15000.0,291000.0,4700.0,72,5.14,31.2,0.648,0,0,0,0,23.7,126200.0,93.7
BNA000487,Hadji,Kamel,PME,Actif,Compte courant,34,Tlemcen,Pharmacie,Crédit personnel,2.1,1084400.0,709600.0,10991000.0,163400.0,84,6.53,71.9,0.181,2,2,150,2,55.5,571800.0,55.3
BNA000488,Belkacem,Anis,Particulier,Actif,Compte professionnel,61,Annaba,Pharmacie,Crédit d'investissement,3.5,45000.0,26900.0,815000.0,12100.0,84,6.55,100.0,0.432,1,0,60,2,53.9,-74600.0,120.5
BNA000489,Slimani,Ibrahim,Particulier,Actif,Compte entreprise,56,Batna,Agriculture,Crédit personnel,8.5,130100.0,18800.0,779000.0,16600.0,60,10.24,27.9,0.83,0,0,0,1,8.7,415900.0,122.0
BNA000490,Gacem,Ibrahim,Professionnel,Actif,Compte épargne,33,Constantine,Pharmacie,Crédit personnel,7.2,111800.0,44900.0,985000.0,17500.0,72,8.44,83.2,0.805,3,0,15,0,34.1,-34800.0,108.3
BNA000491,Saidi,Sofiane,Particulier,Actif,Compte professionnel,59,Djelfa,Commerce,Crédit équipement,6.2,84700.0,63700.0,473000.0,11000.0,48,5.72,75.3,0.316,1,3,5,0,40.0,-63900.0,88.5
BNA000492,Slimani,Aymen,Particulier,Inactif,Compte professionnel,36,Constantine,Commerce,Crédit d'investissement,12.9,49500.0,16000.0,538000.0,9000.0,84,10.3,22.1,0.708,0,0,0,1,26.4,40700.0,60.3
BNA000493,Bensalem,Yacine,PME,Actif,Compte professionnel,63,Annaba,Pharmacie,Crédit d'exploitation,10.9,1475700.0,574700.0,17494000.0,525300.0,36,5.12,77.3,0.223,1,1,15,3,28.8,3076200.0,34.6
BNA000494,Guediri,Yacine,Particulier,Actif,Compte entreprise,56,Blida,Services,Crédit immobilier,10.0,155600.0,53700.0,3001000.0,132000.0,24,5.22,33.6,0.583,1,0,0,0,17.0,319200.0,138.3
BNA000495,Rahmani,Sofiane,Particulier,Actif,Compte courant,59,Oran,Agriculture,Crédit personnel,5.7,197500.0,28100.0,2004000.0,49400.0,48,8.53,28.4,0.904,0,0,5,0,4.0,404900.0,47.6
BNA000496,Cherif,Zakaria,Particulier,Actif,Compte courant,51,Constantine,Industrie,Crédit d'exploitation,2.1,63100.0,28700.0,764000.0,66600.0,12,8.52,95.0,0.356,3,1,45,4,25.5,-10100.0,70.1
BNA000497,Slimani,Mourad,Particulier,Actif,Compte courant,34,Blida,Commerce,Crédit personnel,4.9,55500.0,36800.0,589000.0,12400.0,60,9.5,59.9,0.404,3,2,120,0,40.5,16100.0,102.6
BNA000498,Mokhtar,Adel,Particulier,Actif,Compte entreprise,28,Biskra,Transport,Crédit d'exploitation,16.7,78300.0,39700.0,974000.0,44000.0,24,7.94,86.4,0.517,3,0,30,2,33.7,79400.0,75.6
BNA000499,Chibani,Ilyes,Particulier,Actif,Compte professionnel,55,Blida,BTPH,Crédit personnel,15.0,58100.0,30900.0,1013000.0,30300.0,36,4.9,72.2,0.384,1,0,15,2,63.3,-43400.0,67.7
BNA000500,Hadji,Anis,Particulier,Actif,Compte épargne,64,Djelfa,Services,Crédit d'investissement,11.8,76400.0,52200.0,364000.0,10700.0,36,3.63,85.3,0.288,4,1,60,2,49.7,24200.0,43.1
BNA000501,Larbi,Aymen,Particulier,Actif,Compte entreprise,37,Annaba,Industrie,Crédit personnel,0.9,131400.0,101200.0,2088000.0,28000.0,84,3.46,87.9,0.323,1,1,10,2,51.8,31300.0,86.3
BNA000502,Chibani,Nabil,Professionnel,Inactif,Compte courant,59,Tlemcen,Commerce,Crédit d'exploitation,6.0,77500.0,30600.0,734000.0,21900.0,36,4.81,78.5,0.42,1,1,10,3,28.6,83300.0,68.3
BNA000503,Belaid,Mohamed,Grande Entreprise,Inactif,Compte épargne,55,Batna,BTPH,Crédit immobilier,9.7,2024800.0,601400.0,9422000.0,188900.0,60,7.53,14.8,0.76,0,1,0,1,23.1,6438900.0,146.4
BNA000504,Hadji,Nassim,Particulier,Actif,Compte courant,52,Béjaïa,Commerce,Crédit équipement,12.2,98300.0,31100.0,788000.0,15500.0,60,6.8,32.1,0.983,0,0,5,0,4.0,430900.0,94.7
BNA000505,Saidi,Kamel,PME,Actif,Compte courant,34,Béjaïa,BTPH,Crédit personnel,3.9,1075800.0,148700.0,5074000.0,220100.0,24,3.9,37.7,0.88,0,0,0,0,24.2,4363500.0,109.3
BNA000506,Benali,Amine,PME,Inactif,Compte courant,44,Oran,Commerce,Crédit équipement,1.9,423300.0,156000.0,3958000.0,71700.0,72,9.17,72.3,0.565,2,2,15,2,38.8,-3600.0,57.5
BNA000507,Boudiaf,Hichem,Professionnel,Actif,Compte professionnel,28,Djelfa,BTPH,Crédit d'investissement,5.2,267500.0,182100.0,1713000.0,33100.0,60,5.98,44.1,0.444,6,1,60,1,62.3,-22000.0,82.3
BNA000508,Slimani,Kamel,Particulier,Actif,Compte professionnel,60,Constantine,Pharmacie,Crédit équipement,7.6,147300.0,62700.0,1127000.0,20600.0,72,9.48,77.1,0.484,1,1,30,2,34.5,32700.0,72.1
BNA000509,Ferhat,Nabil,PME,Actif,Compte courant,42,Annaba,Pharmacie,Crédit d'investissement,2.6,360200.0,148800.0,1696000.0,32800.0,60,6.07,61.2,0.602,1,1,30,1,35.9,47400.0,66.6
BNA000510,Mokhtar,Riad,Grande Entreprise,Actif,Compte courant,28,Biskra,BTPH,Crédit immobilier,0.8,2731500.0,1559800.0,10302000.0,144900.0,84,4.85,78.1,0.672,6,1,45,1,52.6,691000.0,37.6
BNA000511,Meziane,Salim,Professionnel,Actif,Compte épargne,63,Alger,Commerce,Crédit personnel,6.3,104600.0,50200.0,687000.0,31100.0,24,8.2,82.1,0.307,0,1,30,1,41.6,181400.0,70.0
BNA000512,Larbi,Tarek,Particulier,Actif,Compte professionnel,64,Biskra,Commerce,Crédit personnel,2.7,135900.0,31500.0,1694000.0,34100.0,60,7.74,29.2,0.956,0,1,0,1,19.1,198600.0,89.5
BNA000513,Belkacem,Walid,Particulier,Actif,Compte épargne,37,Blida,BTPH,Crédit d'investissement,5.1,186300.0,101200.0,1037000.0,19700.0,60,5.18,63.8,0.348,2,0,10,3,62.3,295500.0,53.9
BNA000514,Slimani,Tarek,PME,Actif,Compte courant,54,Annaba,Pharmacie,Crédit équipement,7.9,318800.0,98200.0,653000.0,20400.0,36,7.86,42.8,0.862,0,0,0,1,25.6,1321700.0,52.2
BNA000515,Boudiaf,Adel,PME,Actif,Compte épargne,38,Annaba,Pharmacie,Crédit immobilier,11.0,737600.0,135700.0,5784000.0,136900.0,48,6.4,21.6,0.717,1,0,0,0,20.4,2106600.0,116.8
BNA000516,Saidi,Anis,Particulier,Actif,Compte épargne,40,Sétif,Industrie,Crédit d'exploitation,4.7,131400.0,62100.0,2307000.0,33300.0,84,5.63,63.6,0.551,2,0,90,1,50.2,46800.0,29.2
BNA000517,Ferhat,Samir,Professionnel,Actif,Compte épargne,30,Tlemcen,Pharmacie,Crédit d'exploitation,7.8,171200.0,126200.0,1468000.0,33700.0,48,4.82,61.9,0.542,1,0,10,1,52.3,11800.0,62.0
BNA000518,Slimani,Rachid,PME,Actif,Compte courant,46,Biskra,Pharmacie,Crédit personnel,4.1,640700.0,112000.0,4227000.0,361000.0,12,4.58,20.6,0.764,0,0,0,1,33.1,1053600.0,52.0
BNA000519,Djelloul,Karim,Particulier,Actif,Compte épargne,42,Annaba,Commerce,Crédit personnel,8.0,136800.0,87100.0,963000.0,17500.0,72,9.27,85.6,0.389,3,1,15,3,39.7,71000.0,84.2
BNA000520,Gacem,Karim,Professionnel,Actif,Compte courant,45,Oran,Pharmacie,Crédit d'exploitation,8.4,178700.0,56200.0,2174000.0,34200.0,72,4.15,20.6,0.582,0,0,0,0,19.3,511500.0,105.0
BNA000521,Touati,Abdelkader,PME,Actif,Compte courant,44,Oran,Commerce,Crédit d'investissement,17.6,468100.0,96300.0,4146000.0,105700.0,48,10.29,22.1,0.589,0,0,0,0,5.8,1024300.0,94.2
BNA000522,Mokhtar,Farid,Professionnel,Actif,Compte épargne,45,Constantine,BTPH,Crédit personnel,9.6,150600.0,53500.0,1958000.0,41000.0,60,9.42,63.9,0.41,3,4,10,2,52.4,-194500.0,81.9
BNA000523,Belaid,Sofiane,Particulier,Actif,Compte courant,44,Biskra,Industrie,Crédit d'investissement,3.6,89200.0,57600.0,923000.0,15100.0,72,5.52,79.4,0.538,0,1,30,5,28.7,30300.0,38.1
BNA000524,Mebarki,Oussama,PME,Actif,Compte courant,53,Biskra,Transport,Crédit équipement,0.5,1401800.0,546300.0,6989000.0,135900.0,60,6.25,56.9,0.282,2,3,15,1,47.4,-336300.0,32.2
BNA000525,Gacem,Rachid,Particulier,Actif,Compte épargne,34,Blida,BTPH,Crédit immobilier,8.1,99200.0,81600.0,644000.0,12100.0,60,4.86,88.6,0.326,4,2,30,3,31.2,-176200.0,66.5
BNA000526,Gacem,Zakaria,Particulier,Actif,Compte épargne,27,Sétif,Agriculture,Crédit personnel,5.8,46400.0,26000.0,594000.0,9400.0,72,4.45,47.1,0.569,1,1,90,1,47.6,-17700.0,70.1
BNA000527,Bensalem,Rachid,Particulier,Actif,Compte courant,56,Béjaïa,Services,Crédit personnel,8.9,123800.0,76700.0,872000.0,26900.0,36,6.91,72.6,0.053,3,0,30,0,27.8,-7700.0,57.5
BNA000528,Mansouri,Mourad,PME,Actif,Compte professionnel,48,Alger,Pharmacie,Crédit équipement,2.3,311500.0,124600.0,1156000.0,24200.0,60,9.28,32.2,0.744,0,0,0,1,20.1,1281700.0,59.4
BNA000529,Dahmani,Riad,PME,Actif,Compte courant,37,Constantine,Transport,Crédit équipement,10.5,1295100.0,777200.0,7304000.0,98400.0,84,3.58,68.3,0.167,6,3,30,3,42.1,-575800.0,39.2
BNA000530,Cherif,Farid,Professionnel,Actif,Compte courant,45,Annaba,Pharmacie,Crédit immobilier,13.1,142900.0,45600.0,879000.0,17600.0,60,7.42,79.3,0.36,2,2,45,0,28.0,-141300.0,109.4
BNA000531,Benyahia,Salim,Particulier,Actif,Compte épargne,31,Laghouat,Transport,Crédit d'exploitation,6.9,88500.0,48100.0,1055000.0,24400.0,48,5.3,73.5,0.426,2,1,15,2,31.2,-47900.0,57.9
BNA000532,Slimani,Hichem,Particulier,Actif,Compte épargne,33,Blida,Agriculture,Crédit d'exploitation,0.9,49700.0,27500.0,899000.0,14500.0,72,5.12,61.2,0.061,1,0,150,1,38.8,9700.0,53.1
BNA000533,Benali,Imad,PME,Actif,Compte entreprise,49,Djelfa,Santé,Crédit personnel,12.8,765700.0,427900.0,14428000.0,271000.0,60,4.81,91.6,0.66,1,3,180,4,53.5,-370000.0,29.1
BNA000534,Djelloul,Karim,Particulier,Actif,Compte courant,50,Sétif,Commerce,Crédit d'exploitation,7.5,112000.0,72900.0,872000.0,17700.0,60,8.09,66.6,0.21,3,2,60,4,29.0,109000.0,65.5
BNA000535,Slimani,Imad,Professionnel,Actif,Compte entreprise,41,Annaba,Commerce,Crédit immobilier,1.2,62200.0,16200.0,388000.0,9600.0,48,8.75,17.8,0.691,0,0,0,0,15.1,95800.0,143.1
BNA000536,Djelloul,Ibrahim,PME,Actif,Compte courant,53,Laghouat,BTPH,Crédit immobilier,1.8,642500.0,271100.0,5302000.0,127200.0,48,7.08,77.2,0.486,1,1,150,3,30.9,-146300.0,41.0
BNA000537,Amrani,Samir,Particulier,Actif,Compte courant,26,Biskra,Transport,Crédit d'exploitation,9.0,74700.0,47900.0,730000.0,21700.0,36,4.36,96.8,0.502,0,2,60,1,18.0,65400.0,93.9
BNA000538,Benali,Sofiane,Particulier,Actif,Compte épargne,47,Alger,Transport,Crédit d'investissement,7.5,95300.0,56300.0,920000.0,17200.0,60,4.55,69.7,0.237,2,0,45,1,68.3,79700.0,19.3
BNA000539,Ferhat,Ibrahim,Grande Entreprise,Actif,Compte courant,23,Alger,Industrie,Crédit immobilier,2.8,681700.0,286400.0,2194000.0,68900.0,36,8.16,69.9,0.673,2,2,60,2,70.6,306900.0,81.5
BNA000540,Gacem,Kamel,Professionnel,Actif,Compte courant,37,Blida,Pharmacie,Crédit immobilier,1.6,100700.0,41700.0,913000.0,18900.0,60,8.83,61.7,0.754,0,0,0,0,31.3,120100.0,118.8
BNA000541,Brahimi,Riad,Professionnel,Actif,Compte courant,26,Constantine,Transport,Crédit d'exploitation,4.6,71500.0,15000.0,928000.0,19500.0,60,9.63,52.0,0.724,0,0,10,0,18.4,236400.0,52.0
BNA000542,Djelloul,Youcef,PME,Actif,Compte courant,40,Oran,Agriculture,Crédit personnel,6.1,499500.0,291400.0,1836000.0,30200.0,72,5.73,68.2,0.741,3,1,30,4,51.2,-675300.0,53.2
BNA000543,Slimani,Imad,Particulier,Actif,Compte courant,64,Sétif,Services,Crédit d'investissement,6.6,95200.0,17300.0,1337000.0,114600.0,12,5.17,32.8,0.734,0,0,15,0,24.9,229300.0,93.2
BNA000544,Mokhtar,Zakaria,PME,Actif,Compte épargne,49,Batna,Commerce,Crédit d'investissement,6.6,1193400.0,727800.0,7557000.0,178600.0,48,6.33,62.7,0.741,3,1,30,2,58.2,189000.0,54.9
BNA000545,Mokhtar,Walid,Particulier,Actif,Compte épargne,25,Alger,BTPH,Crédit personnel,8.7,45500.0,34000.0,303000.0,4900.0,72,5.31,85.1,0.119,4,1,120,4,28.0,57000.0,92.4
BNA000546,Belkacem,Farid,Particulier,Actif,Compte courant,38,Tlemcen,Services,Crédit d'exploitation,4.8,167400.0,28700.0,925000.0,18500.0,60,7.53,12.3,0.864,0,0,10,0,4.0,233100.0,71.2
BNA000547,Saidi,Riad,PME,Actif,Compte épargne,46,Annaba,Services,Crédit d'exploitation,10.4,455900.0,209300.0,4088000.0,103100.0,48,9.71,37.6,0.659,0,0,0,0,32.7,1279300.0,96.6
BNA000548,Belkacem,Abdelkader,Particulier,Actif,Compte épargne,60,Biskra,Commerce,Crédit d'exploitation,5.6,104400.0,79700.0,350000.0,8800.0,48,9.61,76.3,0.21,4,1,45,1,58.0,39000.0,58.0
BNA000549,Benyahia,Anis,Particulier,Actif,Compte professionnel,63,Laghouat,Agriculture,Crédit personnel,19.5,125100.0,85400.0,1532000.0,38200.0,48,9.07,80.2,0.705,0,1,60,5,45.9,177000.0,72.4
BNA000550,Ferhat,Imad,PME,Actif,Compte courant,51,Sétif,Commerce,Crédit d'investissement,1.4,976500.0,183200.0,11303000.0,198500.0,72,8.05,46.4,0.967,0,0,0,0,14.3,4069300.0,125.7
BNA000551,Khelifi,Sofiane,Particulier,Actif,Compte courant,27,Djelfa,Pharmacie,Crédit d'investissement,8.3,86100.0,57800.0,616000.0,19100.0,36,7.28,85.6,0.171,1,2,5,0,80.2,-85200.0,80.6
BNA000552,Gacem,Nabil,Professionnel,Actif,Compte courant,63,Djelfa,Pharmacie,Crédit d'exploitation,4.9,146300.0,87700.0,949000.0,23300.0,48,8.2,94.7,0.006,0,0,60,3,41.7,164500.0,82.5
BNA000553,Yahiaoui,Adel,Particulier,Actif,Compte épargne,64,Djelfa,Pharmacie,Crédit équipement,2.7,70500.0,45700.0,511000.0,16300.0,36,9.24,76.7,0.441,4,3,10,1,33.4,54200.0,46.0
BNA000554,Rahmani,Zakaria,Professionnel,Actif,Compte entreprise,50,Djelfa,Transport,Crédit immobilier,10.9,254600.0,150400.0,3624000.0,58700.0,72,5.2,61.9,0.39,1,4,45,3,42.1,-64900.0,61.0
BNA000555,Hadji,Farid,Professionnel,Actif,Compte courant,60,Constantine,BTPH,Crédit personnel,7.3,181800.0,40800.0,2347000.0,36600.0,84,8.0,34.9,0.86,0,0,0,0,7.5,244400.0,113.6
BNA000556,Guediri,Ibrahim,Professionnel,Actif,Compte épargne,53,Batna,BTPH,Crédit d'exploitation,2.2,338900.0,64200.0,2930000.0,72000.0,48,8.36,40.3,0.671,0,0,0,0,16.1,295200.0,104.0
BNA000557,Benali,Anis,Particulier,Inactif,Compte entreprise,48,Tlemcen,Industrie,Crédit équipement,12.4,87400.0,39400.0,720000.0,14700.0,60,8.43,75.8,0.077,1,3,30,3,56.3,81800.0,47.2
BNA000558,Belaid,Ilyes,Professionnel,Actif,Compte courant,59,Oran,Agriculture,Crédit d'exploitation,5.7,204800.0,135100.0,3091000.0,96400.0,36,7.66,58.2,0.434,0,3,15,1,29.9,28200.0,1.8
BNA000559,Khelifi,Ahmed,Particulier,Actif,Compte courant,56,Sétif,Transport,Crédit personnel,4.1,77800.0,56100.0,1050000.0,31500.0,36,5.01,85.2,0.045,2,0,60,1,48.4,63000.0,76.9
BNA000560,Zerrouki,Riad,Particulier,Actif,Compte courant,54,Béjaïa,Industrie,Crédit personnel,6.9,70800.0,35100.0,987000.0,28900.0,36,3.52,71.8,0.595,6,2,120,3,26.3,-99500.0,87.3
BNA000561,Belkacem,Bilal,PME,Actif,Compte professionnel,42,Biskra,Pharmacie,Crédit d'exploitation,2.8,598700.0,318800.0,4671000.0,97300.0,60,9.15,95.4,0.231,0,2,30,1,24.5,382400.0,21.2
BNA000562,Cherif,Zakaria,Particulier,Actif,Compte courant,36,Batna,Pharmacie,Crédit personnel,8.1,81800.0,19300.0,837000.0,25200.0,36,5.24,95.9,0.303,2,0,150,1,37.1,-104300.0,12.2
BNA000563,Hadji,Adel,PME,Actif,Compte courant,41,Laghouat,Agriculture,Crédit d'investissement,1.9,569400.0,114800.0,6885000.0,134500.0,60,6.44,38.6,0.76,0,0,0,0,26.9,2239500.0,149.0
BNA000564,Gacem,Adel,Particulier,Actif,Compte courant,38,Blida,Pharmacie,Crédit d'investissement,5.7,64100.0,21000.0,274000.0,24100.0,12,10.31,12.1,0.751,1,0,0,0,26.9,192100.0,153.2
BNA000565,Boudiaf,Yacine,Professionnel,Actif,Compte professionnel,45,Annaba,Commerce,Crédit d'exploitation,6.9,165700.0,77900.0,1937000.0,43300.0,48,3.55,92.1,0.526,2,0,90,0,54.7,-11500.0,56.0
BNA000566,Yahiaoui,Rachid,Professionnel,Actif,Compte épargne,37,Constantine,Santé,Crédit personnel,9.8,343800.0,62800.0,3875000.0,71700.0,60,4.19,17.2,0.687,0,0,30,0,33.8,326500.0,44.6
BNA000567,Mansouri,Mourad,Particulier,Actif,Compte courant,29,Djelfa,BTPH,Crédit d'investissement,11.2,80600.0,24900.0,512000.0,10800.0,60,9.57,38.1,0.667,1,0,0,0,26.6,-9100.0,112.5
BNA000568,Yahiaoui,Nassim,PME,Actif,Compte courant,42,Oran,Santé,Crédit immobilier,7.6,560400.0,365500.0,3240000.0,279600.0,12,6.52,94.7,0.365,0,1,90,1,42.3,861000.0,60.4
BNA000569,Rahmani,Yacine,PME,Actif,Compte courant,62,Annaba,Transport,Crédit d'investissement,11.5,526500.0,394900.0,6072000.0,141400.0,48,5.59,72.0,0.325,1,0,30,1,61.1,192700.0,91.6
BNA000570,Touati,Bilal,Particulier,Actif,Compte épargne,23,Oran,Pharmacie,Crédit équipement,8.8,71500.0,40900.0,599000.0,15000.0,48,9.16,70.7,0.405,0,0,45,2,56.3,-139200.0,60.4
BNA000571,Guediri,Walid,Particulier,Actif,Compte professionnel,56,Biskra,Services,Crédit équipement,3.7,77500.0,15000.0,546000.0,10900.0,60,7.36,21.3,0.72,0,0,0,0,23.6,189500.0,82.5
BNA000572,Khelifi,Aymen,Professionnel,Actif,Compte courant,26,Béjaïa,Transport,Crédit d'exploitation,12.8,139300.0,28500.0,1322000.0,25100.0,60,5.33,18.9,0.806,0,0,0,0,26.1,500000.0,89.1
BNA000573,Meziane,Ahmed,PME,Actif,Compte courant,65,Tlemcen,Santé,Crédit immobilier,3.7,535200.0,249100.0,3231000.0,80400.0,48,9.0,66.6,0.07,0,0,60,1,23.7,-55900.0,65.2
BNA000574,Mansouri,Karim,PME,Actif,Compte courant,31,Oran,Santé,Crédit d'exploitation,2.7,628700.0,167000.0,5235000.0,95400.0,60,3.57,95.7,0.588,2,5,60,4,32.8,475000.0,20.5
BNA000575,Mokhtar,Abdelkader,Particulier,Actif,Compte professionnel,34,Oran,Commerce,Crédit d'exploitation,5.1,67000.0,33600.0,978000.0,15000.0,72,3.28,76.9,0.336,0,1,60,3,69.5,16900.0,31.6
BNA000576,Djelloul,Riad,PME,Actif,Compte courant,55,Oran,Transport,Crédit équipement,5.3,730800.0,317800.0,5037000.0,116400.0,48,5.16,71.6,0.586,2,0,45,4,28.0,-902000.0,37.3
BNA000577,Nouri,Yacine,Professionnel,Actif,Compte entreprise,37,Blida,Transport,Crédit personnel,6.7,150100.0,57600.0,1822000.0,157800.0,12,7.22,95.9,0.619,2,6,0,2,46.2,-277500.0,74.3
BNA000578,Guediri,Aymen,Particulier,Actif,Compte professionnel,38,Béjaïa,Santé,Crédit équipement,17.1,176600.0,134500.0,3056000.0,52700.0,72,7.41,89.7,0.431,3,2,15,2,4.0,96200.0,96.1
BNA000579,Haddad,Kamel,Professionnel,Actif,Compte courant,23,Alger,Industrie,Crédit d'investissement,11.8,199500.0,148000.0,1891000.0,29000.0,72,3.3,62.4,0.503,1,2,120,0,26.9,-189700.0,86.1
BNA000580,Boudiaf,Adel,PME,Actif,Compte courant,40,Blida,Commerce,Crédit d'exploitation,5.6,332900.0,259700.0,964000.0,43300.0,24,7.3,74.3,0.231,1,1,30,1,57.3,61400.0,29.2
BNA000581,Brahimi,Ahmed,PME,Actif,Compte épargne,30,Tlemcen,Commerce,Crédit équipement,2.7,918400.0,312000.0,10191000.0,140500.0,84,4.25,71.4,0.589,3,1,60,1,57.8,41100.0,87.9
BNA000582,Mokhtar,Samir,PME,Actif,Compte entreprise,25,Béjaïa,BTPH,Crédit personnel,5.7,1624500.0,828500.0,5811000.0,129600.0,48,3.37,74.7,0.142,1,0,60,1,43.0,1566900.0,65.1
BNA000583,Gacem,Salim,Particulier,Actif,Compte courant,58,Batna,Agriculture,Crédit personnel,1.7,165500.0,30200.0,1335000.0,114800.0,12,5.91,24.7,0.675,2,0,0,1,36.6,309900.0,84.5
BNA000584,Yahiaoui,Abdelkader,Particulier,Actif,Compte courant,59,Alger,Santé,Crédit personnel,12.0,63500.0,36200.0,568000.0,11200.0,60,6.66,50.3,0.707,3,2,10,2,58.3,-65900.0,18.0
BNA000585,Chibani,Rachid,Particulier,Actif,Compte entreprise,55,Blida,Transport,Crédit immobilier,4.3,113900.0,57400.0,2171000.0,63500.0,36,3.39,74.9,0.473,3,4,120,0,10.7,105900.0,57.4
BNA000586,Boudiaf,Zakaria,Grande Entreprise,Actif,Compte courant,23,Biskra,Santé,Crédit d'investissement,6.5,6405700.0,2685000.0,57399000.0,2506700.0,24,4.55,72.7,0.404,1,0,90,2,39.9,-3000000.0,51.1
BNA000587,Djelloul,Zakaria,PME,Actif,Compte courant,34,Annaba,Pharmacie,Crédit équipement,14.0,470300.0,80100.0,13711000.0,434200.0,36,8.72,29.0,0.377,0,0,0,0,23.3,977900.0,136.1
BNA000588,Nouri,Youcef,Particulier,Actif,Compte courant,42,Biskra,Services,Crédit équipement,6.4,80000.0,38600.0,374000.0,11300.0,36,5.63,17.9,0.67,0,0,0,0,14.0,95400.0,96.8
BNA000589,Guediri,Riad,Particulier,Actif,Compte courant,60,Oran,Agriculture,Crédit d'investissement,3.9,147700.0,22400.0,1350000.0,18000.0,84,3.33,15.3,0.726,1,0,0,1,35.0,122600.0,61.6
BNA000590,Khelifi,Riad,Particulier,Actif,Compte courant,27,Batna,Industrie,Crédit équipement,3.1,117700.0,55500.0,855000.0,36900.0,24,3.47,76.6,0.758,0,0,120,2,32.0,-3300.0,94.6
BNA000591,Touati,Farid,Professionnel,Actif,Compte courant,24,Oran,Pharmacie,Crédit immobilier,10.4,184900.0,38300.0,2542000.0,47100.0,72,10.0,21.3,0.781,0,0,0,0,11.7,209200.0,120.3
BNA000592,Chibani,Karim,Professionnel,Actif,Compte épargne,50,Djelfa,BTPH,Crédit équipement,20.0,397800.0,172300.0,8212000.0,129800.0,84,8.44,63.7,0.539,2,0,30,3,38.7,-650700.0,95.9
BNA000593,Zerrouki,Walid,PME,Actif,Compte courant,41,Annaba,Pharmacie,Crédit d'investissement,15.7,920500.0,658600.0,5747000.0,168800.0,36,3.66,71.7,0.376,4,1,60,2,12.1,761400.0,12.2
BNA000594,Saidi,Ahmed,Particulier,Inactif,Compte professionnel,32,Oran,Industrie,Crédit d'exploitation,12.3,51000.0,36900.0,820000.0,25600.0,36,7.71,88.3,0.226,3,1,10,3,38.0,10300.0,37.9
BNA000595,Haddad,Kamel,Particulier,Actif,Compte courant,28,Alger,Transport,Crédit d'investissement,1.5,84500.0,33800.0,447000.0,8000.0,72,8.95,42.9,0.718,0,0,15,0,42.3,162500.0,57.8
BNA000596,Chibani,Samir,Professionnel,Actif,Compte entreprise,65,Laghouat,Agriculture,Crédit immobilier,4.6,95700.0,18500.0,1424000.0,23300.0,72,5.53,14.9,0.619,1,0,5,0,19.4,320300.0,111.1
BNA000597,Ferhat,Aymen,Particulier,Actif,Compte professionnel,60,Batna,Transport,Crédit équipement,7.4,59900.0,15000.0,489000.0,11600.0,48,6.51,2.0,0.522,0,1,0,0,30.1,192600.0,101.4
BNA000598,Gacem,Zakaria,PME,Actif,Compte entreprise,56,Annaba,Services,Crédit immobilier,1.0,832700.0,475400.0,4912000.0,92400.0,60,4.87,82.8,0.703,1,1,90,1,60.1,-414500.0,54.1
BNA000599,Saidi,Riad,Particulier,Actif,Compte courant,55,Batna,Services,Crédit d'investissement,4.0,119400.0,62800.0,679000.0,13200.0,60,6.32,54.1,0.234,5,1,90,2,52.1,53600.0,92.5
BNA000600,Rahmani,Samir,Particulier,Actif,Compte courant,45,Blida,Agriculture,Crédit d'investissement,12.6,90900.0,39300.0,1309000.0,30000.0,48,4.74,83.1,0.251,3,1,30,1,58.4,97700.0,79.3
BNA000601,Dahmani,Ahmed,PME,Actif,Compte professionnel,57,Annaba,Agriculture,Crédit d'exploitation,1.3,440500.0,276700.0,6200000.0,269800.0,24,4.21,87.0,0.642,3,0,150,0,49.0,219500.0,45.2
BNA000602,Slimani,Karim,Particulier,Actif,Compte épargne,39,Alger,Pharmacie,Crédit personnel,9.6,131900.0,81800.0,1516000.0,27800.0,60,3.78,81.8,0.191,0,1,30,1,62.4,-8700.0,84.3
BNA000603,Meziane,Yacine,PME,Actif,Compte épargne,33,Laghouat,Pharmacie,Crédit personnel,1.2,465800.0,262500.0,4357000.0,91400.0,60,9.47,72.3,0.875,1,0,30,1,31.1,-137700.0,48.1
BNA000604,Hadji,Abdelkader,Particulier,Actif,Compte professionnel,34,Tlemcen,Industrie,Crédit d'exploitation,18.9,35000.0,15000.0,309000.0,7200.0,48,5.61,17.3,0.894,2,0,0,0,29.2,57700.0,175.9
BNA000605,Haddad,Nassim,Particulier,Inactif,Compte entreprise,46,Oran,Santé,Crédit d'exploitation,7.2,164100.0,99100.0,2727000.0,54600.0,60,7.46,76.5,0.446,1,1,30,4,41.8,278500.0,63.7
BNA000606,Khelifi,Nabil,Particulier,Actif,Compte épargne,62,Djelfa,Services,Crédit personnel,13.8,115400.0,70500.0,689000.0,12400.0,72,8.92,73.8,0.608,0,0,10,2,53.6,-5600.0,59.7
BNA000607,Yahiaoui,Tarek,Particulier,Actif,Compte épargne,53,Alger,Transport,Crédit d'exploitation,10.7,119300.0,73700.0,1188000.0,26900.0,48,4.24,76.4,0.335,3,0,180,1,45.9,112800.0,67.4
BNA000608,Djelloul,Salim,Particulier,Suspendu,Compte courant,48,Tlemcen,Agriculture,Crédit immobilier,2.5,60300.0,15700.0,457000.0,8300.0,72,9.13,36.4,0.78,0,0,0,1,10.0,119200.0,101.1
BNA000609,Dahmani,Abdelkader,PME,Actif,Compte courant,61,Alger,Industrie,Crédit d'exploitation,1.8,610800.0,342100.0,4501000.0,114300.0,48,10.07,85.6,0.114,3,1,60,3,28.7,-574500.0,77.5
BNA000610,Mansouri,Oussama,Professionnel,Actif,Compte épargne,33,Laghouat,Industrie,Crédit personnel,3.6,256800.0,96900.0,1535000.0,23600.0,72,3.47,61.9,0.179,2,1,60,1,52.9,70600.0,89.0
BNA000611,Bensalem,Yacine,Particulier,Actif,Compte courant,46,Alger,Commerce,Crédit immobilier,20.0,88800.0,47100.0,307000.0,5800.0,60,4.82,73.8,0.199,3,0,45,1,38.0,-10800.0,40.5
BNA000612,Guediri,Anis,Particulier,Actif,Compte épargne,51,Annaba,Services,Crédit immobilier,3.8,151000.0,91700.0,1400000.0,22100.0,84,8.47,79.4,0.234,1,0,15,3,54.5,68100.0,85.8
BNA000613,Saidi,Bilal,Particulier,Actif,Compte épargne,35,Oran,Industrie,Crédit personnel,4.3,88600.0,55900.0,340000.0,15000.0,24,5.25,75.4,0.519,2,1,15,5,15.5,44000.0,34.0
BNA000614,Yahiaoui,Kamel,PME,Actif,Compte épargne,58,Sétif,Agriculture,Crédit équipement,11.2,1706600.0,349700.0,10771000.0,189800.0,72,8.18,3.2,0.924,0,0,5,1,21.8,3346800.0,39.3
BNA000615,Nouri,Mourad,PME,Actif,Compte professionnel,28,Béjaïa,Agriculture,Crédit équipement,2.1,809300.0,224300.0,4622000.0,98100.0,60,9.96,17.0,0.774,0,0,10,0,11.2,998600.0,82.8
BNA000616,Boudiaf,Aymen,Particulier,Actif,Compte courant,54,Alger,Services,Crédit immobilier,7.3,149200.0,119000.0,989000.0,23000.0,48,5.47,79.7,0.627,0,0,10,1,42.8,46800.0,92.8
BNA000617,Guediri,Islam,Particulier,Actif,Compte entreprise,33,Oran,Transport,Crédit personnel,3.4,211400.0,87600.0,3272000.0,61400.0,60,4.74,83.8,0.327,1,0,90,1,36.5,-204000.0,75.6
BNA000618,Mebarki,Samir,Particulier,Actif,Compte entreprise,25,Oran,Services,Crédit personnel,4.1,79300.0,32700.0,616000.0,54300.0,12,10.44,68.4,0.872,0,0,0,0,25.2,241700.0,110.1
BNA000619,Boudiaf,Ibrahim,PME,Actif,Compte épargne,58,Annaba,Pharmacie,Crédit d'investissement,17.4,668300.0,240600.0,6903000.0,133200.0,60,5.92,39.9,0.746,0,0,0,0,16.8,2992300.0,19.4
BNA000620,Djelloul,Salim,Particulier,Actif,Compte entreprise,24,Biskra,Commerce,Crédit personnel,11.1,35000.0,24200.0,300000.0,13500.0,24,7.33,78.5,0.263,1,0,30,3,29.7,29800.0,57.6
BNA000621,Mansouri,Nabil,Particulier,Actif,Compte entreprise,34,Blida,Agriculture,Crédit immobilier,3.5,98600.0,26600.0,556000.0,9200.0,72,6.06,46.8,0.746,0,0,0,0,39.6,131000.0,100.5
BNA000622,Larbi,Ibrahim,Particulier,Actif,Compte épargne,39,Djelfa,Transport,Crédit personnel,4.4,245800.0,109200.0,2569000.0,65100.0,48,9.92,16.7,0.873,0,0,0,0,24.5,288900.0,116.0
BNA000623,Mebarki,Ahmed,PME,Actif,Compte épargne,56,Biskra,Pharmacie,Crédit d'exploitation,1.3,584900.0,349400.0,7954000.0,144500.0,72,9.27,84.3,0.335,3,1,60,1,46.0,-202200.0,57.7
BNA000624,Larbi,Riad,Particulier,Actif,Compte courant,54,Oran,Industrie,Crédit d'exploitation,3.4,78400.0,24200.0,556000.0,11700.0,60,9.74,7.0,0.751,1,0,0,0,19.5,187400.0,75.1
BNA000625,Cherif,Mourad,PME,Actif,Compte épargne,51,Blida,Santé,Crédit immobilier,12.4,867500.0,260000.0,7769000.0,142300.0,60,3.77,57.3,0.551,2,3,90,3,34.3,245200.0,90.5
BNA000626,Benyahia,Imad,Particulier,Actif,Compte courant,37,Béjaïa,Transport,Crédit immobilier,3.2,154100.0,83200.0,845000.0,25500.0,36,5.4,62.3,0.7,0,3,120,2,54.3,-600.0,55.7
BNA000627,Slimani,Islam,PME,Actif,Compte courant,28,Blida,Commerce,Crédit d'investissement,9.2,1031400.0,440800.0,5322000.0,79600.0,84,6.72,72.7,0.545,2,1,45,2,32.3,1813900.0,39.7
BNA000628,Brahimi,Nassim,Particulier,Actif,Compte entreprise,31,Blida,Agriculture,Crédit d'investissement,12.3,186100.0,58000.0,1028000.0,33100.0,36,9.87,86.7,0.138,1,1,90,3,22.2,-270300.0,98.4
BNA000629,Djelloul,Nassim,Professionnel,Actif,Compte courant,39,Sétif,BTPH,Crédit d'investissement,1.7,140100.0,80800.0,1006000.0,21600.0,60,10.4,99.6,0.917,1,1,0,0,29.6,-14300.0,109.7
BNA000630,Mebarki,Farid,PME,Actif,Compte épargne,42,Batna,Transport,Crédit d'investissement,14.4,1201200.0,529000.0,9249000.0,146000.0,84,8.39,65.0,0.555,3,2,120,1,28.3,-1412800.0,22.2
BNA000631,Brahimi,Mourad,Particulier,Actif,Compte courant,36,Oran,Santé,Crédit équipement,0.6,99300.0,60400.0,894000.0,16100.0,72,9.07,77.1,0.372,2,2,0,1,50.5,-10800.0,64.6
BNA000632,Saidi,Aymen,PME,Actif,Compte courant,45,Constantine,Services,Crédit équipement,4.0,1190400.0,424100.0,11861000.0,348200.0,36,3.63,39.1,0.911,0,0,5,1,16.1,2484700.0,67.6
BNA000633,Amrani,Yacine,Particulier,Actif,Compte courant,27,Blida,Pharmacie,Crédit personnel,0.2,72500.0,33900.0,375000.0,5300.0,84,5.08,74.7,0.617,1,0,45,6,30.9,-61600.0,104.4
BNA000634,Haddad,Nassim,Particulier,Actif,Compte épargne,33,Sétif,Santé,Crédit immobilier,5.0,153200.0,64800.0,1571000.0,69100.0,24,5.26,84.2,0.215,1,0,30,0,28.9,168700.0,47.8
BNA000635,Touati,Hichem,Particulier,Actif,Compte courant,41,Batna,Commerce,Crédit d'investissement,6.9,110000.0,44600.0,663000.0,10100.0,84,7.34,49.9,0.517,1,0,0,1,32.3,-84100.0,58.3
BNA000636,Haddad,Bilal,Particulier,Actif,Compte professionnel,64,Blida,Services,Crédit immobilier,6.4,157400.0,35100.0,861000.0,21900.0,48,10.11,25.3,0.7,0,0,0,0,26.4,797200.0,151.6
BNA000637,Mebarki,Farid,Particulier,Actif,Compte courant,36,Batna,Agriculture,Crédit immobilier,6.1,118900.0,60300.0,798000.0,17700.0,48,3.01,54.3,0.395,2,1,150,2,39.2,218900.0,109.3
BNA000638,Haddad,Ibrahim,Particulier,Actif,Compte professionnel,30,Béjaïa,Commerce,Crédit équipement,9.6,143200.0,87500.0,1033000.0,32300.0,36,7.89,49.5,0.462,2,2,45,2,50.0,-41000.0,77.0
BNA000639,Zerrouki,Bilal,Professionnel,Actif,Compte épargne,55,Biskra,Santé,Crédit personnel,2.7,96300.0,54600.0,649000.0,29000.0,24,6.9,72.0,0.102,1,1,30,2,26.9,44000.0,42.0
BNA000640,Belkacem,Sofiane,Particulier,Actif,Compte courant,34,Laghouat,Commerce,Crédit personnel,6.1,103600.0,40000.0,668000.0,12900.0,60,5.93,96.1,0.252,3,1,30,1,58.1,107000.0,15.1
BNA000641,Bensalem,Youcef,Professionnel,Actif,Compte épargne,58,Sétif,BTPH,Crédit d'investissement,5.4,212800.0,100800.0,5246000.0,134100.0,48,10.42,100.0,0.38,4,1,150,1,32.7,490800.0,36.9
BNA000642,Belaid,Imad,Particulier,Actif,Compte entreprise,54,Tlemcen,Pharmacie,Crédit d'exploitation,7.6,127600.0,91800.0,979000.0,28700.0,36,3.55,91.1,0.412,3,1,180,1,49.6,23200.0,89.2
BNA000643,Gacem,Sofiane,Particulier,Actif,Compte courant,58,Béjaïa,Santé,Crédit immobilier,13.1,85500.0,62600.0,1868000.0,25800.0,84,4.26,77.9,0.441,1,0,60,0,50.3,-23400.0,74.1
BNA000644,Bensalem,Ilyes,PME,Actif,Compte entreprise,53,Constantine,Pharmacie,Crédit d'investissement,8.6,462200.0,203200.0,6691000.0,213900.0,36,9.35,72.1,0.514,2,3,120,3,25.8,-23700.0,84.1
BNA000645,Guediri,Islam,Particulier,Actif,Compte courant,43,Béjaïa,Pharmacie,Crédit immobilier,8.3,96600.0,15000.0,414000.0,9500.0,48,4.6,8.7,0.658,0,0,0,0,14.2,154800.0,53.8
BNA000646,Guediri,Youcef,Professionnel,Actif,Compte courant,63,Djelfa,BTPH,Crédit équipement,6.4,110100.0,76800.0,1309000.0,31600.0,48,7.38,92.2,0.259,2,0,90,4,34.5,106500.0,64.3
BNA000647,Mansouri,Bilal,Grande Entreprise,Actif,Compte professionnel,30,Djelfa,Commerce,Crédit d'exploitation,4.4,2478400.0,1432000.0,16368000.0,391100.0,48,6.89,67.6,0.335,1,0,90,0,56.6,24700.0,44.4
BNA000648,Benyahia,Aymen,PME,Actif,Compte professionnel,34,Tlemcen,Commerce,Crédit d'exploitation,7.5,409600.0,71400.0,3393000.0,151500.0,24,6.72,23.4,0.702,1,0,0,0,6.1,1227200.0,95.5
BNA000649,Larbi,Adel,Particulier,Actif,Compte entreprise,56,Tlemcen,Commerce,Crédit immobilier,13.9,59800.0,42800.0,451000.0,11400.0,48,10.03,89.3,0.306,4,0,45,2,41.4,46000.0,31.3
BNA000650,Khelifi,Ibrahim,Professionnel,Actif,Compte courant,50,Laghouat,Services,Crédit d'investissement,3.8,206100.0,93900.0,1054000.0,20400.0,60,5.96,90.8,0.364,2,1,30,2,24.3,230000.0,110.5
BNA000651,Brahimi,Salim,Particulier,Actif,Compte professionnel,32,Blida,BTPH,Crédit personnel,11.0,106700.0,44200.0,712000.0,13300.0,60,4.68,94.6,0.713,4,2,60,4,40.1,-38900.0,73.6
BNA000652,Brahimi,Rachid,PME,Inactif,Compte courant,48,Batna,Agriculture,Crédit d'exploitation,5.6,474500.0,169600.0,4134000.0,84700.0,60,8.46,47.3,0.184,0,0,60,4,46.1,636400.0,4.0
BNA000653,Djelloul,Amine,Professionnel,Actif,Compte épargne,28,Annaba,BTPH,Crédit d'exploitation,6.6,269800.0,154000.0,3632000.0,110900.0,36,6.24,92.5,0.338,2,3,150,1,22.7,-94300.0,63.3
BNA000654,Hadji,Farid,Particulier,Actif,Compte professionnel,27,Annaba,Agriculture,Crédit d'exploitation,7.0,106800.0,68100.0,493000.0,9200.0,60,4.4,81.4,0.153,4,1,90,2,47.7,-66900.0,65.3
BNA000655,Brahimi,Ibrahim,Particulier,Suspendu,Compte épargne,48,Biskra,Pharmacie,Crédit d'exploitation,6.2,221800.0,65200.0,1987000.0,41000.0,60,8.79,25.8,0.495,1,0,0,1,37.4,655000.0,105.0
BNA000656,Haddad,Hichem,Professionnel,Actif,Compte courant,50,Oran,Transport,Crédit immobilier,7.3,151900.0,98000.0,2137000.0,39200.0,60,3.84,24.9,0.136,0,1,90,1,41.5,162100.0,52.1
BNA000657,Haddad,Mourad,Particulier,Actif,Compte courant,46,Batna,Services,Crédit immobilier,12.0,213700.0,119100.0,1435000.0,35000.0,48,7.9,85.4,0.053,5,1,45,2,11.7,87800.0,62.1
BNA000658,Belkacem,Adel,Particulier,Actif,Compte entreprise,50,Batna,Agriculture,Crédit d'investissement,5.3,90200.0,27000.0,723000.0,15000.0,60,8.97,25.9,0.976,0,0,0,1,27.7,300100.0,103.6
BNA000659,Haddad,Anis,Professionnel,Actif,Compte entreprise,26,Djelfa,Services,Crédit d'exploitation,3.1,113500.0,52300.0,695000.0,9600.0,84,4.42,73.9,0.255,5,2,90,2,37.2,58100.0,66.1
BNA000660,Brahimi,Samir,Grande Entreprise,Actif,Compte entreprise,64,Laghouat,Commerce,Crédit d'exploitation,7.6,1751700.0,301900.0,5263000.0,166100.0,36,8.48,24.3,0.917,3,0,0,0,19.9,4116100.0,95.1
BNA000661,Touati,Aymen,Particulier,Actif,Compte épargne,65,Annaba,Industrie,Crédit d'investissement,11.9,223800.0,78600.0,1886000.0,82000.0,24,4.08,50.6,0.818,0,0,0,0,26.5,541500.0,93.7
BNA000662,Slimani,Samir,PME,Actif,Compte courant,49,Tlemcen,Agriculture,Crédit immobilier,9.0,1388600.0,905100.0,10674000.0,910200.0,12,4.27,75.3,0.505,2,2,30,5,62.2,-883100.0,60.1
BNA000663,Boudiaf,Anis,Particulier,Actif,Compte courant,62,Annaba,Services,Crédit d'exploitation,5.6,60200.0,31900.0,644000.0,20000.0,36,7.36,76.8,0.272,2,1,120,0,32.8,-18700.0,56.0
BNA000664,Mebarki,Salim,Particulier,Actif,Compte professionnel,30,Biskra,Agriculture,Crédit immobilier,10.7,76400.0,45300.0,268000.0,4800.0,60,3.09,99.0,0.087,0,1,120,0,34.6,-2700.0,59.7
BNA000665,Saidi,Mohamed,Particulier,Actif,Compte professionnel,29,Laghouat,Industrie,Crédit personnel,5.3,52800.0,29000.0,200000.0,6000.0,36,5.48,39.0,0.562,1,1,15,1,45.3,-17200.0,50.5
BNA000666,Khelifi,Anis,PME,Actif,Compte entreprise,42,Blida,Santé,Crédit d'investissement,10.4,312300.0,158500.0,1806000.0,57300.0,36,8.86,64.3,0.434,1,0,5,2,39.2,-154800.0,51.4
BNA000667,Djelloul,Aymen,Particulier,Actif,Compte courant,60,Batna,Pharmacie,Crédit immobilier,8.8,72400.0,46100.0,1185000.0,53200.0,24,7.22,67.5,0.233,0,1,120,0,52.2,-45400.0,74.2
BNA000668,Dahmani,Youcef,Professionnel,Actif,Compte épargne,31,Tlemcen,Commerce,Crédit d'exploitation,0.8,260500.0,57600.0,2144000.0,33500.0,84,8.04,18.2,0.942,1,0,0,0,26.3,550700.0,123.9
BNA000669,Guediri,Adel,Professionnel,Inactif,Compte entreprise,44,Tlemcen,Santé,Crédit personnel,12.0,328500.0,249100.0,1925000.0,46800.0,48,7.81,100.0,0.216,1,1,60,2,48.0,511500.0,83.2
BNA000670,Bensalem,Yacine,Particulier,Actif,Compte épargne,60,Tlemcen,Services,Crédit d'exploitation,8.1,157600.0,92100.0,1747000.0,24900.0,84,5.25,93.2,0.608,2,1,45,4,34.9,106600.0,51.0
BNA000671,Chibani,Yacine,Particulier,Actif,Compte professionnel,60,Béjaïa,Commerce,Crédit d'exploitation,9.0,104600.0,54400.0,1381000.0,30900.0,48,3.57,78.2,0.605,2,0,180,1,32.7,149800.0,74.4
BNA000672,Bensalem,Nassim,Particulier,Actif,Compte courant,31,Tlemcen,Industrie,Crédit d'investissement,8.4,57600.0,36500.0,380000.0,5400.0,84,5.42,76.1,0.41,1,0,0,2,9.2,-28900.0,43.3
BNA000673,Guediri,Imad,Professionnel,Actif,Compte courant,39,Annaba,Agriculture,Crédit personnel,11.5,154000.0,41900.0,2170000.0,40100.0,60,4.12,86.0,0.37,6,2,30,0,54.8,218700.0,33.9
BNA000674,Touati,Imad,Particulier,Actif,Compte courant,54,Biskra,Santé,Crédit immobilier,6.5,74600.0,19800.0,622000.0,8800.0,84,4.9,16.8,0.686,0,0,0,0,23.6,144200.0,96.8
BNA000675,Saidi,Samir,Particulier,Actif,Compte épargne,62,Djelfa,Agriculture,Crédit immobilier,2.4,111900.0,68900.0,996000.0,29800.0,36,4.8,64.6,0.369,1,2,10,2,60.2,103700.0,60.0
BNA000676,Touati,Farid,Particulier,Actif,Compte courant,57,Batna,Commerce,Crédit équipement,2.1,81800.0,18100.0,405000.0,8300.0,60,8.56,29.4,0.579,0,0,0,0,4.0,174400.0,80.4
BNA000677,Rahmani,Anis,Professionnel,Actif,Compte courant,24,Béjaïa,Transport,Crédit personnel,4.7,181200.0,93800.0,2781000.0,58200.0,60,9.38,73.6,0.241,3,1,0,1,60.6,44400.0,60.7
BNA000678,Zerrouki,Zakaria,PME,Actif,Compte épargne,46,Blida,Santé,Crédit immobilier,9.6,918100.0,250500.0,10009000.0,171700.0,72,7.22,28.6,0.808,0,0,0,1,18.1,4206900.0,46.6
BNA000679,Bensalem,Farid,Particulier,Actif,Compte courant,27,Sétif,BTPH,Crédit d'investissement,2.3,157300.0,88700.0,907000.0,26800.0,36,4.01,53.8,0.305,1,1,60,5,57.2,-22100.0,29.2
BNA000680,Djelloul,Samir,Particulier,Actif,Compte courant,32,Tlemcen,Transport,Crédit d'exploitation,2.9,146100.0,79200.0,767000.0,24800.0,36,10.07,77.7,0.408,0,1,60,1,42.0,-55500.0,61.0
BNA000681,Brahimi,Islam,PME,Inactif,Compte épargne,64,Constantine,Santé,Crédit d'exploitation,10.5,972900.0,556600.0,11648000.0,287000.0,48,8.48,78.0,0.461,3,2,30,2,65.9,-359900.0,50.4
BNA000682,Ferhat,Bilal,PME,Actif,Compte courant,32,Batna,Commerce,Crédit équipement,2.9,397400.0,160100.0,2713000.0,50700.0,60,4.63,93.4,0.329,0,0,0,0,56.2,129300.0,85.1
BNA000683,Benali,Tarek,PME,Actif,Compte épargne,35,Blida,Santé,Crédit immobilier,6.4,870600.0,551800.0,7357000.0,149400.0,60,8.07,87.5,0.367,1,2,10,2,30.3,-537000.0,81.1
BNA000684,Boudiaf,Farid,PME,Actif,Compte professionnel,61,Blida,Pharmacie,Crédit équipement,7.7,1069800.0,594800.0,7860000.0,194600.0,48,8.74,69.8,0.395,2,0,60,2,53.6,612000.0,52.8
BNA000685,Bensalem,Bilal,PME,Actif,Compte courant,54,Biskra,Industrie,Crédit d'investissement,8.3,514300.0,64000.0,4235000.0,136900.0,36,10.13,19.8,0.79,0,0,30,0,33.2,1664500.0,82.3
BNA000686,Chibani,Anis,Particulier,Actif,Compte courant,49,Alger,Services,Crédit équipement,6.3,149300.0,102400.0,1752000.0,55600.0,36,8.81,76.3,0.352,4,0,60,4,50.2,-80800.0,63.6
BNA000687,Touati,Ibrahim,PME,Actif,Compte courant,37,Constantine,Santé,Crédit personnel,6.5,500500.0,345700.0,4707000.0,94300.0,60,7.49,75.8,0.173,3,1,30,0,47.7,529100.0,82.8
BNA000688,Benyahia,Ilyes,Particulier,Actif,Compte épargne,39,Constantine,Services,Crédit équipement,2.0,47000.0,30700.0,552000.0,13300.0,48,7.29,74.6,0.644,3,1,180,2,53.6,32600.0,80.1
BNA000689,Hadji,Bilal,Particulier,Actif,Compte épargne,49,Tlemcen,Transport,Crédit d'investissement,4.9,48900.0,24300.0,338000.0,5400.0,72,4.55,85.4,0.601,1,4,150,2,62.7,4500.0,48.1
BNA000690,Touati,Riad,PME,Actif,Compte courant,40,Béjaïa,Santé,Crédit personnel,11.8,429300.0,353300.0,3738000.0,57200.0,84,7.45,49.2,0.082,1,2,30,1,11.3,203800.0,69.9
BNA000691,Chibani,Amine,Particulier,Actif,Compte courant,42,Béjaïa,Commerce,Crédit équipement,3.9,86900.0,58000.0,331000.0,15200.0,24,9.5,92.4,0.781,3,2,60,2,53.1,-3000.0,28.3
BNA000692,Chibani,Yacine,PME,Actif,Compte entreprise,49,Biskra,BTPH,Crédit immobilier,8.9,1414100.0,873100.0,12664000.0,237100.0,72,10.39,55.9,0.611,2,1,5,0,31.3,2250500.0,32.0
BNA000693,Belkacem,Ilyes,Grande Entreprise,Actif,Compte entreprise,31,Laghouat,Industrie,Crédit d'investissement,6.1,1150400.0,720700.0,3729000.0,164400.0,24,5.49,59.6,0.168,2,2,90,1,28.3,53800.0,44.8
BNA000694,Boudiaf,Zakaria,PME,Actif,Compte courant,42,Djelfa,BTPH,Crédit immobilier,7.2,897100.0,591300.0,5763000.0,92000.0,72,4.71,57.4,0.389,1,0,45,2,50.5,-46000.0,96.4
BNA000695,Brahimi,Bilal,PME,Actif,Compte épargne,65,Béjaïa,Services,Crédit personnel,11.0,995400.0,626900.0,7738000.0,136300.0,72,8.16,90.8,0.303,2,0,120,2,27.8,2510900.0,79.7
BNA000696,Guediri,Nabil,Professionnel,Actif,Compte courant,47,Blida,Transport,Crédit d'exploitation,12.4,182000.0,47700.0,2344000.0,45700.0,60,6.31,27.7,0.701,1,1,0,0,24.2,484000.0,116.1
BNA000697,Brahimi,Karim,Particulier,Actif,Compte épargne,33,Batna,Santé,Crédit équipement,13.4,154000.0,28500.0,1227000.0,19300.0,84,8.3,20.8,0.817,2,0,0,0,27.3,-25500.0,91.2
BNA000698,Haddad,Oussama,Professionnel,Actif,Compte entreprise,32,Annaba,Commerce,Crédit immobilier,1.6,165900.0,91900.0,4567000.0,87100.0,60,5.42,96.2,0.427,6,0,90,1,36.3,-63800.0,61.9
BNA000699,Cherif,Oussama,Professionnel,Actif,Compte entreprise,61,Biskra,Industrie,Crédit d'investissement,12.9,138900.0,85300.0,709000.0,11700.0,72,5.86,80.4,0.421,2,1,15,2,18.2,114800.0,38.2
BNA000700,Benyahia,Nassim,Professionnel,Actif,Compte épargne,25,Laghouat,Commerce,Crédit immobilier,12.7,134800.0,63900.0,2555000.0,52300.0,60,8.39,87.9,0.508,7,2,5,1,48.6,-128100.0,70.3
BNA000701,Dahmani,Amine,PME,Actif,Compte courant,35,Laghouat,Pharmacie,Crédit d'investissement,2.1,513100.0,390300.0,2604000.0,59100.0,48,4.25,56.7,0.322,0,0,150,0,30.7,-61000.0,72.7
BNA000702,Benyahia,Ilyes,PME,Actif,Compte courant,55,Annaba,Pharmacie,Crédit personnel,5.1,468600.0,118300.0,1932000.0,43800.0,48,4.19,16.0,0.743,0,0,0,0,17.2,1821500.0,107.5
BNA000703,Hadji,Bilal,PME,Actif,Compte courant,33,Béjaïa,Santé,Crédit personnel,3.6,830000.0,564100.0,4241000.0,85200.0,60,7.62,74.3,0.326,0,1,0,3,24.4,-911900.0,87.5
BNA000704,Belkacem,Anis,PME,Actif,Compte courant,52,Béjaïa,Santé,Crédit équipement,10.1,608400.0,153600.0,5011000.0,157700.0,36,8.28,36.0,0.525,0,0,0,0,27.8,1027900.0,79.9
BNA000705,Bensalem,Farid,Particulier,Actif,Compte professionnel,40,Alger,Commerce,Crédit d'investissement,4.4,104300.0,15000.0,887000.0,14800.0,72,6.14,9.4,0.927,0,0,0,0,23.3,154100.0,137.1
BNA000706,Chibani,Aymen,Particulier,Actif,Compte courant,60,Djelfa,Pharmacie,Crédit d'investissement,4.0,100300.0,57900.0,1917000.0,58700.0,36,6.47,78.0,0.213,2,2,90,3,46.1,137300.0,94.5
BNA000707,Yahiaoui,Yacine,Particulier,Actif,Compte courant,56,Béjaïa,Transport,Crédit équipement,11.3,91100.0,51700.0,1161000.0,35800.0,36,6.9,77.2,0.558,0,1,10,2,44.4,-5800.0,24.2
BNA000708,Nouri,Bilal,PME,Actif,Compte professionnel,49,Tlemcen,Agriculture,Crédit d'exploitation,11.1,464900.0,303200.0,3517000.0,108100.0,36,6.72,100.0,0.14,3,1,10,5,26.7,195400.0,44.9
BNA000709,Djelloul,Yacine,PME,Actif,Compte courant,41,Batna,Commerce,Crédit d'exploitation,1.4,526800.0,140700.0,2815000.0,59000.0,60,9.45,19.0,0.716,0,0,0,0,11.0,1033000.0,132.2
BNA000710,Khelifi,Adel,Particulier,Actif,Compte entreprise,39,Blida,Industrie,Crédit personnel,9.6,98800.0,52400.0,751000.0,12800.0,72,7.06,92.1,0.43,1,0,120,1,65.7,-183700.0,45.8
BNA000711,Boudiaf,Amine,Particulier,Actif,Compte professionnel,41,Constantine,Commerce,Crédit d'exploitation,7.6,100900.0,66700.0,745000.0,33600.0,24,7.78,77.6,0.702,2,4,15,2,42.4,83000.0,66.4
BNA000712,Belkacem,Rachid,Particulier,Actif,Compte courant,52,Blida,Agriculture,Crédit personnel,7.9,107800.0,57800.0,759000.0,10600.0,84,4.6,64.9,0.291,3,0,60,5,60.8,150400.0,75.7
BNA000713,Belaid,Samir,PME,Actif,Compte courant,62,Alger,Pharmacie,Crédit d'investissement,10.7,648500.0,342400.0,5327000.0,158300.0,36,4.41,65.4,0.284,3,0,60,1,38.6,-654900.0,61.7
BNA000714,Amrani,Nabil,Professionnel,Actif,Compte professionnel,38,Djelfa,Pharmacie,Crédit immobilier,6.0,291900.0,163000.0,2542000.0,78600.0,36,7.13,90.5,0.168,1,3,120,3,50.8,-465700.0,20.6
BNA000715,Brahimi,Adel,Particulier,Actif,Compte courant,56,Annaba,Agriculture,Crédit personnel,7.4,52300.0,21400.0,807000.0,15700.0,60,6.17,48.0,0.436,3,0,15,0,23.7,36400.0,32.3
BNA000716,Meziane,Tarek,Particulier,Actif,Compte épargne,57,Constantine,Commerce,Crédit d'exploitation,5.4,74700.0,35900.0,752000.0,23400.0,36,7.56,73.5,0.301,0,1,120,2,40.8,-25900.0,42.2
BNA000717,Touati,Sofiane,Particulier,Actif,Compte courant,63,Djelfa,Services,Crédit personnel,17.9,93200.0,62900.0,315000.0,4800.0,84,7.17,71.3,0.369,3,1,90,3,22.0,153800.0,47.6
BNA000718,Zerrouki,Riad,Particulier,Actif,Compte courant,32,Blida,BTPH,Crédit immobilier,6.6,151300.0,19500.0,1336000.0,39700.0,36,4.45,46.6,0.887,1,0,0,0,9.4,285100.0,88.9
BNA000719,Nouri,Nabil,PME,Inactif,Compte professionnel,23,Laghouat,Transport,Crédit personnel,3.3,990200.0,433600.0,5876000.0,90100.0,72,3.33,88.4,0.371,1,1,30,4,40.6,-131500.0,34.5
BNA000720,Benali,Adel,Professionnel,Inactif,Compte courant,43,Annaba,Santé,Crédit d'exploitation,3.2,109900.0,74800.0,1373000.0,21500.0,72,4.01,75.1,0.663,2,0,30,1,30.1,-65200.0,112.6
BNA000721,Chibani,Ilyes,Particulier,Actif,Compte entreprise,48,Oran,Services,Crédit d'exploitation,6.9,41300.0,29100.0,334000.0,6400.0,60,5.87,52.3,0.366,1,1,45,1,23.2,14900.0,100.1
BNA000722,Bensalem,Adel,Particulier,Actif,Compte épargne,24,Sétif,Transport,Crédit équipement,10.3,212200.0,41500.0,2483000.0,57200.0,48,5.05,2.7,0.761,1,0,0,1,21.8,-21100.0,113.2
BNA000723,Slimani,Yacine,PME,Actif,Compte courant,53,Constantine,Industrie,Crédit d'exploitation,2.8,1329000.0,843500.0,8976000.0,399000.0,24,6.28,69.5,0.123,2,2,45,1,29.7,903500.0,92.5
BNA000724,Brahimi,Bilal,PME,Actif,Compte courant,45,Béjaïa,Commerce,Crédit d'exploitation,5.8,801800.0,445100.0,5643000.0,242600.0,24,3.04,73.9,0.244,4,0,90,1,45.0,483700.0,52.1
BNA000725,Mebarki,Walid,PME,Actif,Compte professionnel,31,Biskra,Santé,Crédit d'investissement,8.4,355000.0,223700.0,1675000.0,33700.0,60,7.69,71.9,0.549,1,1,150,1,34.5,96900.0,63.9
BNA000726,Cherif,Abdelkader,Particulier,Inactif,Compte professionnel,58,Biskra,BTPH,Crédit d'exploitation,6.8,84100.0,30200.0,647000.0,20300.0,36,8.2,64.9,0.608,4,1,45,2,52.6,65200.0,61.8
BNA000727,Chibani,Walid,Particulier,Actif,Compte entreprise,53,Djelfa,Services,Crédit équipement,7.5,109400.0,15000.0,928000.0,17500.0,60,4.85,10.2,0.601,0,0,0,0,31.7,236900.0,68.0
BNA000728,Ferhat,Anis,PME,Actif,Compte courant,41,Djelfa,Industrie,Crédit personnel,6.5,2294800.0,364000.0,14214000.0,657100.0,24,10.19,36.3,0.803,0,0,0,0,16.6,6700300.0,124.8
BNA000729,Djelloul,Tarek,Particulier,Actif,Compte entreprise,36,Sétif,Services,Crédit personnel,5.4,82700.0,20000.0,512000.0,9900.0,60,6.06,26.5,0.865,0,0,30,0,26.0,214100.0,87.9
BNA000730,Touati,Tarek,Particulier,Actif,Compte professionnel,24,Annaba,Pharmacie,Crédit personnel,8.2,137500.0,17500.0,955000.0,83000.0,12,7.79,37.8,0.815,0,0,10,1,24.3,69500.0,80.2
BNA000731,Meziane,Sofiane,Particulier,Actif,Compte professionnel,64,Annaba,Services,Crédit d'exploitation,9.0,119800.0,27300.0,740000.0,13200.0,72,8.61,28.0,0.877,0,0,0,0,25.9,55400.0,51.8
BNA000732,Zerrouki,Imad,Particulier,Actif,Compte courant,46,Blida,Transport,Crédit d'exploitation,3.4,86900.0,30200.0,533000.0,11100.0,60,9.15,2.0,0.945,0,0,0,0,8.0,225300.0,48.0
BNA000733,Mansouri,Oussama,Particulier,Actif,Compte entreprise,61,Djelfa,Santé,Crédit personnel,6.8,45400.0,26200.0,211000.0,4000.0,60,5.1,55.7,0.222,2,1,30,0,14.2,-36300.0,114.9
BNA000734,Khelifi,Hichem,PME,Actif,Compte courant,45,Tlemcen,Industrie,Crédit personnel,3.3,406900.0,118500.0,1686000.0,50900.0,36,5.47,88.6,0.796,3,1,5,1,51.8,538700.0,58.0
BNA000735,Nouri,Rachid,Particulier,Actif,Compte courant,26,Alger,Agriculture,Crédit d'exploitation,3.0,46500.0,15000.0,306000.0,5300.0,72,7.35,32.8,0.762,1,0,0,0,26.4,166400.0,151.1
BNA000736,Amrani,Hichem,Professionnel,Actif,Compte professionnel,63,Constantine,Santé,Crédit personnel,5.3,133500.0,49900.0,1386000.0,26000.0,60,4.8,16.5,0.722,0,0,0,0,18.6,360800.0,110.7
BNA000737,Belkacem,Islam,Grande Entreprise,Actif,Compte courant,46,Constantine,Pharmacie,Crédit personnel,6.0,10353800.0,5194500.0,31690000.0,728200.0,48,4.89,82.9,0.406,2,2,5,3,27.4,12869300.0,77.2
BNA000738,Mansouri,Rachid,Particulier,Actif,Compte courant,59,Béjaïa,Industrie,Crédit d'investissement,1.7,149800.0,90200.0,1453000.0,36100.0,48,8.94,85.1,0.245,0,1,5,1,38.9,96900.0,88.2
BNA000739,Yahiaoui,Aymen,Particulier,Actif,Compte entreprise,29,Tlemcen,Santé,Crédit d'investissement,15.8,84600.0,20200.0,669000.0,12100.0,72,9.06,6.2,0.744,0,0,0,0,4.0,129900.0,72.7
BNA000740,Cherif,Mourad,Particulier,Actif,Compte épargne,31,Batna,Transport,Crédit d'exploitation,6.3,94400.0,59100.0,951000.0,14500.0,84,7.22,78.6,0.564,0,3,150,0,36.4,74800.0,37.0
BNA000741,Khelifi,Ahmed,Particulier,Actif,Compte entreprise,24,Blida,Services,Crédit personnel,10.0,78500.0,66000.0,564000.0,48500.0,12,5.98,68.4,0.335,1,3,30,2,56.3,83500.0,59.8
BNA000742,Guediri,Mohamed,Professionnel,Actif,Compte courant,23,Djelfa,Agriculture,Crédit équipement,7.6,150000.0,25100.0,1465000.0,27600.0,60,4.87,25.4,0.612,0,0,0,0,17.2,326800.0,43.7
BNA000743,Mansouri,Nassim,PME,Actif,Compte courant,59,Batna,Agriculture,Crédit d'exploitation,2.1,893000.0,442000.0,9842000.0,222500.0,48,4.07,94.9,0.51,2,2,60,2,22.8,-336200.0,69.6
BNA000744,Saidi,Islam,Particulier,Actif,Compte épargne,32,Djelfa,Santé,Crédit d'investissement,7.0,85000.0,19900.0,719000.0,21800.0,36,5.93,21.2,0.561,0,0,0,0,7.8,308600.0,68.9
BNA000745,Boudiaf,Amine,PME,Actif,Compte professionnel,24,Annaba,Commerce,Crédit d'investissement,9.1,513000.0,118200.0,2923000.0,126800.0,24,3.88,63.2,0.596,1,0,0,0,14.6,-95200.0,96.7
BNA000746,Hadji,Hichem,Particulier,Actif,Compte entreprise,41,Alger,Industrie,Crédit équipement,20.0,209100.0,63800.0,1602000.0,69800.0,24,4.29,39.7,0.332,2,1,5,3,37.0,89300.0,105.1
BNA000747,Gacem,Rachid,PME,Actif,Compte professionnel,59,Tlemcen,Santé,Crédit d'investissement,1.7,368500.0,204700.0,4563000.0,147400.0,36,10.08,65.8,0.308,4,1,30,2,60.6,-75200.0,101.9
BNA000748,Chibani,Aymen,PME,Actif,Compte entreprise,45,Oran,BTPH,Crédit immobilier,13.4,1921300.0,730600.0,8345000.0,382200.0,24,9.25,49.8,0.597,0,1,15,0,40.9,-807100.0,86.0
BNA000749,Boudiaf,Farid,Particulier,Actif,Compte courant,51,Laghouat,BTPH,Crédit d'exploitation,12.7,144700.0,103600.0,779000.0,24600.0,36,8.46,40.2,0.157,2,2,90,3,41.5,-35000.0,86.2
BNA000750,Brahimi,Kamel,PME,Actif,Compte épargne,57,Alger,Commerce,Crédit d'exploitation,8.8,3349300.0,1878700.0,10162000.0,207900.0,60,8.38,82.5,0.275,4,1,30,2,42.7,3473000.0,58.1
BNA000751,Mokhtar,Adel,PME,Actif,Compte courant,49,Béjaïa,Agriculture,Crédit d'exploitation,2.7,378800.0,273500.0,6434000.0,98200.0,72,3.16,99.5,0.528,3,0,30,1,55.0,302800.0,59.4
BNA000752,Brahimi,Nassim,Grande Entreprise,Actif,Compte courant,31,Alger,Services,Crédit d'investissement,2.1,4098500.0,2759000.0,12817000.0,232100.0,72,9.17,62.0,0.4,0,1,45,2,42.1,3168000.0,80.8
BNA000753,Larbi,Salim,Particulier,Actif,Compte épargne,65,Djelfa,Agriculture,Crédit d'exploitation,7.5,49200.0,32200.0,200000.0,3600.0,60,3.37,77.6,0.429,4,4,45,1,52.7,700.0,24.7
BNA000754,Benyahia,Ilyes,Particulier,Actif,Compte courant,52,Blida,Transport,Crédit d'investissement,10.9,61200.0,30600.0,371000.0,16100.0,24,3.74,77.6,0.517,3,0,30,1,35.3,-135800.0,52.4
BNA000755,Chibani,Mourad,PME,Actif,Compte courant,59,Oran,Industrie,Crédit personnel,9.4,383900.0,132000.0,2051000.0,62200.0,36,5.76,58.6,0.306,1,1,30,2,51.7,-476300.0,44.4
BNA000756,Amrani,Salim,Professionnel,Actif,Compte courant,64,Annaba,Agriculture,Crédit personnel,10.1,357100.0,250100.0,1854000.0,34200.0,60,4.03,65.5,0.32,2,0,30,3,45.9,481700.0,46.1
BNA000757,Boudiaf,Salim,Particulier,Actif,Compte courant,58,Biskra,Agriculture,Crédit d'investissement,10.0,58600.0,23400.0,1061000.0,33800.0,36,9.11,66.9,0.248,3,0,45,3,47.2,88600.0,64.3
BNA000758,Amrani,Nassim,Particulier,Actif,Compte épargne,27,Sétif,Agriculture,Crédit d'investissement,8.3,119600.0,52600.0,1319000.0,20700.0,72,4.13,95.1,0.645,2,1,120,1,32.9,-38600.0,56.6
BNA000759,Mokhtar,Amine,Professionnel,Inactif,Compte courant,63,Oran,Agriculture,Crédit personnel,5.8,406200.0,228400.0,1758000.0,33600.0,60,5.53,72.1,0.443,4,1,30,4,29.9,157200.0,61.9
BNA000760,Bensalem,Ibrahim,Particulier,Actif,Compte professionnel,42,Biskra,Santé,Crédit immobilier,7.9,112700.0,65000.0,1853000.0,45500.0,48,8.28,81.9,0.255,3,1,120,0,49.5,162600.0,78.7
BNA000761,Belaid,Islam,Professionnel,Inactif,Compte entreprise,64,Constantine,Pharmacie,Crédit d'exploitation,7.4,261700.0,109700.0,4325000.0,73000.0,72,6.66,16.0,0.939,0,0,0,0,12.1,906100.0,87.2
BNA000762,Mokhtar,Adel,Particulier,Actif,Compte courant,65,Blida,Agriculture,Crédit d'investissement,3.4,75200.0,59900.0,1075000.0,33000.0,36,6.61,73.7,0.0,2,1,30,1,15.9,16000.0,30.7
BNA000763,Brahimi,Karim,Particulier,Actif,Compte épargne,39,Béjaïa,Services,Crédit d'exploitation,4.6,184800.0,45300.0,1823000.0,41400.0,48,4.28,14.8,0.719,0,0,0,0,18.3,417100.0,94.1
BNA000764,Larbi,Youcef,PME,Inactif,Compte courant,46,Constantine,Commerce,Crédit d'exploitation,8.5,1265700.0,424400.0,16447000.0,532000.0,36,10.17,85.9,0.15,6,0,90,3,53.0,-366900.0,77.9
BNA000765,Benali,Adel,Grande Entreprise,Actif,Compte épargne,26,Alger,Commerce,Crédit personnel,11.4,3317500.0,1679800.0,47912000.0,1438600.0,36,5.12,39.0,0.186,1,2,120,1,39.7,1233300.0,119.3
BNA000766,Rahmani,Ilyes,Particulier,Actif,Compte professionnel,32,Béjaïa,Santé,Crédit équipement,4.1,75000.0,15000.0,848000.0,27100.0,36,9.29,17.7,0.381,0,1,0,0,9.6,190200.0,98.2
BNA000767,Larbi,Yacine,Grande Entreprise,Actif,Compte épargne,25,Tlemcen,Services,Crédit d'exploitation,0.7,1587100.0,373400.0,10175000.0,157200.0,72,3.57,26.0,0.501,0,0,0,0,21.2,3606900.0,77.6
BNA000768,Saidi,Mourad,Particulier,Actif,Compte courant,28,Laghouat,Agriculture,Crédit personnel,9.7,55800.0,40300.0,1768000.0,33100.0,60,4.67,77.0,0.292,2,1,90,3,58.0,52400.0,38.6
BNA000769,Hadji,Rachid,PME,Inactif,Compte épargne,28,Biskra,Pharmacie,Crédit immobilier,7.7,378200.0,214400.0,4230000.0,132900.0,36,8.19,68.1,0.203,4,0,30,1,58.7,-167800.0,62.8
BNA000770,Meziane,Samir,Particulier,Actif,Compte courant,46,Tlemcen,Industrie,Crédit immobilier,6.8,105200.0,73400.0,1241000.0,22300.0,60,3.0,43.6,0.415,1,0,45,2,59.5,63200.0,75.6
BNA000771,Mebarki,Amine,Particulier,Actif,Compte courant,23,Djelfa,Industrie,Crédit personnel,15.4,197100.0,120200.0,2200000.0,54200.0,48,8.43,77.8,0.222,3,0,10,2,23.9,134000.0,93.3
BNA000772,Mokhtar,Karim,Particulier,Actif,Compte courant,47,Sétif,Pharmacie,Crédit personnel,1.4,111400.0,15000.0,433000.0,8200.0,60,5.31,55.5,0.866,0,0,0,1,28.5,152000.0,70.6
BNA000773,Meziane,Mohamed,Grande Entreprise,Actif,Compte entreprise,62,Annaba,Transport,Crédit d'exploitation,4.1,981000.0,429100.0,16236000.0,345300.0,60,10.05,83.3,0.607,1,1,60,0,30.5,-1168400.0,19.0
BNA000774,Hadji,Islam,PME,Actif,Compte courant,43,Sétif,Transport,Crédit d'exploitation,13.3,779300.0,505000.0,9007000.0,188000.0,60,9.25,80.9,0.438,3,0,60,0,53.7,72100.0,50.9
BNA000775,Bensalem,Mourad,PME,Actif,Compte courant,49,Laghouat,Pharmacie,Crédit personnel,7.0,1191300.0,148100.0,17929000.0,354500.0,60,6.94,20.3,0.899,0,0,0,0,39.9,-301200.0,109.1
BNA000776,Yahiaoui,Kamel,Particulier,Suspendu,Compte épargne,41,Oran,BTPH,Crédit personnel,4.7,147500.0,94900.0,992000.0,19300.0,60,6.26,61.7,0.265,2,0,15,1,30.7,74500.0,41.4
BNA000777,Rahmani,Ibrahim,Particulier,Actif,Compte professionnel,60,Alger,Industrie,Crédit d'exploitation,9.4,139800.0,110600.0,2350000.0,105400.0,24,7.14,64.0,0.342,1,1,90,4,53.2,197200.0,86.8
BNA000778,Rahmani,Mourad,Particulier,Actif,Compte professionnel,62,Blida,BTPH,Crédit d'investissement,10.7,77900.0,53100.0,443000.0,6900.0,72,3.74,75.5,0.881,2,1,120,1,31.9,80100.0,67.8
BNA000779,Nouri,Oussama,PME,Actif,Compte épargne,59,Tlemcen,Industrie,Crédit d'investissement,5.9,236100.0,92500.0,1943000.0,165400.0,12,3.97,76.7,0.401,1,2,30,1,49.4,-453300.0,107.3
BNA000780,Mebarki,Rachid,PME,Actif,Compte professionnel,53,Oran,Transport,Crédit d'exploitation,4.3,1189300.0,604100.0,14384000.0,460900.0,36,9.52,91.5,0.392,3,2,5,2,31.1,-469900.0,104.4
BNA000781,Ferhat,Anis,PME,Actif,Compte courant,51,Batna,Transport,Crédit d'investissement,5.5,422200.0,292300.0,3435000.0,104300.0,36,5.86,87.3,0.288,1,0,5,1,51.2,-287800.0,58.5
BNA000782,Dahmani,Nassim,Professionnel,Actif,Compte courant,63,Annaba,Industrie,Crédit d'investissement,6.9,252300.0,43700.0,2478000.0,36100.0,84,5.89,12.2,0.885,0,0,0,0,29.1,329800.0,65.2
BNA000783,Larbi,Ibrahim,PME,Actif,Compte épargne,54,Annaba,Pharmacie,Crédit d'investissement,8.3,558200.0,360100.0,3529000.0,79400.0,48,3.85,86.4,0.202,0,2,30,0,41.2,145300.0,38.9
BNA000784,Amrani,Abdelkader,PME,Actif,Compte entreprise,33,Oran,Services,Crédit immobilier,8.1,489100.0,245600.0,2052000.0,60100.0,36,3.48,80.1,0.616,3,0,90,0,45.9,288600.0,63.1
BNA000785,Cherif,Walid,Particulier,Actif,Compte courant,39,Djelfa,Transport,Crédit d'exploitation,3.7,101300.0,61000.0,1286000.0,28600.0,48,3.23,89.2,0.496,0,0,90,1,53.1,9500.0,66.5
BNA000786,Benyahia,Anis,PME,Actif,Compte courant,25,Tlemcen,BTPH,Crédit d'exploitation,1.4,430200.0,239300.0,3829000.0,63200.0,72,5.88,90.3,0.358,2,2,60,1,43.1,252700.0,111.7
BNA000787,Benali,Ahmed,PME,Actif,Compte épargne,32,Alger,Services,Crédit personnel,1.6,931600.0,200300.0,10042000.0,196000.0,60,6.4,16.3,0.958,0,0,0,0,20.0,-453300.0,144.7
BNA000788,Mebarki,Ahmed,PME,Actif,Compte courant,51,Blida,Santé,Crédit personnel,17.0,1117900.0,820900.0,11533000.0,353900.0,36,6.58,47.5,0.534,2,2,30,2,40.9,-1847700.0,41.5
BNA000789,Amrani,Riad,Particulier,Actif,Compte courant,54,Blida,Transport,Crédit personnel,5.9,91100.0,32400.0,669000.0,12100.0,60,3.14,75.3,0.336,3,0,90,2,50.0,113400.0,53.3
BNA000790,Mebarki,Youcef,Particulier,Actif,Compte professionnel,63,Biskra,Transport,Crédit d'exploitation,10.1,102600.0,32600.0,923000.0,21800.0,48,6.25,73.7,0.045,0,0,15,4,42.4,62000.0,93.1
BNA000791,Meziane,Ilyes,PME,Actif,Compte professionnel,33,Biskra,BTPH,Crédit équipement,3.9,633500.0,343300.0,6521000.0,195200.0,36,4.93,79.2,0.411,1,0,90,3,32.2,1456200.0,73.3
BNA000792,Dahmani,Kamel,Particulier,Actif,Compte épargne,49,Djelfa,Santé,Crédit d'investissement,5.2,98600.0,19100.0,660000.0,10700.0,72,5.28,33.3,0.936,0,0,10,0,19.5,246000.0,177.4
BNA000793,Chibani,Mohamed,PME,Actif,Compte courant,44,Tlemcen,BTPH,Crédit équipement,9.6,372100.0,141600.0,1760000.0,31800.0,72,9.14,71.0,0.097,0,1,150,2,27.5,-88100.0,71.1
BNA000794,Dahmani,Nassim,Grande Entreprise,Actif,Compte entreprise,28,Blida,Services,Crédit d'investissement,4.1,2344300.0,892900.0,9870000.0,235000.0,48,6.7,28.7,0.781,0,2,0,2,35.3,3426900.0,130.0
BNA000795,Mansouri,Nassim,PME,Actif,Compte courant,33,Blida,Santé,Crédit équipement,7.8,350200.0,190400.0,1672000.0,145100.0,12,7.59,49.1,0.252,0,0,10,1,29.3,-214400.0,69.5
BNA000796,Saidi,Farid,Particulier,Actif,Compte courant,64,Blida,Pharmacie,Crédit d'investissement,4.9,234800.0,136400.0,2190000.0,36100.0,72,5.81,78.3,0.754,3,1,150,1,49.7,392900.0,69.1
BNA000797,Bensalem,Zakaria,Professionnel,Actif,Compte courant,32,Batna,Santé,Crédit personnel,8.0,212300.0,139100.0,2234000.0,98400.0,24,5.39,65.6,0.569,1,1,30,2,17.4,84900.0,22.6
BNA000798,Benali,Karim,Particulier,Actif,Compte épargne,31,Béjaïa,Pharmacie,Crédit personnel,15.9,68600.0,37600.0,418000.0,9800.0,48,5.99,63.1,0.0,0,1,60,2,56.8,40500.0,110.1
BNA000799,Zerrouki,Nassim,PME,Actif,Compte épargne,29,Laghouat,Commerce,Crédit immobilier,3.8,438800.0,282500.0,1425000.0,27800.0,60,6.4,67.9,0.274,4,1,60,3,44.6,168000.0,81.6
BNA000800,Benyahia,Tarek,Particulier,Actif,Compte courant,48,Batna,BTPH,Crédit personnel,2.4,65200.0,45900.0,844000.0,38000.0,24,7.55,84.4,0.295,1,1,60,1,28.8,-8300.0,40.4
BNA000801,Chibani,Nassim,Particulier,Actif,Compte courant,47,Batna,BTPH,Crédit équipement,4.9,57300.0,25100.0,451000.0,14100.0,36,8.0,79.8,0.339,4,0,30,1,26.5,18300.0,35.7
BNA000802,Brahimi,Ilyes,Particulier,Actif,Compte entreprise,60,Alger,Santé,Crédit d'exploitation,5.2,100300.0,40100.0,811000.0,12700.0,72,4.16,36.3,0.875,1,1,15,0,20.8,91600.0,80.9
BNA000803,Ferhat,Karim,Grande Entreprise,Actif,Compte courant,50,Annaba,Services,Crédit d'exploitation,10.8,2977900.0,2123800.0,17670000.0,544700.0,36,6.89,93.1,0.675,5,3,45,2,28.3,1298600.0,66.2
BNA000804,Dahmani,Nassim,Particulier,Actif,Compte courant,57,Blida,BTPH,Crédit d'exploitation,6.2,131400.0,96800.0,2446000.0,73400.0,36,5.09,69.9,0.545,4,1,60,0,52.1,-121500.0,88.2
BNA000805,Guediri,Adel,Particulier,Actif,Compte courant,23,Djelfa,Services,Crédit d'exploitation,1.1,86800.0,31800.0,298000.0,7500.0,48,9.59,82.8,0.442,2,0,150,2,29.2,-110200.0,72.8
BNA000806,Haddad,Ilyes,Particulier,Actif,Compte courant,35,Constantine,Services,Crédit équipement,2.8,62200.0,15000.0,538000.0,12800.0,48,6.82,48.9,0.529,3,2,0,3,36.5,-5300.0,84.6
BNA000807,Yahiaoui,Ilyes,PME,Actif,Compte professionnel,41,Tlemcen,Transport,Crédit immobilier,4.6,348600.0,162700.0,3244000.0,103900.0,36,9.52,97.8,0.639,2,0,0,4,28.0,641500.0,89.5
BNA000808,Saidi,Nassim,Particulier,Actif,Compte épargne,23,Laghouat,Transport,Crédit d'investissement,10.1,46000.0,19200.0,200000.0,3100.0,72,3.36,86.6,0.182,1,1,5,1,55.1,-74800.0,60.3
BNA000809,Belkacem,Yacine,PME,Actif,Compte courant,54,Biskra,Industrie,Crédit équipement,1.7,640500.0,128200.0,3942000.0,65000.0,72,5.83,24.4,0.829,0,0,0,0,16.0,1189200.0,103.3
BNA000810,Yahiaoui,Yacine,Particulier,Actif,Compte épargne,26,Oran,Industrie,Crédit immobilier,8.3,102100.0,58300.0,556000.0,17800.0,36,9.56,39.5,0.338,2,1,60,2,66.9,94800.0,79.5
BNA000811,Brahimi,Bilal,Particulier,Actif,Compte courant,42,Oran,Industrie,Crédit d'exploitation,12.1,126200.0,101800.0,479000.0,21100.0,24,5.57,65.4,0.112,3,2,30,2,58.8,150000.0,68.4
BNA000812,Meziane,Tarek,Particulier,Actif,Compte épargne,62,Blida,Commerce,Crédit d'investissement,4.8,48600.0,19200.0,576000.0,13800.0,48,6.95,81.7,0.468,4,0,90,1,73.2,-33500.0,52.8
BNA000813,Haddad,Oussama,Particulier,Actif,Compte entreprise,57,Annaba,Industrie,Crédit personnel,0.6,86000.0,49100.0,609000.0,14400.0,48,6.49,81.5,0.436,2,3,5,1,36.9,47400.0,68.2
BNA000814,Gacem,Kamel,Particulier,Actif,Compte épargne,62,Annaba,Industrie,Crédit immobilier,16.9,74300.0,35600.0,776000.0,66400.0,12,5.04,80.3,0.43,1,2,90,0,46.0,71000.0,68.2
BNA000815,Mokhtar,Yacine,Particulier,Actif,Compte professionnel,27,Biskra,Commerce,Crédit personnel,14.7,115900.0,87900.0,1925000.0,36400.0,60,5.14,75.6,0.462,4,2,60,4,58.8,169600.0,74.8
BNA000816,Yahiaoui,Ibrahim,Particulier,Actif,Compte courant,34,Sétif,Santé,Crédit immobilier,1.7,97800.0,15000.0,541000.0,10300.0,60,5.5,9.6,0.849,0,0,0,0,34.7,136300.0,78.6
BNA000817,Saidi,Youcef,PME,Actif,Compte épargne,24,Sétif,Santé,Crédit personnel,11.5,471000.0,151400.0,3791000.0,89600.0,48,6.3,15.2,0.977,0,1,0,1,33.7,1308300.0,106.8
BNA000818,Mokhtar,Amine,Particulier,Actif,Compte courant,46,Laghouat,Transport,Crédit personnel,20.0,154900.0,126000.0,1464000.0,32700.0,48,3.53,61.0,0.585,3,1,30,4,40.8,43500.0,49.0
BNA000819,Rahmani,Anis,PME,Actif,Compte courant,33,Laghouat,Industrie,Crédit équipement,4.9,402200.0,304300.0,2799000.0,55100.0,60,6.76,87.0,0.099,5,1,30,1,38.9,401100.0,3.2
BNA000820,Larbi,Imad,Particulier,Actif,Compte épargne,37,Biskra,Agriculture,Crédit d'investissement,5.8,43100.0,34100.0,200000.0,4000.0,60,7.63,79.7,0.248,3,1,60,0,40.9,20300.0,51.0
BNA000821,Khelifi,Aymen,Particulier,Actif,Compte courant,36,Laghouat,Commerce,Crédit d'exploitation,9.7,109300.0,48400.0,582000.0,25700.0,24,5.47,45.0,0.423,5,1,10,0,38.3,36800.0,60.6
BNA000822,Bensalem,Sofiane,Particulier,Actif,Compte épargne,26,Djelfa,Santé,Crédit d'exploitation,3.1,109200.0,66900.0,794000.0,17100.0,60,10.48,44.4,0.658,3,2,30,2,44.2,-32500.0,26.4
BNA000823,Rahmani,Riad,PME,Actif,Compte entreprise,65,Batna,Commerce,Crédit personnel,3.6,871300.0,545300.0,7615000.0,338800.0,24,6.37,74.0,0.19,1,0,45,2,45.8,1343700.0,65.0
BNA000824,Bensalem,Ibrahim,Grande Entreprise,Actif,Compte épargne,44,Oran,Pharmacie,Crédit personnel,5.5,1770300.0,1246300.0,3403000.0,78000.0,48,4.78,85.2,0.29,1,0,15,1,45.4,3951900.0,37.5
BNA000825,Gacem,Ibrahim,Grande Entreprise,Actif,Compte courant,63,Sétif,Santé,Crédit immobilier,4.0,1310900.0,1003300.0,4754000.0,142600.0,36,5.05,73.6,0.396,1,1,90,5,34.0,-67800.0,63.4
BNA000826,Dahmani,Walid,Particulier,Actif,Compte entreprise,64,Alger,Industrie,Crédit d'exploitation,6.8,139200.0,86200.0,832000.0,13100.0,72,4.26,59.5,0.768,5,0,150,0,38.5,187100.0,56.6
BNA000827,Slimani,Ahmed,PME,Actif,Compte courant,39,Blida,Santé,Crédit d'exploitation,0.4,453400.0,220400.0,4090000.0,64600.0,72,4.34,64.4,0.509,4,2,60,2,47.4,-126700.0,55.6
BNA000828,Guediri,Tarek,PME,Actif,Compte courant,33,Djelfa,Services,Crédit personnel,5.0,280800.0,90800.0,2289000.0,37800.0,84,9.83,47.3,0.476,0,0,0,0,23.6,574100.0,141.6
BNA000829,Haddad,Mourad,Particulier,Actif,Compte courant,47,Constantine,BTPH,Crédit immobilier,4.5,88200.0,46400.0,327000.0,5800.0,72,8.71,99.9,0.401,1,0,90,1,32.5,-78000.0,16.5
BNA000830,Haddad,Yacine,PME,Actif,Compte épargne,55,Laghouat,BTPH,Crédit d'exploitation,3.7,595600.0,253400.0,4356000.0,103400.0,48,6.57,84.5,0.262,1,0,10,3,31.2,995200.0,45.4
BNA000831,Mebarki,Abdelkader,PME,Actif,Compte épargne,44,Annaba,BTPH,Crédit immobilier,12.8,475100.0,310000.0,6855000.0,309100.0,24,7.7,89.9,0.56,2,0,30,0,12.9,-188900.0,37.2
BNA000832,Hadji,Karim,PME,Actif,Compte épargne,40,Béjaïa,Santé,Crédit équipement,10.9,773500.0,300700.0,6030000.0,115800.0,60,5.74,15.1,0.861,2,0,0,0,29.4,182600.0,113.5
BNA000833,Mokhtar,Rachid,Particulier,Actif,Compte épargne,57,Oran,Transport,Crédit personnel,5.4,154500.0,96900.0,1438000.0,26000.0,60,3.28,75.4,0.38,2,0,0,0,50.4,83200.0,64.9
BNA000834,Rahmani,Riad,PME,Actif,Compte courant,39,Béjaïa,Transport,Crédit équipement,8.9,1480800.0,709500.0,6599000.0,139800.0,60,9.88,41.4,0.481,2,0,120,2,37.0,-11000.0,38.6
BNA000835,Hadji,Tarek,Particulier,Actif,Compte épargne,36,Alger,Pharmacie,Crédit immobilier,6.2,79800.0,43700.0,1226000.0,36700.0,36,4.93,87.4,0.791,2,1,10,1,45.1,-17700.0,94.9
BNA000836,Mebarki,Aymen,Particulier,Actif,Compte épargne,31,Alger,Transport,Crédit d'exploitation,3.5,66600.0,50200.0,573000.0,13900.0,48,7.83,88.2,0.237,3,1,0,1,39.6,98400.0,60.5
BNA000837,Gacem,Aymen,Professionnel,Actif,Compte épargne,53,Biskra,Commerce,Crédit d'exploitation,7.0,437500.0,249800.0,1810000.0,32600.0,72,9.0,54.2,0.133,2,1,45,5,29.2,430800.0,103.1
BNA000838,Guediri,Amine,Particulier,Actif,Compte courant,43,Alger,Transport,Crédit d'exploitation,14.2,70900.0,28500.0,496000.0,9200.0,60,4.42,69.7,0.305,3,0,90,1,43.6,-53300.0,67.0
BNA000839,Gacem,Riad,PME,Inactif,Compte professionnel,56,Béjaïa,Commerce,Crédit d'exploitation,6.0,408200.0,212900.0,2294000.0,32300.0,84,4.93,60.8,0.213,2,3,30,3,25.6,-245700.0,77.9
BNA000840,Meziane,Sofiane,PME,Actif,Compte épargne,25,Annaba,Transport,Crédit immobilier,1.3,686000.0,356700.0,7426000.0,236000.0,36,8.95,74.7,0.658,2,1,120,0,44.8,87600.0,75.0
BNA000841,Hadji,Salim,Particulier,Actif,Compte courant,49,Alger,BTPH,Crédit personnel,16.4,74500.0,23000.0,497000.0,15100.0,36,5.83,19.6,0.871,0,0,0,0,4.0,95200.0,182.4
BNA000842,Djelloul,Nabil,Particulier,Actif,Compte épargne,28,Tlemcen,Commerce,Crédit équipement,5.2,60700.0,26700.0,337000.0,8100.0,48,7.2,73.7,0.128,3,0,90,1,22.0,36200.0,38.2
BNA000843,Ferhat,Ilyes,Particulier,Actif,Compte courant,39,Alger,Agriculture,Crédit équipement,8.6,115200.0,64000.0,857000.0,27600.0,36,9.78,86.0,0.53,3,2,45,1,29.3,-55100.0,91.4
BNA000844,Hadji,Imad,Particulier,Actif,Compte entreprise,25,Béjaïa,BTPH,Crédit équipement,8.2,63300.0,39700.0,384000.0,6400.0,72,5.94,81.5,0.135,3,1,15,2,60.1,59300.0,63.9
BNA000845,Zerrouki,Ilyes,Particulier,Actif,Compte épargne,44,Laghouat,Santé,Crédit personnel,8.2,100400.0,43400.0,1662000.0,49700.0,36,4.89,63.6,0.447,3,0,150,0,48.0,138300.0,53.7
BNA000846,Rahmani,Ilyes,Particulier,Actif,Compte courant,63,Sétif,Commerce,Crédit d'exploitation,11.8,76200.0,30000.0,493000.0,9000.0,60,3.62,83.3,0.365,1,0,60,3,47.1,-67800.0,45.5
BNA000847,Mansouri,Yacine,PME,Actif,Compte épargne,39,Djelfa,Santé,Crédit d'investissement,11.4,737000.0,543500.0,4353000.0,78800.0,60,3.28,77.5,0.172,2,1,120,0,24.3,-1088800.0,44.1
BNA000848,Brahimi,Karim,Particulier,Actif,Compte courant,45,Béjaïa,Agriculture,Crédit équipement,5.4,125100.0,51500.0,1357000.0,115300.0,12,3.52,44.6,0.375,4,1,0,2,8.5,-59500.0,40.2
BNA000849,Belkacem,Rachid,Particulier,Actif,Compte courant,51,Sétif,Pharmacie,Crédit d'investissement,1.8,172400.0,105800.0,912000.0,17100.0,60,4.83,59.6,0.316,1,3,45,4,28.1,155400.0,64.7
BNA000850,Mebarki,Mohamed,Particulier,Actif,Compte épargne,47,Biskra,BTPH,Crédit personnel,5.3,123800.0,17700.0,602000.0,52300.0,12,7.9,22.7,0.933,1,1,10,0,20.9,320000.0,123.6
BNA000851,Haddad,Riad,Particulier,Actif,Compte courant,54,Biskra,BTPH,Crédit d'exploitation,5.2,56800.0,18100.0,1081000.0,20100.0,60,4.32,74.5,0.47,0,1,10,1,45.3,-42100.0,83.5
BNA000852,Haddad,Ilyes,PME,Actif,Compte épargne,40,Sétif,Commerce,Crédit équipement,7.3,157900.0,85700.0,1198000.0,19400.0,84,9.2,94.5,0.721,6,0,30,1,38.4,321300.0,74.8
BNA000853,Hadji,Salim,Particulier,Actif,Compte épargne,55,Laghouat,Services,Crédit immobilier,10.6,57500.0,23000.0,205000.0,6000.0,36,3.55,78.9,0.378,2,2,45,5,36.5,-38300.0,41.8
BNA000854,Haddad,Bilal,Particulier,Actif,Compte courant,36,Alger,Santé,Crédit immobilier,4.6,66200.0,43400.0,466000.0,6700.0,84,5.54,75.2,0.505,2,0,60,1,35.8,62000.0,58.6
BNA000855,Rahmani,Bilal,Particulier,Actif,Compte entreprise,48,Alger,Transport,Crédit d'exploitation,14.1,72500.0,52000.0,445000.0,6700.0,84,6.92,98.4,0.219,1,4,90,2,54.3,55200.0,103.9
BNA000856,Mokhtar,Islam,Particulier,Actif,Compte courant,37,Annaba,Pharmacie,Crédit d'exploitation,2.1,52200.0,17200.0,296000.0,4000.0,84,3.7,7.8,0.574,0,0,0,0,34.6,165100.0,94.7
BNA000857,Mokhtar,Tarek,PME,Inactif,Compte courant,25,Batna,Services,Crédit équipement,16.7,943700.0,622700.0,11463000.0,333500.0,36,3.02,62.9,0.567,4,0,120,5,68.0,1265600.0,94.4
BNA000858,Touati,Samir,Particulier,Actif,Compte courant,37,Oran,Agriculture,Crédit d'investissement,1.3,91900.0,16000.0,1296000.0,19700.0,72,3.06,28.6,0.804,1,0,0,0,13.0,238000.0,89.0
BNA000859,Khelifi,Mohamed,Professionnel,Actif,Compte entreprise,58,Constantine,Agriculture,Crédit équipement,3.7,97900.0,48200.0,1037000.0,16900.0,72,5.51,57.7,0.285,1,2,15,1,43.8,112000.0,102.3
BNA000860,Touati,Nassim,Particulier,Actif,Compte épargne,35,Laghouat,Transport,Crédit d'exploitation,1.9,62900.0,15000.0,314000.0,7200.0,48,4.51,19.4,0.662,0,0,0,0,18.9,194500.0,143.1
BNA000861,Boudiaf,Islam,Particulier,Actif,Compte courant,35,Sétif,BTPH,Crédit personnel,16.6,243700.0,137800.0,2331000.0,55900.0,48,7.07,52.0,0.163,1,2,150,1,50.7,26100.0,91.4
BNA000862,Belaid,Bilal,PME,Inactif,Compte épargne,56,Béjaïa,Agriculture,Crédit équipement,0.9,554300.0,260100.0,7478000.0,146100.0,60,6.45,32.7,0.397,2,2,5,0,48.9,537500.0,66.0
BNA000863,Guediri,Tarek,Professionnel,Actif,Compte entreprise,32,Annaba,Santé,Crédit équipement,7.2,237600.0,145800.0,755000.0,32600.0,24,3.45,67.4,0.374,1,1,90,4,34.0,183900.0,56.6
BNA000864,Benali,Nabil,Particulier,Actif,Compte courant,45,Oran,Agriculture,Crédit personnel,7.3,59700.0,24700.0,488000.0,22200.0,24,8.41,31.0,0.877,0,0,0,0,21.2,107200.0,96.3
BNA000865,Slimani,Adel,PME,Actif,Compte courant,35,Biskra,BTPH,Crédit d'investissement,5.6,573500.0,252000.0,5870000.0,84200.0,84,5.46,36.4,0.537,1,0,0,0,9.6,843800.0,114.6
BNA000866,Larbi,Amine,Particulier,Actif,Compte courant,56,Djelfa,BTPH,Crédit immobilier,0.6,57000.0,46900.0,648000.0,13500.0,60,9.09,62.9,0.627,1,1,120,1,32.6,22400.0,67.4
BNA000867,Benyahia,Imad,PME,Suspendu,Compte professionnel,46,Oran,Pharmacie,Crédit d'exploitation,3.4,787800.0,207300.0,5062000.0,122100.0,48,7.36,5.3,0.686,1,0,0,0,29.0,1092300.0,72.4
BNA000868,Haddad,Zakaria,PME,Actif,Compte épargne,32,Alger,Transport,Crédit immobilier,7.4,634800.0,113900.0,3575000.0,86200.0,48,7.37,27.0,0.946,1,0,0,0,37.0,963800.0,141.3
BNA000869,Hadji,Ilyes,Particulier,Actif,Compte courant,59,Annaba,Santé,Crédit personnel,3.1,76000.0,15000.0,691000.0,21800.0,36,8.39,39.1,0.32,0,0,0,0,5.5,197100.0,122.7
BNA000870,Hadji,Riad,Professionnel,Actif,Compte épargne,55,Alger,Transport,Crédit d'exploitation,6.4,199300.0,156300.0,3642000.0,115500.0,36,8.83,69.3,0.205,5,0,90,1,60.7,47800.0,72.9
BNA000871,Zerrouki,Nassim,PME,Actif,Compte courant,58,Tlemcen,Industrie,Crédit d'exploitation,12.2,704000.0,574900.0,6725000.0,310200.0,24,9.95,67.4,0.073,3,1,0,1,44.4,207200.0,48.6
BNA000872,Benyahia,Riad,Professionnel,Actif,Compte courant,60,Alger,Agriculture,Crédit équipement,8.8,253100.0,56700.0,2466000.0,57700.0,48,5.84,37.4,0.932,0,0,0,1,7.0,968700.0,147.3
BNA000873,Belaid,Oussama,Particulier,Actif,Compte professionnel,40,Sétif,Industrie,Crédit d'investissement,8.0,103500.0,73700.0,876000.0,20100.0,48,4.72,58.6,0.108,2,2,30,7,66.0,154400.0,66.2
BNA000874,Yahiaoui,Ahmed,Grande Entreprise,Actif,Compte courant,63,Constantine,Santé,Crédit équipement,6.2,1248500.0,854400.0,7426000.0,165300.0,48,3.28,65.3,0.113,1,0,90,1,74.9,1135400.0,45.1
BNA000875,Boudiaf,Ilyes,Professionnel,Actif,Compte courant,27,Sétif,Pharmacie,Crédit d'exploitation,8.3,278900.0,113300.0,3633000.0,320100.0,12,10.43,100.0,0.078,0,0,10,1,41.1,213000.0,40.5
BNA000876,Belaid,Hichem,Professionnel,Actif,Compte professionnel,34,Biskra,Transport,Crédit personnel,4.1,197900.0,98400.0,1167000.0,37000.0,36,8.73,85.1,0.009,2,0,30,2,35.5,-222600.0,27.6
BNA000877,Touati,Adel,Particulier,Actif,Compte courant,35,Béjaïa,Santé,Crédit immobilier,19.6,135700.0,33500.0,1224000.0,28500.0,48,5.62,50.6,0.276,1,1,150,4,34.9,208800.0,56.2
BNA000878,Belkacem,Kamel,Particulier,Actif,Compte professionnel,58,Biskra,Services,Crédit équipement,3.7,89400.0,53000.0,796000.0,17000.0,60,10.19,86.2,0.351,1,1,150,2,44.6,-45500.0,69.9
BNA000879,Chibani,Riad,Particulier,Actif,Compte épargne,28,Alger,Santé,Crédit d'exploitation,5.2,52700.0,33200.0,475000.0,10800.0,48,4.25,73.5,0.169,1,0,180,2,32.4,-6100.0,56.2
BNA000880,Yahiaoui,Zakaria,Particulier,Actif,Compte entreprise,52,Oran,Commerce,Crédit d'investissement,6.0,86000.0,64100.0,559000.0,11200.0,60,7.48,46.1,0.446,0,0,60,0,51.7,101000.0,79.3
BNA000881,Mokhtar,Ilyes,Particulier,Actif,Compte courant,25,Oran,Transport,Crédit immobilier,7.6,126000.0,45100.0,2151000.0,38000.0,72,8.3,34.9,0.781,0,0,0,0,28.4,337400.0,86.6
BNA000882,Mansouri,Oussama,Particulier,Actif,Compte courant,62,Annaba,Santé,Crédit immobilier,7.7,87800.0,21000.0,850000.0,17200.0,60,8.04,30.1,0.722,1,0,0,0,25.7,108400.0,153.2
BNA000883,Belkacem,Tarek,Professionnel,Actif,Compte épargne,28,Batna,Agriculture,Crédit personnel,3.3,358700.0,191200.0,4121000.0,91300.0,48,3.06,67.4,0.508,3,2,30,0,31.1,184300.0,31.5
BNA000884,Belaid,Ahmed,PME,Actif,Compte courant,33,Béjaïa,Industrie,Crédit immobilier,14.1,547500.0,263900.0,2992000.0,52400.0,72,7.98,54.2,0.52,3,0,30,4,45.6,-374300.0,47.7
BNA000885,Mebarki,Oussama,PME,Actif,Compte courant,44,Alger,Transport,Crédit personnel,10.4,429200.0,314000.0,1875000.0,42200.0,48,3.85,56.5,0.532,3,1,30,0,63.6,652700.0,51.1
BNA000886,Guediri,Nassim,Particulier,Actif,Compte épargne,58,Béjaïa,Industrie,Crédit d'exploitation,5.4,72500.0,27800.0,590000.0,26300.0,24,6.43,16.6,0.717,0,1,0,0,32.6,207100.0,132.0
BNA000887,Bensalem,Nabil,Professionnel,Actif,Compte entreprise,56,Alger,Commerce,Crédit d'investissement,3.2,318300.0,84400.0,4983000.0,120400.0,48,7.46,80.1,0.523,1,0,120,4,55.3,179800.0,34.9
BNA000888,Mebarki,Walid,PME,Actif,Compte courant,42,Blida,Services,Crédit personnel,16.8,578400.0,393100.0,2713000.0,64900.0,48,6.96,62.6,0.157,1,2,90,7,65.8,-1057900.0,67.4
BNA000889,Boudiaf,Kamel,PME,Actif,Compte courant,28,Biskra,Santé,Crédit d'investissement,6.3,1651100.0,723300.0,9232000.0,167400.0,60,3.37,82.8,0.318,2,1,30,1,57.1,2263500.0,55.3
BNA000890,Mokhtar,Nassim,PME,Actif,Compte courant,63,Béjaïa,Pharmacie,Crédit immobilier,7.3,461200.0,186200.0,6037000.0,182700.0,36,5.65,38.2,1.0,1,0,5,0,33.2,1672100.0,108.2
BNA000891,Guediri,Ilyes,Professionnel,Actif,Compte entreprise,65,Batna,Commerce,Crédit équipement,18.7,107400.0,36500.0,634000.0,19800.0,36,7.85,82.5,0.624,1,0,90,1,20.9,52300.0,79.2
BNA000892,Mansouri,Islam,Particulier,Actif,Compte courant,34,Sétif,Industrie,Crédit personnel,2.6,77400.0,31700.0,943000.0,19600.0,60,9.11,95.8,0.525,1,1,150,1,29.2,-53300.0,65.2
BNA000893,Amrani,Youcef,Particulier,Actif,Compte courant,39,Béjaïa,Pharmacie,Crédit personnel,9.2,113900.0,28800.0,1345000.0,42500.0,36,8.58,32.2,0.606,2,0,15,0,27.4,152900.0,45.8
BNA000894,Slimani,Kamel,Professionnel,Actif,Compte courant,44,Alger,BTPH,Crédit personnel,2.6,309100.0,97100.0,3262000.0,72300.0,48,3.1,48.0,0.603,0,0,180,2,37.3,179100.0,53.1
BNA000895,Touati,Youcef,Particulier,Actif,Compte courant,40,Biskra,Commerce,Crédit immobilier,4.2,71200.0,46000.0,440000.0,9500.0,60,10.49,50.6,0.395,2,1,30,1,51.6,9800.0,116.7
BNA000896,Benali,Zakaria,Particulier,Actif,Compte courant,57,Sétif,Transport,Crédit d'investissement,7.3,85900.0,54000.0,647000.0,13900.0,60,10.46,74.1,0.278,0,0,90,3,41.5,143100.0,71.2
BNA000897,Saidi,Rachid,PME,Actif,Compte courant,54,Constantine,Pharmacie,Crédit d'exploitation,15.7,882900.0,146200.0,5160000.0,154900.0,36,5.1,36.8,0.809,0,0,5,1,23.8,509900.0,58.6
BNA000898,Benyahia,Salim,Particulier,Actif,Compte courant,39,Laghouat,BTPH,Crédit équipement,7.3,84200.0,54100.0,1014000.0,24100.0,48,6.62,65.5,0.126,3,1,60,0,65.8,-65600.0,41.6
BNA000899,Belaid,Mohamed,Professionnel,Actif,Compte entreprise,49,Djelfa,Agriculture,Crédit personnel,7.9,213600.0,128600.0,1603000.0,51400.0,36,9.61,65.3,0.313,2,3,150,4,29.9,217100.0,66.5
BNA000900,Amrani,Rachid,Particulier,Actif,Compte courant,49,Laghouat,Services,Crédit d'investissement,6.8,115400.0,73800.0,294000.0,9500.0,36,10.18,93.4,0.569,0,2,150,1,31.6,113600.0,70.6
BNA000901,Brahimi,Walid,Particulier,Actif,Compte épargne,25,Laghouat,Transport,Crédit personnel,3.4,104800.0,15000.0,2349000.0,46500.0,60,7.03,44.0,0.737,0,0,0,0,22.3,122100.0,113.3
BNA000902,Saidi,Abdelkader,Particulier,Actif,Compte entreprise,41,Constantine,Industrie,Crédit personnel,3.7,81200.0,22400.0,575000.0,11100.0,60,5.79,40.1,0.771,0,0,0,0,34.7,201300.0,107.4
BNA000903,Belkacem,Adel,Particulier,Actif,Compte courant,47,Oran,Industrie,Crédit d'exploitation,11.9,220200.0,38100.0,2732000.0,60800.0,48,3.25,29.7,0.967,0,0,0,0,14.2,752300.0,72.5
BNA000904,Benyahia,Bilal,Particulier,Inactif,Compte entreprise,44,Laghouat,Industrie,Crédit d'exploitation,6.8,122000.0,80800.0,1183000.0,22000.0,72,10.1,65.0,0.538,3,1,30,1,34.0,302700.0,70.9
BNA000905,Guediri,Riad,PME,Actif,Compte courant,46,Béjaïa,Pharmacie,Crédit d'exploitation,11.3,1013000.0,95500.0,5280000.0,156200.0,36,4.12,9.5,0.77,0,0,0,0,24.4,2460500.0,121.7
BNA000906,Zerrouki,Sofiane,PME,Actif,Compte courant,23,Batna,Agriculture,Crédit d'exploitation,6.1,1374900.0,750300.0,9368000.0,403700.0,24,3.25,74.5,0.637,4,0,30,3,67.8,-483100.0,52.6
BNA000907,Ferhat,Aymen,Particulier,Actif,Compte professionnel,35,Oran,Services,Crédit immobilier,2.4,59800.0,15000.0,324000.0,10000.0,36,7.18,25.5,0.527,0,0,10,0,24.9,102200.0,158.2
BNA000908,Zerrouki,Kamel,Particulier,Actif,Compte entreprise,62,Blida,Commerce,Crédit équipement,7.3,67000.0,44800.0,807000.0,14700.0,60,3.59,83.0,0.316,2,1,90,3,44.4,14600.0,80.5
BNA000909,Ferhat,Farid,Particulier,Actif,Compte courant,54,Oran,Commerce,Crédit immobilier,11.6,59500.0,20000.0,868000.0,19700.0,48,4.19,78.4,0.693,3,1,0,2,23.9,33500.0,30.2
BNA000910,Meziane,Riad,Particulier,Actif,Compte épargne,49,Alger,Industrie,Crédit d'investissement,8.0,110800.0,64500.0,617000.0,8300.0,84,3.69,60.7,0.704,1,0,150,1,26.6,20300.0,77.5
BNA000911,Nouri,Adel,Particulier,Actif,Compte épargne,30,Djelfa,Commerce,Crédit d'investissement,3.6,125200.0,64100.0,1087000.0,33700.0,36,7.19,87.3,0.546,3,1,90,2,29.6,48100.0,60.9
BNA000912,Cherif,Amine,PME,Actif,Compte professionnel,32,Laghouat,Transport,Crédit d'investissement,3.6,590600.0,425200.0,5812000.0,178500.0,36,6.64,61.4,0.497,2,0,15,3,58.0,681800.0,113.3
BNA000913,Slimani,Mourad,Particulier,Actif,Compte courant,25,Biskra,Transport,Crédit d'exploitation,2.7,88800.0,49200.0,521000.0,12500.0,48,6.95,86.3,0.687,1,2,45,4,45.1,-180800.0,54.1
BNA000914,Mansouri,Samir,Particulier,Actif,Compte courant,40,Tlemcen,Transport,Crédit personnel,1.5,45800.0,18400.0,366000.0,7000.0,60,5.52,85.0,0.546,6,1,10,3,34.8,58000.0,86.5
BNA000915,Mokhtar,Nabil,Particulier,Actif,Compte épargne,35,Constantine,Santé,Crédit d'exploitation,10.1,105000.0,55400.0,865000.0,17300.0,60,7.42,81.3,0.861,0,2,0,1,43.8,137800.0,82.2
BNA000916,Khelifi,Karim,PME,Actif,Compte entreprise,27,Oran,Santé,Crédit d'exploitation,1.9,312900.0,163900.0,2181000.0,31700.0,84,5.8,62.2,0.548,0,2,60,3,29.8,-191600.0,70.5
BNA000917,Yahiaoui,Yacine,Particulier,Actif,Compte courant,48,Blida,Services,Crédit personnel,11.3,62100.0,45800.0,246000.0,4300.0,72,8.15,77.8,0.528,5,5,0,3,42.2,128100.0,32.7
BNA000918,Meziane,Salim,PME,Actif,Compte entreprise,35,Tlemcen,Pharmacie,Crédit d'exploitation,7.4,474500.0,168400.0,3013000.0,68000.0,48,3.96,30.0,0.921,0,0,10,0,13.4,1258800.0,91.8
BNA000919,Guediri,Karim,Particulier,Actif,Compte courant,50,Sétif,Agriculture,Crédit personnel,3.0,64300.0,15000.0,530000.0,16500.0,36,7.65,27.5,0.939,0,0,0,0,18.6,38700.0,129.2
BNA000920,Amrani,Mourad,Particulier,Inactif,Compte courant,34,Alger,Agriculture,Crédit équipement,6.9,60300.0,18600.0,626000.0,15000.0,48,6.92,30.4,0.771,0,0,0,0,5.5,129400.0,113.7
BNA000921,Djelloul,Kamel,Particulier,Actif,Compte professionnel,24,Laghouat,Agriculture,Crédit personnel,5.2,35000.0,15000.0,264000.0,6400.0,48,7.99,34.8,0.825,1,0,10,0,36.2,68900.0,77.5
BNA000922,Ferhat,Aymen,Particulier,Actif,Compte professionnel,53,Biskra,Santé,Crédit personnel,7.4,62300.0,31600.0,320000.0,6500.0,60,8.38,19.9,0.782,0,0,0,1,27.0,106200.0,163.7
BNA000923,Belkacem,Islam,Particulier,Actif,Compte courant,27,Blida,Pharmacie,Crédit personnel,6.1,43800.0,18300.0,344000.0,6400.0,72,10.12,83.8,0.43,2,2,120,2,25.7,46300.0,108.5
BNA000924,Haddad,Walid,Grande Entreprise,Actif,Compte épargne,57,Constantine,Commerce,Crédit équipement,3.1,3549100.0,1986400.0,20316000.0,599900.0,36,4.01,74.8,0.317,4,0,120,5,43.0,3808200.0,35.3
BNA000925,Cherif,Riad,Particulier,Actif,Compte entreprise,61,Laghouat,Services,Crédit immobilier,10.1,82300.0,53800.0,882000.0,75700.0,12,5.49,83.1,0.703,2,1,120,0,30.7,96100.0,66.3
BNA000926,Mokhtar,Ahmed,Particulier,Actif,Compte courant,48,Alger,Agriculture,Crédit d'investissement,3.0,72200.0,15000.0,846000.0,21400.0,48,9.83,39.2,0.841,0,1,0,0,19.0,108000.0,109.5
BNA000927,Djelloul,Amine,Particulier,Actif,Compte courant,63,Batna,Services,Crédit d'exploitation,13.9,63900.0,15800.0,356000.0,7500.0,60,9.75,59.4,0.277,0,1,10,2,21.9,18200.0,29.5
BNA000928,Touati,Kamel,Particulier,Actif,Compte épargne,65,Sétif,Santé,Crédit immobilier,7.1,94600.0,24500.0,939000.0,19600.0,60,9.2,33.8,0.842,1,0,5,0,33.0,284500.0,71.2
BNA000929,Benyahia,Nabil,PME,Actif,Compte courant,45,Oran,Transport,Crédit personnel,5.8,477300.0,253600.0,4144000.0,130100.0,36,8.1,72.1,0.177,2,1,90,1,55.2,126500.0,58.8
BNA000930,Meziane,Riad,Particulier,Actif,Compte courant,26,Laghouat,Transport,Crédit d'exploitation,8.9,51600.0,33500.0,703000.0,21100.0,36,4.98,75.1,0.444,1,2,60,3,60.8,18200.0,58.6
BNA000931,Touati,Nassim,PME,Actif,Compte courant,50,Constantine,Commerce,Crédit immobilier,2.1,1154200.0,565000.0,4969000.0,118400.0,48,6.74,100.0,0.315,0,1,120,1,31.0,-640000.0,92.5
BNA000932,Touati,Ibrahim,Professionnel,Actif,Compte courant,47,Djelfa,Services,Crédit immobilier,3.8,178300.0,82700.0,2942000.0,60900.0,60,8.91,87.1,0.221,0,2,0,3,47.2,368400.0,57.5
BNA000933,Gacem,Tarek,PME,Actif,Compte courant,59,Batna,Santé,Crédit personnel,6.4,1044000.0,165800.0,13325000.0,215300.0,72,5.11,56.6,0.707,0,0,0,0,24.8,2445300.0,99.0
BNA000934,Touati,Mourad,Particulier,Actif,Compte épargne,58,Sétif,Santé,Crédit d'investissement,5.3,85400.0,40900.0,540000.0,7300.0,84,3.52,75.6,0.766,1,2,60,3,31.0,43800.0,36.3
BNA000935,Hadji,Kamel,Particulier,Actif,Compte épargne,38,Djelfa,Agriculture,Crédit immobilier,11.1,72000.0,41400.0,496000.0,9900.0,60,7.49,88.7,0.404,2,0,120,4,48.1,32200.0,64.3
BNA000936,Boudiaf,Walid,Particulier,Actif,Compte courant,39,Oran,BTPH,Crédit d'investissement,1.4,107700.0,45900.0,827000.0,24200.0,36,3.46,85.6,0.319,1,1,60,4,61.8,-164000.0,86.3
BNA000937,Belaid,Islam,Particulier,Actif,Compte courant,55,Oran,Pharmacie,Crédit personnel,5.6,102500.0,16300.0,1221000.0,23300.0,60,5.48,2.0,0.663,0,0,0,0,18.9,172300.0,198.1
BNA000938,Touati,Salim,Professionnel,Actif,Compte entreprise,50,Batna,Santé,Crédit d'exploitation,2.2,127200.0,49500.0,1317000.0,24300.0,72,9.88,69.4,0.153,0,1,150,2,24.9,26800.0,61.9
BNA000939,Djelloul,Yacine,PME,Actif,Compte courant,38,Djelfa,Santé,Crédit d'exploitation,13.3,800700.0,403700.0,6051000.0,112500.0,72,10.13,74.7,0.444,3,1,90,0,37.8,525200.0,81.1
BNA000940,Ferhat,Yacine,Professionnel,Actif,Compte courant,43,Blida,Transport,Crédit d'investissement,20.0,278700.0,201900.0,4113000.0,98200.0,48,6.85,64.3,0.207,3,3,150,1,44.5,-277400.0,110.7
BNA000941,Hadji,Ibrahim,Particulier,Actif,Compte courant,53,Laghouat,BTPH,Crédit immobilier,7.7,135700.0,55200.0,1399000.0,27100.0,60,6.13,27.1,0.713,0,0,0,0,23.3,191300.0,67.3
BNA000942,Boudiaf,Walid,Particulier,Actif,Compte entreprise,40,Blida,Services,Crédit personnel,5.8,179000.0,112400.0,652000.0,14000.0,60,10.34,35.1,0.428,4,3,5,6,52.0,-186400.0,79.1
BNA000943,Hadji,Samir,Particulier,Actif,Compte courant,61,Djelfa,Agriculture,Crédit équipement,8.0,96500.0,64100.0,603000.0,18900.0,36,8.1,49.3,0.608,6,1,15,1,40.5,18400.0,111.6
BNA000944,Haddad,Samir,PME,Actif,Compte épargne,30,Biskra,Agriculture,Crédit équipement,3.4,487100.0,193200.0,1529000.0,29700.0,60,6.27,60.0,0.157,3,1,10,2,40.8,817400.0,89.9
BNA000945,Chibani,Oussama,PME,Actif,Compte courant,54,Djelfa,Services,Crédit d'exploitation,1.7,345900.0,225400.0,1618000.0,39500.0,48,8.05,89.0,0.101,0,2,90,3,20.0,-55000.0,99.5
BNA000946,Nouri,Adel,Particulier,Actif,Compte courant,55,Laghouat,Commerce,Crédit d'investissement,6.2,99300.0,39200.0,765000.0,23200.0,36,5.71,57.8,0.771,1,0,0,0,19.4,-119100.0,109.1
BNA000947,Khelifi,Farid,Particulier,Actif,Compte courant,60,Alger,Commerce,Crédit immobilier,5.6,60500.0,27000.0,671000.0,16500.0,48,8.34,90.4,0.219,0,1,90,2,52.0,-78100.0,27.2
BNA000948,Brahimi,Oussama,Particulier,Actif,Compte courant,23,Alger,BTPH,Crédit immobilier,3.8,65800.0,42400.0,417000.0,8400.0,60,7.53,66.2,0.135,3,0,10,2,38.9,-34300.0,79.7
BNA000949,Bensalem,Walid,PME,Actif,Compte courant,53,Blida,BTPH,Crédit immobilier,6.8,770300.0,415100.0,4414000.0,80700.0,60,3.69,91.3,0.279,4,1,120,1,53.0,-935200.0,110.6
BNA000950,Chibani,Rachid,Professionnel,Actif,Compte courant,56,Tlemcen,Pharmacie,Crédit d'exploitation,3.3,54400.0,15000.0,658000.0,21200.0,36,9.74,7.3,0.922,0,0,0,1,37.4,160200.0,59.7
BNA000951,Nouri,Zakaria,Particulier,Actif,Compte épargne,43,Batna,BTPH,Crédit immobilier,7.6,51000.0,26300.0,317000.0,6000.0,60,4.89,87.6,0.434,2,0,0,5,42.0,-26000.0,73.0
BNA000952,Bensalem,Oussama,Particulier,Actif,Compte courant,65,Biskra,Industrie,Crédit équipement,16.8,89100.0,69700.0,502000.0,15600.0,36,7.58,57.3,0.367,2,1,5,1,37.7,-15200.0,52.7
BNA000953,Brahimi,Imad,PME,Actif,Compte professionnel,31,Blida,Services,Crédit d'exploitation,5.3,1240300.0,655200.0,10118000.0,253600.0,48,9.38,99.7,0.079,4,2,45,1,45.5,-444800.0,65.0
BNA000954,Chibani,Aymen,Particulier,Actif,Compte épargne,40,Sétif,Industrie,Crédit d'investissement,15.1,114600.0,87000.0,1804000.0,36600.0,60,8.01,63.6,0.401,3,1,90,0,36.3,86500.0,48.8
BNA000955,Bensalem,Riad,PME,Actif,Compte épargne,30,Alger,Agriculture,Crédit immobilier,8.3,795700.0,171400.0,4642000.0,397400.0,12,5.0,2.7,0.504,0,0,30,0,18.2,2255400.0,71.1
BNA000956,Dahmani,Rachid,Professionnel,Actif,Compte épargne,43,Oran,Agriculture,Crédit immobilier,5.6,215900.0,37900.0,4113000.0,100000.0,48,7.81,36.3,0.517,0,0,0,0,26.8,707200.0,93.5
BNA000957,Mokhtar,Ahmed,Particulier,Actif,Compte professionnel,27,Blida,Services,Crédit immobilier,1.3,56100.0,37300.0,551000.0,16400.0,36,4.42,54.4,0.292,1,2,45,1,31.7,-13800.0,73.0
BNA000958,Slimani,Bilal,Professionnel,Actif,Compte professionnel,24,Béjaïa,Commerce,Crédit immobilier,9.3,186500.0,105800.0,903000.0,20400.0,48,3.91,24.6,0.836,1,0,0,1,20.9,356400.0,141.7
BNA000959,Touati,Riad,Particulier,Actif,Compte professionnel,36,Blida,Industrie,Crédit immobilier,7.5,47600.0,30700.0,235000.0,10500.0,24,6.38,80.6,0.405,4,1,150,2,34.3,-57900.0,55.8
BNA000960,Nouri,Tarek,PME,Actif,Compte courant,49,Blida,BTPH,Crédit personnel,6.2,673800.0,410800.0,8843000.0,224800.0,48,10.13,87.3,0.656,1,0,180,2,60.3,127300.0,57.4
BNA000961,Belkacem,Adel,Particulier,Actif,Compte courant,57,Annaba,Agriculture,Crédit d'exploitation,4.2,60900.0,40500.0,233000.0,4300.0,72,10.18,59.1,0.279,3,1,10,0,50.2,-8300.0,45.3
BNA000962,Benyahia,Aymen,Particulier,Actif,Compte courant,57,Constantine,Commerce,Crédit d'investissement,1.4,165600.0,85100.0,1129000.0,17600.0,72,3.92,45.3,0.872,0,1,0,0,4.0,312500.0,67.6
BNA000963,Benali,Karim,PME,Actif,Compte entreprise,32,Blida,Agriculture,Crédit d'exploitation,11.9,772900.0,642900.0,13848000.0,328900.0,48,6.58,63.5,0.64,1,0,60,2,68.7,-41500.0,54.1
BNA000964,Belkacem,Bilal,Particulier,Actif,Compte épargne,39,Sétif,Agriculture,Crédit équipement,4.7,105700.0,25500.0,789000.0,12500.0,72,4.34,42.2,0.731,0,0,0,0,31.3,500800.0,78.3
BNA000965,Amrani,Kamel,PME,Actif,Compte épargne,45,Biskra,BTPH,Crédit immobilier,3.6,983400.0,392800.0,9097000.0,169400.0,60,4.44,65.9,0.122,1,0,150,1,50.8,1945000.0,72.6
BNA000966,Yahiaoui,Salim,PME,Actif,Compte épargne,47,Béjaïa,Agriculture,Crédit d'investissement,3.3,1383800.0,403200.0,11515000.0,275500.0,48,6.96,23.5,0.463,0,0,0,0,17.3,2610900.0,107.3
BNA000967,Saidi,Anis,PME,Actif,Compte courant,32,Tlemcen,Services,Crédit d'exploitation,13.7,565900.0,282600.0,8038000.0,148500.0,60,4.13,64.0,0.116,2,0,30,2,36.5,-153700.0,45.5
BNA000968,Benali,Ilyes,Particulier,Actif,Compte épargne,43,Biskra,Pharmacie,Crédit d'investissement,13.7,52000.0,15000.0,308000.0,5800.0,60,4.58,61.8,0.835,1,0,0,0,19.3,166800.0,93.5
BNA000969,Boudiaf,Amine,Particulier,Actif,Compte courant,48,Batna,Santé,Crédit d'investissement,9.5,78200.0,45200.0,672000.0,15800.0,48,5.98,100.0,0.581,7,2,150,2,50.6,-56400.0,35.3
BNA000970,Touati,Oussama,Particulier,Actif,Compte courant,57,Biskra,Commerce,Crédit d'exploitation,2.6,67800.0,15000.0,412000.0,7500.0,60,3.38,5.2,0.915,0,0,0,0,52.1,-22600.0,150.6
BNA000971,Benyahia,Imad,Professionnel,Actif,Compte courant,36,Annaba,Transport,Crédit d'investissement,6.8,112500.0,15000.0,1434000.0,23700.0,72,5.93,18.8,0.936,1,1,0,0,23.3,-110500.0,25.2
BNA000972,Belaid,Hichem,Grande Entreprise,Actif,Compte courant,27,Laghouat,Pharmacie,Crédit d'exploitation,5.2,1790700.0,746100.0,11522000.0,270200.0,48,5.93,88.2,0.33,2,0,45,1,30.8,-3000000.0,124.5
BNA000973,Boudiaf,Ilyes,PME,Actif,Compte courant,25,Laghouat,Agriculture,Crédit équipement,16.2,204200.0,47200.0,1344000.0,33500.0,48,9.12,59.6,0.767,0,0,0,0,19.8,274000.0,95.9
BNA000974,Mebarki,Ilyes,PME,Actif,Compte épargne,41,Djelfa,Commerce,Crédit d'investissement,4.1,779800.0,365900.0,5730000.0,88800.0,72,3.68,74.7,0.616,1,0,150,1,31.9,-34000.0,86.9
BNA000975,Belkacem,Walid,Particulier,Inactif,Compte courant,45,Oran,Pharmacie,Crédit personnel,11.3,47200.0,15000.0,437000.0,13500.0,36,7.0,26.8,0.589,0,0,0,0,28.6,106500.0,89.0
BNA000976,Yahiaoui,Nassim,Particulier,Inactif,Compte professionnel,56,Biskra,Industrie,Crédit d'exploitation,5.9,134300.0,83200.0,1570000.0,67900.0,24,3.59,95.0,0.558,2,0,60,2,30.2,-160500.0,77.0
BNA000977,Meziane,Ilyes,Particulier,Actif,Compte courant,63,Batna,Santé,Crédit d'investissement,3.9,55000.0,37000.0,447000.0,7200.0,72,5.24,85.3,0.452,3,1,60,1,30.8,106300.0,63.5
BNA000978,Ferhat,Anis,Particulier,Actif,Compte courant,54,Djelfa,Santé,Crédit équipement,4.6,110800.0,61400.0,685000.0,22200.0,36,10.19,73.7,0.167,3,0,15,1,27.4,-96800.0,91.8
BNA000979,Saidi,Yacine,Particulier,Actif,Compte courant,46,Sétif,Agriculture,Crédit personnel,4.6,121300.0,77900.0,942000.0,19400.0,60,8.58,84.6,0.52,3,1,5,2,38.6,-90700.0,40.4
BNA000980,Mokhtar,Ibrahim,PME,Actif,Compte entreprise,48,Alger,Transport,Crédit d'exploitation,20.0,351900.0,231900.0,1466000.0,27800.0,60,5.17,86.8,0.133,2,3,120,3,57.2,-403700.0,93.1
BNA000981,Mansouri,Tarek,Particulier,Actif,Compte professionnel,63,Oran,Agriculture,Crédit d'investissement,8.1,113500.0,63700.0,953000.0,15000.0,72,4.12,19.9,0.806,1,0,0,1,20.3,233500.0,164.9
BNA000982,Hadji,Youcef,Particulier,Actif,Compte épargne,43,Annaba,Santé,Crédit d'exploitation,2.8,241300.0,48800.0,2272000.0,47000.0,60,8.9,7.3,0.696,0,0,0,0,34.6,424400.0,52.2
BNA000983,Ferhat,Imad,Particulier,Actif,Compte professionnel,29,Annaba,Services,Crédit d'investissement,5.7,56000.0,36200.0,291000.0,9200.0,36,8.58,87.0,0.46,1,0,45,0,45.4,47400.0,90.1
BNA000984,Mokhtar,Samir,PME,Actif,Compte courant,60,Sétif,Pharmacie,Crédit personnel,1.8,811100.0,377300.0,8026000.0,245100.0,36,6.25,87.1,0.692,1,1,90,1,59.0,-182700.0,63.0
BNA000985,Haddad,Farid,Professionnel,Actif,Compte épargne,32,Batna,Services,Crédit immobilier,2.6,406400.0,207600.0,4605000.0,199300.0,24,3.67,86.7,0.3,0,0,90,3,29.3,371500.0,65.5
BNA000986,Larbi,Sofiane,Particulier,Actif,Compte épargne,29,Biskra,Transport,Crédit équipement,2.0,120700.0,65300.0,733000.0,13700.0,60,4.68,70.6,0.467,3,1,0,1,16.8,55500.0,67.8
BNA000987,Ferhat,Abdelkader,PME,Actif,Compte courant,58,Béjaïa,Commerce,Crédit personnel,3.5,654100.0,438500.0,3249000.0,65800.0,60,7.94,59.5,0.267,1,1,45,3,38.8,-764900.0,106.9
BNA000988,Guediri,Youcef,Particulier,Actif,Compte épargne,36,Béjaïa,Services,Crédit d'exploitation,6.7,84100.0,47300.0,881000.0,28000.0,36,8.86,51.9,0.296,2,1,30,1,32.3,-24200.0,50.4
BNA000989,Chibani,Karim,Professionnel,Actif,Compte courant,27,Batna,Commerce,Crédit personnel,7.3,126000.0,40800.0,2338000.0,38800.0,72,6.04,22.9,0.693,0,0,0,1,32.9,221700.0,85.1
BNA000990,Guediri,Mourad,PME,Actif,Compte professionnel,49,Alger,Santé,Crédit d'exploitation,1.9,788200.0,524800.0,4770000.0,144600.0,36,5.75,71.1,0.316,0,1,30,2,32.4,-394000.0,95.9
BNA000991,Larbi,Walid,Professionnel,Actif,Compte entreprise,37,Annaba,Santé,Crédit d'investissement,1.7,565200.0,346300.0,7728000.0,197800.0,48,10.49,81.9,0.31,1,1,45,1,35.6,696800.0,91.7
BNA000992,Djelloul,Ibrahim,PME,Actif,Compte professionnel,53,Batna,Industrie,Crédit immobilier,13.7,811600.0,193600.0,6508000.0,118300.0,60,3.46,21.7,0.661,0,1,0,0,24.5,4286600.0,43.4
BNA000993,Belkacem,Mourad,Particulier,Actif,Compte entreprise,61,Djelfa,BTPH,Crédit d'exploitation,2.3,117700.0,64500.0,1993000.0,30100.0,84,6.98,79.8,0.33,1,2,90,4,62.2,-98800.0,87.0
BNA000994,Mansouri,Imad,Particulier,Actif,Compte professionnel,44,Blida,Agriculture,Crédit personnel,3.9,119200.0,37000.0,901000.0,19400.0,60,10.49,27.8,0.906,0,0,0,1,10.1,116100.0,108.9
BNA000995,Mokhtar,Imad,Particulier,Actif,Compte épargne,58,Biskra,BTPH,Crédit personnel,2.7,119200.0,15000.0,1058000.0,27100.0,48,10.46,36.4,0.483,0,0,0,0,4.3,97800.0,109.0
BNA000996,Nouri,Imad,Particulier,Actif,Compte courant,23,Biskra,BTPH,Crédit immobilier,7.8,69700.0,53600.0,696000.0,10000.0,84,5.46,77.6,0.267,0,0,5,3,35.1,10700.0,51.3
BNA000997,Djelloul,Bilal,Particulier,Actif,Compte courant,29,Sétif,Pharmacie,Crédit personnel,11.3,56900.0,15000.0,328000.0,8200.0,48,9.13,33.6,0.867,2,1,0,0,13.8,204100.0,89.6
BNA000998,Bensalem,Oussama,PME,Actif,Compte courant,64,Batna,Services,Crédit d'investissement,7.1,437900.0,124200.0,1653000.0,29200.0,72,8.29,29.0,0.82,0,0,15,0,31.3,-71000.0,129.3
BNA000999,Zerrouki,Yacine,Particulier,Actif,Compte entreprise,36,Djelfa,Industrie,Crédit d'exploitation,10.1,186600.0,55400.0,2155000.0,33700.0,72,3.99,25.2,0.864,0,1,0,0,4.0,459100.0,101.6
BNA001000,Dahmani,Kamel,PME,Actif,Compte courant,52,Sétif,Agriculture,Crédit d'exploitation,17.6,1060700.0,546000.0,7558000.0,151300.0,60,7.45,76.3,0.173,1,2,15,1,48.4,739400.0,21.6
BNA001001,Brahimi,Ilyes,PME,Actif,Compte courant,26,Constantine,Agriculture,Crédit équipement,13.9,979000.0,200800.0,11700000.0,210000.0,72,8.85,34.1,0.72,0,0,0,0,15.3,1215500.0,114.8
BNA001002,Cherif,Adel,Professionnel,Actif,Compte courant,27,Blida,Agriculture,Crédit équipement,5.1,455800.0,112300.0,11120000.0,360500.0,36,10.32,32.2,0.855,0,0,0,0,4.0,2770300.0,102.1
BNA001003,Mebarki,Youcef,Grande Entreprise,Inactif,Compte professionnel,50,Béjaïa,Agriculture,Crédit personnel,7.7,1580700.0,955500.0,7497000.0,329400.0,24,5.16,83.6,0.492,3,1,30,0,41.5,2193700.0,75.1
BNA001004,Dahmani,Karim,Professionnel,Actif,Compte courant,48,Annaba,Services,Crédit personnel,10.8,132600.0,73600.0,1149000.0,52100.0,24,8.26,60.8,0.566,4,1,45,1,52.3,155800.0,54.8
BNA001005,Belaid,Imad,PME,Actif,Compte courant,41,Oran,Transport,Crédit d'investissement,8.3,1590900.0,920200.0,10617000.0,238100.0,48,3.65,71.3,0.683,1,1,90,2,41.1,-3000000.0,52.5
BNA001006,Mebarki,Samir,Particulier,Actif,Compte épargne,49,Alger,Pharmacie,Crédit d'investissement,14.0,103500.0,53400.0,896000.0,13900.0,72,3.61,59.0,0.211,2,0,30,1,45.4,-92800.0,88.7
BNA001007,Rahmani,Anis,Professionnel,Actif,Compte épargne,65,Batna,Industrie,Crédit immobilier,11.9,182600.0,104400.0,1722000.0,30500.0,72,8.36,71.4,0.512,2,0,180,1,41.7,43100.0,59.5
BNA001008,Mokhtar,Mohamed,Particulier,Actif,Compte courant,62,Tlemcen,Santé,Crédit immobilier,7.0,157500.0,57800.0,381000.0,11600.0,36,5.86,65.3,0.174,4,0,45,1,31.2,207200.0,77.2
BNA001009,Nouri,Nassim,Particulier,Actif,Compte entreprise,54,Oran,Pharmacie,Crédit équipement,5.6,114700.0,81300.0,952000.0,21900.0,48,4.97,84.3,0.23,5,2,10,2,27.3,20100.0,59.6
BNA001010,Amrani,Youcef,Particulier,Inactif,Compte courant,41,Laghouat,Commerce,Crédit équipement,11.2,73800.0,42000.0,527000.0,9100.0,72,7.65,76.9,0.348,3,2,150,4,39.4,-117500.0,118.3
BNA001011,Saidi,Karim,Particulier,Actif,Compte courant,53,Batna,Commerce,Crédit équipement,12.7,107400.0,34200.0,1735000.0,43600.0,48,9.46,9.0,0.614,0,0,0,1,30.6,320900.0,65.8
BNA001012,Mokhtar,Islam,Professionnel,Actif,Compte épargne,47,Béjaïa,Industrie,Crédit d'exploitation,9.3,184000.0,27800.0,1605000.0,38900.0,48,7.67,34.5,0.93,0,0,0,0,22.3,-21800.0,158.0
BNA001013,Zerrouki,Ibrahim,PME,Actif,Compte entreprise,42,Blida,BTPH,Crédit d'investissement,10.8,285700.0,87500.0,1704000.0,31000.0,72,9.29,69.6,0.427,5,0,120,2,30.4,80600.0,97.5
BNA001014,Amrani,Ilyes,Particulier,Actif,Compte courant,55,Sétif,Agriculture,Crédit immobilier,4.7,56600.0,36600.0,775000.0,13800.0,72,8.43,72.9,0.414,2,0,90,0,26.7,44300.0,124.3
BNA001015,Chibani,Samir,PME,Actif,Compte professionnel,34,Laghouat,Services,Crédit équipement,6.6,497400.0,309900.0,4020000.0,91300.0,48,4.31,82.2,0.691,1,0,180,1,49.2,376100.0,105.3
BNA001016,Brahimi,Karim,Professionnel,Actif,Compte courant,39,Djelfa,Agriculture,Crédit personnel,1.2,90100.0,15000.0,844000.0,39000.0,24,10.03,7.2,0.692,1,0,0,1,8.7,252500.0,101.9
BNA001017,Slimani,Sofiane,Particulier,Actif,Compte courant,57,Biskra,Santé,Crédit d'investissement,9.7,61700.0,18100.0,200000.0,4100.0,60,8.13,90.1,0.088,1,0,60,4,31.5,-74200.0,43.7
BNA001018,Zerrouki,Youcef,Particulier,Actif,Compte courant,42,Oran,Commerce,Crédit d'exploitation,7.5,86700.0,17300.0,506000.0,10000.0,60,7.09,41.6,0.327,0,0,0,0,33.7,236100.0,89.2
BNA001019,Brahimi,Ahmed,Particulier,Actif,Compte épargne,60,Laghouat,BTPH,Crédit d'investissement,8.4,113900.0,45100.0,904000.0,41300.0,24,8.92,95.4,0.202,0,0,30,1,66.3,-186800.0,50.1
BNA001020,Guediri,Youcef,Particulier,Actif,Compte entreprise,39,Oran,Services,Crédit personnel,12.4,67000.0,48000.0,547000.0,7400.0,84,3.54,68.0,0.348,2,1,150,2,51.9,107100.0,74.1
BNA001021,Saidi,Riad,Particulier,Actif,Compte courant,30,Béjaïa,Services,Crédit d'exploitation,3.3,117300.0,85800.0,921000.0,21100.0,48,4.71,86.5,0.534,1,3,120,0,27.9,90300.0,25.4
BNA001022,Touati,Salim,Particulier,Actif,Compte entreprise,26,Oran,Commerce,Crédit immobilier,4.2,125700.0,47000.0,722000.0,15000.0,60,8.91,80.1,0.386,3,0,45,1,48.3,130900.0,91.1
BNA001023,Mokhtar,Mohamed,Particulier,Actif,Compte courant,50,Béjaïa,Santé,Crédit équipement,11.8,55900.0,35200.0,657000.0,21200.0,36,9.86,94.5,0.432,2,2,30,1,54.8,66000.0,71.3
BNA001024,Brahimi,Ilyes,Professionnel,Actif,Compte courant,30,Alger,Pharmacie,Crédit équipement,6.2,364100.0,72800.0,4612000.0,75000.0,84,9.35,20.8,0.643,0,1,0,0,20.1,998200.0,114.0
BNA001025,Saidi,Ahmed,PME,Actif,Compte épargne,31,Sétif,Santé,Crédit d'investissement,10.5,232000.0,148900.0,1753000.0,36300.0,60,8.9,92.4,0.331,4,1,15,1,54.0,-12900.0,81.5
BNA001026,Haddad,Mohamed,Professionnel,Actif,Compte courant,55,Laghouat,Transport,Crédit équipement,12.9,54600.0,35600.0,510000.0,10000.0,60,6.71,88.6,0.486,2,4,90,4,50.1,-69500.0,98.2
BNA001027,Dahmani,Nabil,Professionnel,Actif,Compte épargne,36,Djelfa,Services,Crédit d'investissement,4.3,155600.0,61800.0,1890000.0,35200.0,60,4.48,15.7,0.91,1,0,0,0,14.1,241100.0,104.7
BNA001028,Touati,Abdelkader,Particulier,Inactif,Compte courant,42,Biskra,BTPH,Crédit personnel,3.4,85800.0,46900.0,310000.0,13800.0,24,6.43,77.2,0.314,3,0,15,2,55.4,158500.0,57.9
BNA001029,Nouri,Tarek,PME,Actif,Compte épargne,49,Blida,Commerce,Crédit d'investissement,2.5,244900.0,46200.0,1868000.0,37900.0,60,8.02,40.2,0.698,1,0,0,0,12.5,825500.0,114.9
BNA001030,Meziane,Youcef,Professionnel,Actif,Compte épargne,54,Tlemcen,Agriculture,Crédit équipement,3.4,91600.0,22000.0,637000.0,28900.0,24,8.16,40.8,0.685,1,0,0,0,19.6,87400.0,68.9
BNA001031,Yahiaoui,Nabil,Particulier,Actif,Compte courant,44,Sétif,Agriculture,Crédit personnel,6.3,52600.0,20700.0,660000.0,30100.0,24,8.66,88.4,0.111,1,1,15,2,38.0,56900.0,42.4
BNA001032,Boudiaf,Amine,Particulier,Actif,Compte professionnel,41,Béjaïa,Transport,Crédit personnel,8.0,90300.0,19900.0,1243000.0,23400.0,60,4.87,33.8,0.703,2,1,0,0,8.8,142700.0,101.6
BNA001033,Benali,Rachid,PME,Actif,Compte courant,55,Oran,Commerce,Crédit équipement,5.9,810100.0,404300.0,7025000.0,133500.0,60,5.28,85.6,0.067,2,3,45,1,43.1,31500.0,50.9
BNA001034,Meziane,Aymen,PME,Actif,Compte courant,30,Tlemcen,Services,Crédit personnel,1.9,627700.0,405100.0,6521000.0,208700.0,36,9.42,79.9,0.112,3,3,0,3,36.5,414200.0,39.5
BNA001035,Amrani,Adel,Particulier,Actif,Compte courant,25,Biskra,Industrie,Crédit personnel,4.8,142100.0,39200.0,693000.0,16700.0,48,7.33,19.0,0.714,1,1,0,1,35.5,-5300.0,120.0
BNA001036,Yahiaoui,Riad,Particulier,Actif,Compte professionnel,30,Blida,Agriculture,Crédit personnel,4.4,82700.0,51000.0,775000.0,23100.0,36,4.63,83.7,0.532,4,1,180,4,47.2,-125500.0,84.5
BNA001037,Belkacem,Sofiane,Particulier,Actif,Compte courant,27,Batna,Services,Crédit d'exploitation,1.6,97100.0,68500.0,807000.0,15400.0,60,5.34,79.7,0.478,3,1,150,0,71.2,-196400.0,100.9
BNA001038,Benali,Anis,Particulier,Actif,Compte courant,64,Annaba,Industrie,Crédit immobilier,5.9,135400.0,93300.0,922000.0,18200.0,60,6.92,72.0,0.711,0,1,15,0,35.7,57100.0,57.1
BNA001039,Guediri,Zakaria,PME,Actif,Compte courant,46,Djelfa,Services,Crédit immobilier,6.8,931200.0,642200.0,6931000.0,214100.0,36,7.02,84.5,0.482,6,0,30,0,27.2,338800.0,57.8
BNA001040,Guediri,Karim,Particulier,Actif,Compte entreprise,55,Biskra,Agriculture,Crédit personnel,4.1,47300.0,15000.0,610000.0,11400.0,72,10.35,36.1,0.789,0,0,0,0,23.6,51600.0,137.4
BNA001041,Larbi,Nabil,Particulier,Actif,Compte épargne,49,Djelfa,Transport,Crédit immobilier,2.2,88200.0,45100.0,451000.0,8200.0,60,3.64,92.8,0.161,2,0,15,1,38.1,90400.0,68.9
BNA001042,Cherif,Mohamed,Particulier,Actif,Compte entreprise,65,Laghouat,Pharmacie,Crédit équipement,20.0,141100.0,24600.0,691000.0,12900.0,60,4.52,24.6,0.856,0,0,0,0,11.3,283900.0,62.0
BNA001043,Mebarki,Amine,PME,Actif,Compte courant,64,Béjaïa,Transport,Crédit d'investissement,10.1,404500.0,236800.0,2787000.0,69500.0,48,9.09,73.2,0.884,1,1,5,1,27.3,497000.0,83.4
BNA001044,Dahmani,Zakaria,Particulier,Actif,Compte professionnel,40,Biskra,Pharmacie,Crédit personnel,3.7,170700.0,108800.0,1349000.0,31300.0,48,5.44,75.6,0.104,2,3,30,1,27.2,-227600.0,60.2
BNA001045,Djelloul,Bilal,PME,Actif,Compte courant,43,Oran,Transport,Crédit d'investissement,13.5,938100.0,679600.0,7167000.0,119000.0,84,10.01,68.0,0.618,2,1,90,2,43.8,877400.0,51.4
BNA001046,Rahmani,Nassim,Particulier,Actif,Compte courant,30,Constantine,Santé,Crédit d'exploitation,15.1,75700.0,49000.0,887000.0,17900.0,60,7.81,58.1,0.705,0,0,30,4,50.4,-12700.0,68.5
BNA001047,Rahmani,Farid,Professionnel,Actif,Compte courant,26,Batna,Commerce,Crédit d'investissement,5.2,148000.0,20400.0,1126000.0,21000.0,60,4.57,37.8,0.731,0,0,5,0,19.6,209000.0,118.7
BNA001048,Cherif,Samir,Particulier,Actif,Compte professionnel,33,Constantine,Santé,Crédit immobilier,5.8,163900.0,115300.0,1027000.0,13700.0,84,3.3,69.5,0.191,3,0,5,4,34.6,146800.0,49.7
BNA001049,Mansouri,Mohamed,Particulier,Actif,Compte entreprise,33,Annaba,BTPH,Crédit d'investissement,4.6,40500.0,17400.0,200000.0,17400.0,12,8.22,86.4,0.394,3,0,30,2,24.2,-7300.0,48.6
BNA001050,Belkacem,Sofiane,PME,Actif,Compte épargne,57,Béjaïa,Commerce,Crédit équipement,0.4,762100.0,330800.0,10984000.0,263100.0,48,7.02,72.9,0.36,1,0,60,2,44.3,-184000.0,57.2
BNA001051,Amrani,Bilal,PME,Actif,Compte courant,59,Constantine,Services,Crédit d'exploitation,7.0,492000.0,157500.0,2978000.0,55800.0,60,4.69,51.7,0.492,2,2,10,2,33.7,809600.0,75.0
BNA001052,Gacem,Nabil,PME,Actif,Compte professionnel,28,Biskra,Services,Crédit personnel,14.7,573200.0,220600.0,2769000.0,236600.0,12,4.66,79.1,0.433,1,0,30,3,30.5,-169900.0,38.1
BNA001053,Ferhat,Ilyes,Particulier,Actif,Compte courant,43,Sétif,Santé,Crédit d'investissement,1.3,101300.0,74300.0,489000.0,12500.0,48,10.34,86.8,0.611,0,1,10,1,59.6,35600.0,32.4
BNA001054,Chibani,Nassim,Particulier,Actif,Compte entreprise,37,Biskra,BTPH,Crédit équipement,6.5,71100.0,43500.0,254000.0,21800.0,12,5.07,69.3,0.608,1,0,30,2,57.2,38900.0,78.5
BNA001055,Larbi,Ibrahim,Particulier,Actif,Compte entreprise,41,Tlemcen,Pharmacie,Crédit équipement,8.1,76500.0,46200.0,747000.0,14900.0,60,7.32,62.0,0.657,3,0,90,2,49.2,-69000.0,86.0
BNA001056,Larbi,Mourad,PME,Actif,Compte professionnel,63,Annaba,Agriculture,Crédit équipement,6.3,329100.0,177500.0,1306000.0,39300.0,36,5.35,66.8,0.558,2,1,45,2,40.5,169200.0,28.2
BNA001057,Haddad,Youcef,PME,Actif,Compte épargne,60,Alger,Santé,Crédit personnel,5.5,352600.0,178500.0,3827000.0,61700.0,72,5.06,71.5,0.6,2,1,90,1,33.2,66300.0,36.1
BNA001058,Benali,Adel,Particulier,Actif,Compte épargne,55,Sétif,Santé,Crédit équipement,3.0,75300.0,46500.0,787000.0,23700.0,36,5.28,59.8,0.533,2,1,10,2,12.3,78900.0,68.5
BNA001059,Mokhtar,Karim,PME,Actif,Compte courant,62,Laghouat,Transport,Crédit personnel,6.7,495500.0,413400.0,2181000.0,94700.0,24,3.96,57.0,0.367,3,0,30,1,49.4,50000.0,82.4
BNA001060,Brahimi,Tarek,Professionnel,Actif,Compte épargne,54,Blida,Agriculture,Crédit immobilier,3.5,219200.0,111600.0,3047000.0,77500.0,48,10.13,76.3,0.741,0,0,5,1,45.0,-102300.0,73.8
BNA001061,Bensalem,Yacine,Particulier,Actif,Compte professionnel,38,Sétif,Pharmacie,Crédit d'investissement,15.1,108400.0,88300.0,899000.0,28400.0,36,8.51,91.8,0.705,6,1,30,1,44.5,61000.0,18.9
BNA001062,Nouri,Mourad,Particulier,Actif,Compte courant,33,Béjaïa,Santé,Crédit équipement,2.6,133500.0,33900.0,1024000.0,24600.0,48,7.09,20.9,0.92,0,0,0,0,25.2,502600.0,96.1
BNA001063,Gacem,Oussama,Professionnel,Actif,Compte professionnel,46,Alger,Services,Crédit personnel,7.2,84600.0,63800.0,1319000.0,21500.0,72,5.45,73.9,0.259,4,1,15,2,35.2,123800.0,61.2
BNA001064,Zerrouki,Sofiane,Professionnel,Inactif,Compte épargne,62,Laghouat,Santé,Crédit d'investissement,14.5,111700.0,27200.0,1099000.0,14700.0,84,3.3,17.0,0.625,0,0,0,1,9.1,160200.0,114.0
BNA001065,Haddad,Ahmed,Particulier,Actif,Compte courant,61,Béjaïa,Industrie,Crédit d'exploitation,10.5,41200.0,19200.0,420000.0,12300.0,36,3.2,23.1,0.622,0,0,0,0,17.6,161400.0,106.1
BNA001066,Haddad,Imad,Particulier,Actif,Compte courant,39,Biskra,Santé,Crédit immobilier,1.1,190200.0,83700.0,1521000.0,46900.0,36,6.87,83.2,0.111,3,0,0,1,35.8,296500.0,38.4
BNA001067,Larbi,Islam,Professionnel,Actif,Compte épargne,28,Laghouat,Pharmacie,Crédit d'exploitation,2.8,119200.0,77200.0,1615000.0,38400.0,48,6.58,76.6,0.613,2,1,150,4,23.6,10300.0,66.9
BNA001068,Ferhat,Mourad,Particulier,Actif,Compte courant,32,Annaba,Commerce,Crédit d'investissement,7.7,60000.0,26300.0,369000.0,5700.0,72,3.34,62.6,0.642,3,3,30,1,22.5,13100.0,70.7
BNA001069,Meziane,Karim,PME,Actif,Compte professionnel,24,Laghouat,Transport,Crédit d'investissement,1.9,957700.0,396000.0,6734000.0,197200.0,36,3.47,27.1,0.849,0,0,0,0,36.1,1892500.0,134.9
BNA001070,Khelifi,Sofiane,Particulier,Inactif,Compte courant,41,Alger,Pharmacie,Crédit d'exploitation,19.7,110500.0,55800.0,703000.0,13700.0,60,6.3,91.3,0.408,1,0,60,1,26.3,-30100.0,115.0
BNA001071,Djelloul,Rachid,Particulier,Actif,Compte courant,26,Biskra,Santé,Crédit d'exploitation,8.3,72400.0,17000.0,965000.0,14700.0,84,7.34,28.8,0.839,1,1,0,0,4.1,97900.0,143.9
BNA001072,Khelifi,Adel,PME,Actif,Compte entreprise,41,Laghouat,Transport,Crédit personnel,5.1,1059000.0,735000.0,6156000.0,189900.0,36,6.93,78.8,0.326,2,1,150,3,31.9,-23000.0,26.5
BNA001073,Hadji,Nassim,Particulier,Actif,Compte courant,46,Laghouat,Services,Crédit d'investissement,6.8,105200.0,39400.0,843000.0,25300.0,36,5.15,11.7,0.848,0,0,0,0,19.8,346100.0,92.4
BNA001074,Benyahia,Abdelkader,PME,Actif,Compte entreprise,65,Constantine,Pharmacie,Crédit d'exploitation,8.3,1064600.0,315200.0,7559000.0,105600.0,84,4.65,73.4,0.406,0,0,45,2,73.3,151700.0,86.4
BNA001075,Saidi,Kamel,Particulier,Actif,Compte entreprise,50,Biskra,Pharmacie,Crédit personnel,1.6,60000.0,36600.0,726000.0,12800.0,72,8.06,94.7,0.22,1,0,120,0,55.8,12000.0,29.8
BNA001076,Haddad,Kamel,Professionnel,Actif,Compte courant,30,Blida,Pharmacie,Crédit immobilier,14.4,576300.0,152000.0,6406000.0,106000.0,72,5.94,38.3,0.675,0,0,0,0,17.9,1300100.0,115.4
BNA001077,Amrani,Zakaria,Particulier,Actif,Compte entreprise,46,Batna,Commerce,Crédit équipement,8.8,118100.0,83200.0,705000.0,13500.0,60,5.54,75.6,0.465,1,1,5,5,46.8,20600.0,97.4
BNA001078,Benyahia,Sofiane,PME,Actif,Compte courant,58,Djelfa,Pharmacie,Crédit équipement,20.0,551400.0,410500.0,5535000.0,91500.0,72,5.92,63.5,0.45,2,0,60,3,43.6,-670000.0,34.5
BNA001079,Touati,Amine,PME,Actif,Compte épargne,26,Annaba,Transport,Crédit immobilier,3.6,320100.0,99500.0,1242000.0,24900.0,60,7.6,46.1,0.763,0,1,0,0,38.8,336500.0,101.3
BNA001080,Chibani,Amine,PME,Actif,Compte courant,26,Laghouat,Santé,Crédit immobilier,6.5,487000.0,375900.0,2012000.0,37100.0,60,4.03,96.8,0.487,0,0,60,2,30.5,-355700.0,71.6
BNA001081,Saidi,Sofiane,Particulier,Actif,Compte professionnel,46,Biskra,Industrie,Crédit personnel,6.2,80200.0,43300.0,1004000.0,19200.0,60,5.46,70.1,0.619,0,2,45,1,31.6,-66600.0,90.6
BNA001082,Bensalem,Youcef,Grande Entreprise,Actif,Compte entreprise,62,Annaba,Services,Crédit équipement,3.6,532800.0,245300.0,4653000.0,200500.0,24,3.27,74.9,0.261,0,0,60,4,43.4,104200.0,72.3
BNA001083,Hadji,Anis,Particulier,Suspendu,Compte professionnel,25,Annaba,Services,Crédit personnel,8.7,52400.0,17700.0,237000.0,5700.0,48,7.46,51.9,0.82,1,1,0,0,34.3,20700.0,97.7
BNA001084,Nouri,Kamel,Particulier,Actif,Compte entreprise,63,Batna,Commerce,Crédit d'exploitation,1.6,73100.0,52200.0,501000.0,11100.0,48,3.19,86.0,0.527,3,1,30,2,14.1,89800.0,46.8
BNA001085,Haddad,Walid,Professionnel,Actif,Compte épargne,57,Tlemcen,Pharmacie,Crédit personnel,13.6,152400.0,100100.0,1786000.0,25400.0,84,5.23,71.4,0.481,3,2,120,2,41.0,-59200.0,61.7
BNA001086,Mansouri,Samir,Particulier,Actif,Compte épargne,60,Constantine,Santé,Crédit personnel,8.4,161500.0,69500.0,626000.0,18400.0,36,3.53,87.6,0.516,2,1,5,3,40.8,-140200.0,70.0
BNA001087,Gacem,Riad,Particulier,Actif,Compte professionnel,45,Blida,Services,Crédit d'exploitation,5.4,77400.0,54800.0,928000.0,20600.0,48,3.26,69.0,0.517,0,1,180,4,44.3,66700.0,63.1
BNA001088,Meziane,Mourad,Particulier,Actif,Compte épargne,28,Djelfa,Services,Crédit personnel,2.2,60700.0,21300.0,314000.0,5200.0,84,10.01,77.9,0.163,0,0,60,1,48.9,-2100.0,81.6
BNA001089,Belkacem,Oussama,Particulier,Actif,Compte courant,25,Laghouat,Services,Crédit d'exploitation,3.9,76900.0,27700.0,833000.0,12800.0,84,7.54,86.5,0.215,2,0,5,1,32.5,177400.0,59.1
BNA001090,Haddad,Karim,Particulier,Actif,Compte entreprise,54,Biskra,Industrie,Crédit équipement,3.9,73300.0,36900.0,1229000.0,23600.0,60,5.72,56.7,0.288,2,5,90,2,44.7,25200.0,17.3
BNA001091,Touati,Riad,Professionnel,Actif,Compte courant,61,Djelfa,Pharmacie,Crédit d'exploitation,3.5,219000.0,122900.0,1344000.0,61000.0,24,8.38,72.6,0.461,3,4,60,0,23.5,401100.0,62.0
BNA001092,Nouri,Karim,Grande Entreprise,Actif,Compte entreprise,37,Sétif,Transport,Crédit personnel,3.1,5503000.0,2455400.0,21388000.0,347500.0,72,5.31,77.0,0.812,2,1,10,1,34.4,-3000000.0,83.4
BNA001093,Guediri,Zakaria,Particulier,Actif,Compte courant,30,Blida,Pharmacie,Crédit équipement,20.0,84200.0,60200.0,978000.0,44100.0,24,7.77,89.8,0.497,2,1,90,4,57.2,120300.0,82.4
BNA001094,Larbi,Oussama,PME,Actif,Compte épargne,37,Oran,Santé,Crédit d'investissement,14.6,454800.0,206200.0,2095000.0,95900.0,24,9.22,86.8,0.623,1,0,45,0,66.5,893700.0,62.1
BNA001095,Gacem,Yacine,Particulier,Actif,Compte courant,52,Sétif,BTPH,Crédit d'investissement,11.0,35000.0,21200.0,200000.0,2800.0,84,4.9,62.3,0.224,3,1,45,1,41.7,-37000.0,76.5
BNA001096,Rahmani,Oussama,Professionnel,Actif,Compte courant,63,Alger,Agriculture,Crédit immobilier,2.8,257400.0,178300.0,4187000.0,190300.0,24,8.47,59.6,0.002,2,1,15,2,44.9,513600.0,61.5
BNA001097,Chibani,Mourad,Particulier,Actif,Compte courant,25,Alger,Commerce,Crédit équipement,20.0,124300.0,30900.0,1217000.0,22600.0,72,10.11,68.0,0.353,3,1,0,1,70.6,-48400.0,60.6
BNA001098,Dahmani,Nassim,PME,Actif,Compte professionnel,40,Laghouat,BTPH,Crédit d'investissement,5.3,612700.0,84500.0,5593000.0,119900.0,60,10.39,23.8,0.769,0,1,0,1,16.3,761000.0,98.2
BNA001099,Benali,Ilyes,Particulier,Actif,Compte épargne,46,Biskra,Santé,Crédit d'exploitation,5.2,60400.0,15000.0,662000.0,15300.0,48,5.13,25.6,0.712,0,0,0,0,22.8,199200.0,147.7
BNA001100,Larbi,Rachid,Particulier,Inactif,Compte courant,53,Alger,Industrie,Crédit d'exploitation,9.5,70300.0,41300.0,200000.0,6200.0,36,7.58,92.0,0.425,4,3,90,2,53.9,-6600.0,92.1
BNA001101,Touati,Walid,Particulier,Actif,Compte courant,43,Djelfa,Transport,Crédit personnel,9.4,120500.0,80600.0,979000.0,19000.0,60,6.23,52.9,0.517,1,1,120,2,44.8,181100.0,47.5
BNA001102,Mebarki,Mohamed,Particulier,Actif,Compte entreprise,29,Blida,Services,Crédit d'exploitation,20.0,56900.0,17000.0,472000.0,13900.0,36,4.04,53.1,0.146,1,0,90,2,41.6,-10100.0,79.9
BNA001103,Haddad,Hichem,Particulier,Actif,Compte entreprise,38,Sétif,Santé,Crédit d'exploitation,9.1,99900.0,41300.0,496000.0,11000.0,48,3.18,89.2,0.231,1,3,60,2,34.4,35200.0,53.8
BNA001104,Touati,Nassim,Particulier,Actif,Compte courant,30,Sétif,Pharmacie,Crédit d'investissement,12.1,47500.0,23000.0,365000.0,11500.0,36,8.53,91.7,0.497,1,2,120,2,53.9,45600.0,54.1
BNA001105,Larbi,Rachid,PME,Actif,Compte épargne,40,Alger,Santé,Crédit personnel,6.3,198500.0,72200.0,1632000.0,28900.0,72,8.3,38.7,0.788,0,0,0,1,18.1,493300.0,137.7
BNA001106,Yahiaoui,Hichem,Professionnel,Actif,Compte courant,53,Béjaïa,Services,Crédit personnel,4.9,233000.0,144700.0,1357000.0,24300.0,72,8.81,81.9,0.654,2,1,30,0,38.2,74500.0,82.7
BNA001107,Mebarki,Yacine,Particulier,Actif,Compte courant,39,Béjaïa,BTPH,Crédit immobilier,4.1,112900.0,53600.0,534000.0,12200.0,48,4.71,86.8,0.691,4,2,30,0,53.2,153700.0,42.9
BNA001108,Meziane,Nabil,Particulier,Actif,Compte courant,43,Annaba,BTPH,Crédit d'exploitation,6.2,91000.0,24700.0,849000.0,36700.0,24,3.47,30.8,0.969,0,0,0,1,10.5,179600.0,98.6
BNA001109,Amrani,Farid,Grande Entreprise,Actif,Compte entreprise,55,Annaba,Santé,Crédit équipement,4.4,1880300.0,1535200.0,11939000.0,213100.0,72,8.65,71.5,0.538,0,2,0,1,45.8,-2621500.0,57.0
BNA001110,Meziane,Rachid,Particulier,Actif,Compte professionnel,38,Laghouat,Services,Crédit d'exploitation,4.3,212700.0,73000.0,1175000.0,26800.0,48,4.44,72.5,0.136,2,2,60,0,25.0,116000.0,75.4
BNA001111,Amrani,Tarek,Particulier,Actif,Compte professionnel,32,Blida,Transport,Crédit d'exploitation,3.1,82600.0,33800.0,1399000.0,45300.0,36,10.21,46.5,0.825,1,0,15,0,28.8,187600.0,114.8
BNA001112,Mokhtar,Imad,PME,Actif,Compte courant,45,Alger,Services,Crédit équipement,12.8,432700.0,158200.0,2425000.0,71000.0,36,3.45,43.7,0.535,1,0,0,0,37.5,1151100.0,104.1
BNA001113,Mansouri,Kamel,Particulier,Actif,Compte entreprise,59,Tlemcen,Transport,Crédit équipement,10.8,181400.0,46800.0,1207000.0,19000.0,84,8.27,32.2,0.956,0,0,0,1,22.8,496700.0,104.8
BNA001114,Bensalem,Ibrahim,Particulier,Actif,Compte courant,30,Blida,Santé,Crédit immobilier,13.0,77800.0,58500.0,921000.0,16000.0,72,7.64,80.8,0.393,1,1,60,0,20.2,-59800.0,31.9
BNA001115,Benyahia,Riad,Particulier,Actif,Compte courant,40,Batna,Industrie,Crédit personnel,3.5,88000.0,42900.0,518000.0,15300.0,36,4.13,42.7,0.568,2,1,60,3,54.6,225300.0,69.2
BNA001116,Rahmani,Aymen,PME,Actif,Compte courant,45,Oran,Services,Crédit équipement,5.6,383900.0,265000.0,3867000.0,73300.0,60,5.16,71.6,0.244,1,0,30,2,58.4,-276300.0,100.6
BNA001117,Benali,Youcef,PME,Actif,Compte professionnel,43,Alger,Santé,Crédit d'investissement,3.5,631000.0,452300.0,3167000.0,58300.0,60,4.01,28.0,0.391,0,0,180,2,22.5,-178700.0,42.0
BNA001118,Mansouri,Samir,Particulier,Actif,Compte courant,32,Tlemcen,Santé,Crédit d'investissement,4.7,204200.0,99400.0,2230000.0,41900.0,60,4.78,60.0,0.484,2,1,30,1,44.5,-70600.0,46.0
BNA001119,Nouri,Rachid,Particulier,Actif,Compte courant,36,Oran,Pharmacie,Crédit équipement,11.0,98100.0,61900.0,965000.0,24100.0,48,9.22,93.3,0.233,1,0,60,5,30.0,82300.0,95.2
BNA001120,Dahmani,Adel,Professionnel,Actif,Compte épargne,27,Blida,Services,Crédit équipement,6.5,248700.0,129000.0,743000.0,23100.0,36,7.59,82.2,0.501,1,0,180,3,48.8,131500.0,49.7
BNA001121,Yahiaoui,Kamel,Particulier,Actif,Compte entreprise,39,Laghouat,Services,Crédit équipement,15.2,151500.0,106900.0,2770000.0,81800.0,36,4.02,74.1,0.167,2,2,60,2,23.7,-200.0,126.6
BNA001122,Amrani,Mourad,Particulier,Actif,Compte professionnel,63,Batna,Commerce,Crédit équipement,8.8,211900.0,115200.0,2602000.0,63700.0,48,8.13,98.5,0.263,1,0,150,1,30.2,347800.0,54.8
BNA001123,Slimani,Abdelkader,Professionnel,Actif,Compte courant,65,Annaba,Commerce,Crédit équipement,4.9,174700.0,34200.0,2995000.0,62700.0,60,9.35,20.6,0.474,0,1,0,0,19.0,571200.0,158.4
BNA001124,Brahimi,Karim,Particulier,Actif,Compte courant,53,Blida,Services,Crédit immobilier,8.9,92900.0,67600.0,1043000.0,20300.0,60,6.23,92.0,0.557,1,1,30,1,66.9,-79300.0,100.7
BNA001125,Belaid,Amine,Particulier,Actif,Compte courant,36,Annaba,BTPH,Crédit personnel,3.6,60300.0,24100.0,428000.0,10100.0,48,6.12,92.3,0.799,3,1,180,3,44.8,-97600.0,78.6
BNA001126,Belaid,Riad,PME,Actif,Compte professionnel,48,Constantine,BTPH,Crédit personnel,5.4,1014700.0,413500.0,25877000.0,506100.0,60,6.48,40.8,0.585,0,0,5,0,25.9,1871100.0,116.0
BNA001127,Khelifi,Amine,PME,Actif,Compte courant,29,Laghouat,BTPH,Crédit personnel,5.8,1058000.0,229700.0,10814000.0,240100.0,48,3.16,39.6,0.696,0,0,0,0,41.4,2278800.0,139.0
BNA001128,Belaid,Mohamed,Particulier,Actif,Compte courant,62,Béjaïa,BTPH,Crédit personnel,2.0,136600.0,61600.0,1164000.0,29000.0,48,9.14,56.5,0.27,4,0,120,1,23.6,-10400.0,78.9
BNA001129,Yahiaoui,Mohamed,Particulier,Actif,Compte professionnel,51,Constantine,Industrie,Crédit personnel,4.1,39300.0,28200.0,407000.0,7400.0,60,3.74,81.7,0.025,1,0,45,1,27.6,76400.0,68.4
BNA001130,Mansouri,Ahmed,PME,Actif,Compte épargne,55,Alger,Industrie,Crédit d'exploitation,8.6,375700.0,225600.0,1753000.0,41500.0,48,6.38,77.1,0.63,3,0,10,5,45.7,127500.0,40.4
BNA001131,Benyahia,Rachid,PME,Actif,Compte épargne,54,Béjaïa,Pharmacie,Crédit d'investissement,2.5,563200.0,409600.0,2569000.0,47200.0,60,3.93,90.8,0.462,4,1,15,4,57.4,840800.0,37.6
BNA001132,Slimani,Ahmed,Grande Entreprise,Actif,Compte entreprise,60,Annaba,Pharmacie,Crédit d'exploitation,8.5,3103200.0,781800.0,30220000.0,543100.0,60,3.01,49.0,0.77,0,0,0,0,16.6,4757600.0,37.1
BNA001133,Ferhat,Samir,PME,Actif,Compte courant,65,Béjaïa,Pharmacie,Crédit personnel,7.3,728600.0,100200.0,8507000.0,212200.0,48,9.13,40.8,0.902,0,0,0,3,17.6,1959600.0,102.6
BNA001134,Rahmani,Abdelkader,Grande Entreprise,Actif,Compte courant,39,Blida,Industrie,Crédit immobilier,6.5,2006200.0,1208800.0,10633000.0,173700.0,72,5.5,79.1,0.222,3,0,120,0,48.4,1416100.0,50.2
BNA001135,Rahmani,Amine,PME,Actif,Compte épargne,37,Batna,Pharmacie,Crédit personnel,10.0,286200.0,72800.0,1158000.0,34100.0,36,3.89,62.0,0.775,1,0,0,0,39.8,424500.0,147.7
BNA001136,Boudiaf,Mohamed,PME,Actif,Compte épargne,37,Oran,BTPH,Crédit immobilier,9.8,575000.0,350800.0,2939000.0,92100.0,36,8.0,90.5,0.594,4,1,120,3,63.3,-108400.0,76.7
BNA001137,Cherif,Mourad,Particulier,Actif,Compte épargne,32,Tlemcen,Services,Crédit personnel,6.5,134100.0,56000.0,651000.0,11900.0,60,3.6,69.7,0.18,1,0,30,3,52.6,127600.0,91.7
BNA001138,Chibani,Oussama,Particulier,Actif,Compte entreprise,48,Laghouat,Santé,Crédit d'investissement,16.9,109600.0,25400.0,1709000.0,38000.0,48,3.19,36.1,0.554,0,0,0,0,15.8,201600.0,81.7
BNA001139,Hadji,Amine,Particulier,Actif,Compte épargne,58,Tlemcen,Commerce,Crédit d'exploitation,10.2,92200.0,66000.0,1868000.0,43100.0,48,5.04,81.2,0.564,2,0,30,1,37.7,32800.0,99.4
BNA001140,Hadji,Karim,Particulier,Actif,Compte courant,24,Annaba,Industrie,Crédit immobilier,7.0,86400.0,49900.0,334000.0,6800.0,60,8.08,83.2,0.177,2,0,15,1,40.4,121100.0,60.9
BNA001141,Chibani,Hichem,PME,Actif,Compte courant,46,Oran,Industrie,Crédit immobilier,10.2,585200.0,232000.0,4162000.0,95600.0,48,4.85,78.5,0.326,3,0,45,0,42.3,601500.0,105.7
BNA001142,Zerrouki,Mohamed,Particulier,Actif,Compte épargne,27,Alger,Services,Crédit personnel,20.0,83100.0,44800.0,445000.0,8400.0,60,4.86,70.4,0.548,0,0,60,1,31.3,76300.0,86.1
BNA001143,Benyahia,Islam,Grande Entreprise,Actif,Compte courant,42,Laghouat,Commerce,Crédit personnel,4.7,1964100.0,1230100.0,13815000.0,346500.0,48,9.41,77.6,0.202,1,0,45,1,36.8,3864100.0,77.9
BNA001144,Zerrouki,Youcef,Particulier,Actif,Compte professionnel,52,Blida,Transport,Crédit équipement,6.3,37300.0,15000.0,410000.0,10200.0,48,8.88,5.3,0.598,0,0,0,0,20.6,57700.0,74.5
BNA001145,Mebarki,Karim,Particulier,Actif,Compte entreprise,36,Oran,Services,Crédit équipement,3.3,141800.0,83900.0,1004000.0,23600.0,48,5.98,74.1,0.544,2,0,15,3,19.0,79500.0,79.1
BNA001146,Nouri,Sofiane,Particulier,Actif,Compte courant,33,Alger,Transport,Crédit immobilier,8.7,100300.0,38700.0,427000.0,7200.0,72,6.68,98.4,0.316,5,3,45,1,45.6,9200.0,41.2
BNA001147,Belkacem,Yacine,Particulier,Actif,Compte courant,34,Tlemcen,Pharmacie,Crédit immobilier,11.8,125100.0,19600.0,788000.0,34100.0,24,3.72,36.0,0.788,1,0,0,0,20.9,360800.0,52.5
BNA001148,Benyahia,Salim,Particulier,Actif,Compte courant,59,Tlemcen,Agriculture,Crédit immobilier,13.3,70900.0,40700.0,1019000.0,29900.0,36,3.59,100.0,0.188,0,0,0,3,49.7,99200.0,31.9
BNA001149,Belaid,Abdelkader,Particulier,Actif,Compte courant,51,Tlemcen,Industrie,Crédit d'exploitation,4.2,54700.0,35300.0,295000.0,4800.0,84,9.54,82.1,0.837,1,0,90,5,39.2,85400.0,61.9
BNA001150,Dahmani,Ilyes,Particulier,Actif,Compte entreprise,37,Tlemcen,BTPH,Crédit personnel,4.9,99400.0,45800.0,1098000.0,20100.0,60,3.83,72.2,0.397,2,2,30,2,52.2,-102800.0,73.8
BNA001151,Meziane,Anis,Particulier,Actif,Compte courant,55,Sétif,Services,Crédit d'investissement,8.4,64500.0,15000.0,1199000.0,24000.0,60,7.39,14.9,0.786,0,0,0,0,16.8,94100.0,84.3
BNA001152,Guediri,Mourad,PME,Actif,Compte courant,33,Béjaïa,Pharmacie,Crédit d'investissement,4.2,373800.0,291300.0,2742000.0,121900.0,24,6.28,87.6,0.533,2,1,90,2,49.6,164400.0,79.3
BNA001153,Amrani,Adel,Particulier,Actif,Compte épargne,31,Batna,Pharmacie,Crédit personnel,15.1,120300.0,83100.0,1324000.0,21100.0,72,4.61,83.8,0.418,2,0,60,2,46.3,-86200.0,80.1
BNA001154,Touati,Kamel,Professionnel,Actif,Compte entreprise,29,Alger,Services,Crédit équipement,17.4,123500.0,42500.0,1935000.0,33600.0,72,7.66,38.5,0.864,1,0,0,0,34.1,522200.0,131.1
BNA001155,Yahiaoui,Samir,Professionnel,Actif,Compte professionnel,53,Sétif,Industrie,Crédit d'investissement,7.0,202000.0,57400.0,1210000.0,36400.0,36,5.31,30.2,0.738,0,0,0,0,10.4,568100.0,65.6
BNA001156,Mansouri,Islam,Particulier,Actif,Compte courant,23,Biskra,Santé,Crédit équipement,12.4,74600.0,49200.0,533000.0,13100.0,48,8.31,89.6,0.315,1,0,60,0,67.3,-51000.0,39.6
BNA001157,Gacem,Abdelkader,Particulier,Actif,Compte épargne,62,Annaba,Industrie,Crédit d'exploitation,3.6,124700.0,82600.0,3340000.0,103900.0,36,7.5,81.6,0.397,2,1,15,1,61.1,198900.0,38.1
BNA001158,Larbi,Farid,Professionnel,Actif,Compte entreprise,29,Alger,Santé,Crédit personnel,7.1,296500.0,142000.0,3362000.0,60200.0,72,8.75,64.6,0.131,2,0,15,2,41.5,-197400.0,118.3
BNA001159,Rahmani,Mohamed,Particulier,Actif,Compte courant,65,Biskra,Industrie,Crédit personnel,6.1,81500.0,15000.0,1146000.0,28600.0,48,9.07,67.3,0.852,0,0,0,1,35.7,14500.0,90.9
BNA001160,Benyahia,Sofiane,PME,Actif,Compte professionnel,25,Annaba,Transport,Crédit d'investissement,1.4,1185800.0,672500.0,8776000.0,279900.0,36,9.21,63.7,0.255,3,1,60,1,31.8,1556200.0,49.6
BNA001161,Mebarki,Youcef,Particulier,Actif,Compte courant,50,Oran,Services,Crédit d'investissement,13.3,118100.0,94900.0,1048000.0,20200.0,60,5.89,75.5,0.397,3,1,15,0,29.4,-62900.0,64.5
BNA001162,Cherif,Oussama,Particulier,Actif,Compte professionnel,51,Constantine,Pharmacie,Crédit d'exploitation,3.4,120700.0,33900.0,1008000.0,45000.0,24,6.61,79.1,0.287,1,1,45,0,41.4,-173900.0,68.9
BNA001163,Touati,Yacine,Particulier,Actif,Compte courant,28,Tlemcen,Commerce,Crédit d'exploitation,5.2,82600.0,53700.0,608000.0,9400.0,72,3.59,84.8,0.466,1,1,45,4,58.1,86400.0,78.8
BNA001164,Meziane,Oussama,PME,Actif,Compte courant,55,Alger,Industrie,Crédit d'investissement,20.0,701600.0,351400.0,3837000.0,88600.0,48,5.11,76.8,0.407,4,1,90,4,21.4,579100.0,94.5
BNA001165,Haddad,Ahmed,Grande Entreprise,Actif,Compte courant,64,Tlemcen,Services,Crédit immobilier,14.6,1516400.0,1067900.0,4635000.0,87000.0,72,10.49,82.0,0.513,2,2,60,2,31.9,-795000.0,66.5
BNA001166,Belkacem,Ibrahim,PME,Actif,Compte entreprise,61,Djelfa,BTPH,Crédit d'exploitation,6.2,600300.0,500700.0,4622000.0,113100.0,48,8.12,95.0,0.563,0,0,0,1,44.7,-141200.0,130.3
BNA001167,Saidi,Ibrahim,Grande Entreprise,Actif,Compte entreprise,26,Alger,Services,Crédit équipement,7.6,2975500.0,1655100.0,8189000.0,242600.0,36,4.23,86.8,0.54,1,2,60,2,49.7,1222500.0,94.6
BNA001168,Mebarki,Rachid,Particulier,Actif,Compte courant,28,Béjaïa,Pharmacie,Crédit d'investissement,3.7,89100.0,28700.0,391000.0,8800.0,48,3.73,84.0,0.351,2,1,150,2,48.9,-54700.0,63.2
BNA001169,Boudiaf,Zakaria,Particulier,Actif,Compte épargne,30,Alger,Industrie,Crédit équipement,1.4,45600.0,33100.0,461000.0,8600.0,60,4.29,64.2,0.593,2,0,45,0,43.0,7000.0,76.7
BNA001170,Bensalem,Hichem,PME,Actif,Compte professionnel,28,Tlemcen,Santé,Crédit équipement,9.7,750400.0,622800.0,7689000.0,247600.0,36,9.86,64.4,0.111,2,0,180,0,38.0,-528800.0,70.5
BNA001171,Meziane,Imad,Particulier,Actif,Compte professionnel,63,Béjaïa,Agriculture,Crédit équipement,9.5,72800.0,40900.0,682000.0,20200.0,36,4.31,56.6,0.398,1,0,90,1,56.9,140900.0,79.7
BNA001172,Mansouri,Youcef,Particulier,Actif,Compte entreprise,56,Blida,Industrie,Crédit équipement,5.6,180700.0,128700.0,1880000.0,58300.0,36,7.28,77.2,0.438,3,2,30,2,62.7,-189900.0,37.0
BNA001173,Gacem,Salim,PME,Actif,Compte professionnel,39,Alger,Commerce,Crédit d'exploitation,4.7,2292900.0,1263600.0,21727000.0,700600.0,36,9.96,90.2,0.124,1,1,15,1,52.4,1822700.0,37.1
BNA001174,Slimani,Ahmed,PME,Actif,Compte entreprise,58,Alger,BTPH,Crédit personnel,3.3,328500.0,86000.0,2850000.0,43200.0,84,7.1,57.2,0.585,3,0,60,2,54.0,383900.0,59.2
BNA001175,Zerrouki,Mourad,Particulier,Actif,Compte courant,47,Constantine,Services,Crédit personnel,5.6,129900.0,48200.0,1189000.0,23700.0,60,7.2,34.8,0.78,0,0,0,0,14.2,82200.0,104.1
BNA001176,Dahmani,Ibrahim,Professionnel,Actif,Compte professionnel,37,Blida,BTPH,Crédit d'investissement,3.6,180600.0,109400.0,1203000.0,55300.0,24,9.7,56.4,0.564,8,2,0,3,38.2,-180100.0,63.7
BNA001177,Saidi,Nabil,Particulier,Actif,Compte courant,24,Tlemcen,Commerce,Crédit personnel,8.3,51700.0,30200.0,663000.0,21400.0,36,10.03,71.0,0.131,1,1,60,1,37.1,9100.0,54.0
BNA001178,Boudiaf,Sofiane,PME,Actif,Compte professionnel,42,Alger,Services,Crédit équipement,18.0,726400.0,130300.0,4086000.0,80100.0,60,6.58,2.0,0.847,1,0,0,0,9.7,1308300.0,82.6
BNA001179,Brahimi,Yacine,Particulier,Inactif,Compte épargne,46,Annaba,Commerce,Crédit d'investissement,6.5,96600.0,40000.0,705000.0,21300.0,36,5.42,52.2,0.594,0,1,10,1,51.5,92200.0,77.6
BNA001180,Ferhat,Abdelkader,Particulier,Actif,Compte professionnel,44,Béjaïa,Transport,Crédit immobilier,6.8,93800.0,20300.0,552000.0,11500.0,60,9.25,40.5,0.545,0,0,0,0,24.5,298000.0,75.3
BNA001181,Brahimi,Mourad,Particulier,Actif,Compte courant,28,Sétif,Agriculture,Crédit d'exploitation,1.8,45800.0,15000.0,312000.0,9700.0,36,7.36,27.1,0.87,0,0,0,0,30.7,137500.0,154.3
BNA001182,Haddad,Ibrahim,Particulier,Actif,Compte courant,44,Sétif,Commerce,Crédit d'investissement,5.7,90700.0,37600.0,751000.0,22600.0,36,5.37,76.7,0.506,0,1,0,1,47.0,-82000.0,56.3
BNA001183,Mokhtar,Amine,PME,Actif,Compte courant,50,Tlemcen,Santé,Crédit d'investissement,2.9,373400.0,135100.0,3695000.0,67700.0,60,3.81,63.1,0.588,0,1,0,1,31.7,471600.0,112.9
BNA001184,Zerrouki,Bilal,PME,Actif,Compte professionnel,57,Alger,Agriculture,Crédit d'exploitation,3.6,335700.0,71000.0,1874000.0,41600.0,48,3.1,37.5,0.653,0,0,0,0,20.3,1451700.0,99.0
BNA001185,Khelifi,Abdelkader,Grande Entreprise,Actif,Compte épargne,36,Alger,Industrie,Crédit personnel,5.0,287300.0,130000.0,1138000.0,21200.0,60,4.44,95.4,0.623,2,0,60,2,54.8,30400.0,50.7
BNA001186,Amrani,Ibrahim,Professionnel,Actif,Compte courant,27,Oran,BTPH,Crédit équipement,14.4,165000.0,25200.0,1778000.0,33300.0,60,4.63,2.0,0.763,1,0,0,0,28.0,434300.0,142.5
BNA001187,Haddad,Tarek,Professionnel,Actif,Compte épargne,65,Batna,Agriculture,Crédit immobilier,3.2,246900.0,41600.0,1662000.0,145000.0,12,8.6,30.0,0.584,0,0,0,0,11.4,500800.0,188.5
BNA001188,Gacem,Kamel,Particulier,Actif,Compte courant,46,Annaba,Industrie,Crédit d'investissement,6.8,74700.0,15000.0,743000.0,17800.0,48,6.99,2.0,0.891,0,0,0,0,35.6,154300.0,146.1
BNA001189,Nouri,Nabil,PME,Actif,Compte professionnel,55,Laghouat,Commerce,Crédit personnel,12.1,1287400.0,841800.0,6714000.0,207000.0,36,6.89,60.5,0.197,2,2,30,2,51.4,20000.0,46.7
BNA001190,Mebarki,Kamel,PME,Actif,Compte courant,36,Sétif,Santé,Crédit équipement,6.6,199000.0,138500.0,956000.0,28300.0,36,4.21,85.9,0.557,0,0,30,3,47.7,294800.0,69.1
BNA001191,Khelifi,Tarek,Grande Entreprise,Actif,Compte épargne,56,Constantine,Commerce,Crédit d'investissement,9.0,1535500.0,1049200.0,9430000.0,163900.0,72,7.68,67.9,0.509,0,1,120,2,35.1,-543600.0,80.7
BNA001192,Benali,Yacine,PME,Actif,Compte épargne,39,Tlemcen,Commerce,Crédit d'investissement,20.0,729100.0,401700.0,11352000.0,213900.0,60,4.93,85.9,0.504,3,2,150,0,57.1,-169300.0,43.7
BNA001193,Saidi,Farid,Particulier,Actif,Compte courant,49,Blida,Services,Crédit d'investissement,4.7,144200.0,86700.0,528000.0,11800.0,48,3.68,94.4,0.413,7,0,10,0,56.8,48700.0,83.8
BNA001194,Bensalem,Oussama,Particulier,Actif,Compte entreprise,30,Tlemcen,Services,Crédit équipement,4.0,54100.0,15000.0,417000.0,18800.0,24,7.84,31.4,0.861,1,0,0,0,21.1,130100.0,113.2
BNA001195,Mebarki,Tarek,Particulier,Actif,Compte courant,48,Biskra,Transport,Crédit d'exploitation,12.7,144400.0,110300.0,835000.0,73200.0,12,9.57,66.1,0.18,2,0,90,3,64.7,230900.0,73.8
BNA001196,Guediri,Oussama,Particulier,Actif,Compte courant,48,Annaba,Services,Crédit d'exploitation,2.0,104900.0,70200.0,663000.0,15100.0,48,4.32,74.6,0.507,2,1,10,4,58.9,-135900.0,50.1
BNA001197,Djelloul,Salim,Particulier,Actif,Compte épargne,59,Batna,Commerce,Crédit équipement,9.5,70500.0,49400.0,766000.0,15600.0,60,8.18,93.0,0.338,3,1,180,1,49.0,-93800.0,75.0
BNA001198,Boudiaf,Adel,PME,Actif,Compte professionnel,44,Béjaïa,Transport,Crédit d'investissement,9.2,565900.0,352600.0,5273000.0,76100.0,84,5.64,60.9,0.065,0,0,45,2,31.1,246500.0,74.5
BNA001199,Touati,Youcef,Particulier,Actif,Compte épargne,47,Sétif,Santé,Crédit équipement,12.4,101900.0,61900.0,643000.0,19100.0,36,4.23,84.4,0.201,1,0,90,2,58.2,-79200.0,86.6
BNA001200,Saidi,Samir,PME,Actif,Compte courant,53,Annaba,Commerce,Crédit immobilier,1.9,692900.0,348600.0,4379000.0,80700.0,72,9.82,79.3,0.276,1,1,60,3,44.2,209400.0,104.4
BNA001201,Gacem,Ilyes,Professionnel,Actif,Compte entreprise,50,Biskra,Agriculture,Crédit équipement,0.9,306000.0,211800.0,3476000.0,52300.0,84,6.9,65.7,0.268,3,0,90,1,35.2,-42200.0,85.3
BNA001202,Guediri,Karim,Particulier,Inactif,Compte courant,44,Oran,Commerce,Crédit immobilier,3.4,234200.0,22900.0,2336000.0,37800.0,84,9.14,44.9,0.85,0,0,0,0,35.8,72300.0,171.0
BNA001203,Ferhat,Farid,Particulier,Actif,Compte professionnel,44,Sétif,Santé,Crédit d'exploitation,15.6,35000.0,24100.0,393000.0,8800.0,48,3.73,46.7,0.642,1,0,5,2,39.0,3500.0,77.4
BNA001204,Rahmani,Sofiane,PME,Actif,Compte épargne,44,Djelfa,Services,Crédit immobilier,8.2,423100.0,273900.0,8140000.0,250400.0,36,6.76,75.1,0.234,2,2,10,2,25.7,69900.0,82.8
BNA001205,Haddad,Islam,PME,Actif,Compte courant,45,Batna,Industrie,Crédit d'exploitation,4.6,670900.0,380900.0,5834000.0,147900.0,48,9.97,82.4,0.496,1,0,90,0,79.4,-1363900.0,55.4
BNA001206,Mansouri,Adel,Particulier,Actif,Compte entreprise,24,Batna,Transport,Crédit immobilier,7.3,66900.0,33400.0,1099000.0,33900.0,36,6.89,72.2,0.193,1,3,150,2,50.2,-39600.0,59.8
BNA001207,Bensalem,Oussama,PME,Actif,Compte professionnel,23,Constantine,Pharmacie,Crédit personnel,2.2,1780700.0,703300.0,7875000.0,241600.0,36,6.58,59.9,0.587,0,0,90,1,49.0,222500.0,73.9
BNA001208,Slimani,Amine,Particulier,Actif,Compte professionnel,25,Constantine,Agriculture,Crédit d'exploitation,5.0,92700.0,56300.0,710000.0,32700.0,24,9.75,52.7,0.76,2,0,60,3,69.5,190400.0,83.6
BNA001209,Amrani,Mourad,Particulier,Actif,Compte entreprise,38,Blida,Agriculture,Crédit immobilier,6.8,153000.0,80100.0,1203000.0,22100.0,60,3.97,80.4,0.756,2,0,10,2,65.8,-57500.0,109.5
BNA001210,Saidi,Ibrahim,Particulier,Actif,Compte courant,44,Laghouat,BTPH,Crédit immobilier,5.5,187600.0,65100.0,991000.0,32100.0,36,10.24,52.1,0.232,4,2,180,2,42.2,293300.0,52.3
BNA001211,Mokhtar,Kamel,Professionnel,Actif,Compte courant,30,Tlemcen,Agriculture,Crédit d'investissement,3.2,109200.0,58100.0,1304000.0,29500.0,48,4.14,83.4,0.45,1,0,30,2,35.1,283200.0,49.7
BNA001212,Guediri,Aymen,Particulier,Inactif,Compte épargne,25,Alger,Commerce,Crédit d'investissement,7.2,95700.0,62000.0,300000.0,5600.0,72,10.5,91.8,0.657,1,4,5,3,24.2,112600.0,30.9
BNA001213,Cherif,Anis,PME,Actif,Compte professionnel,35,Blida,Agriculture,Crédit immobilier,3.8,867900.0,333600.0,2941000.0,252500.0,12,5.52,32.8,0.605,3,1,30,1,59.2,-1020300.0,61.6
BNA001214,Hadji,Islam,Professionnel,Actif,Compte courant,57,Constantine,Transport,Crédit d'investissement,1.6,104700.0,39900.0,1257000.0,16900.0,84,3.46,89.8,0.266,0,1,45,2,51.8,-89200.0,56.9
BNA001215,Dahmani,Oussama,Particulier,Inactif,Compte courant,45,Blida,Industrie,Crédit immobilier,10.1,44300.0,21900.0,259000.0,6200.0,48,7.38,65.5,0.35,3,0,90,3,45.3,-47000.0,45.8
BNA001216,Slimani,Islam,Particulier,Actif,Compte courant,26,Béjaïa,Pharmacie,Crédit personnel,12.1,133600.0,102300.0,833000.0,19600.0,48,6.0,66.5,0.6,3,1,90,2,68.5,221400.0,105.0
BNA001217,Saidi,Mohamed,Particulier,Actif,Compte courant,48,Constantine,Pharmacie,Crédit d'exploitation,3.7,87400.0,35100.0,857000.0,20800.0,48,7.76,84.5,0.366,1,0,150,2,23.1,133100.0,52.5
BNA001218,Chibani,Samir,Professionnel,Actif,Compte courant,59,Batna,Pharmacie,Crédit personnel,5.2,152600.0,88900.0,2106000.0,68200.0,36,10.29,94.4,0.947,3,0,30,0,51.1,-25200.0,45.0
BNA001219,Ferhat,Nabil,Particulier,Actif,Compte courant,65,Djelfa,Commerce,Crédit immobilier,1.2,81100.0,50400.0,493000.0,15700.0,36,9.29,81.9,0.405,1,1,15,3,41.2,71100.0,39.3
BNA001220,Mebarki,Abdelkader,Particulier,Actif,Compte entreprise,57,Blida,Commerce,Crédit immobilier,4.5,83100.0,44900.0,1286000.0,30100.0,48,5.88,92.9,0.575,2,2,15,1,15.1,57700.0,71.2
BNA001221,Belaid,Walid,Professionnel,Actif,Compte entreprise,30,Sétif,Commerce,Crédit immobilier,2.4,329500.0,183300.0,1750000.0,33500.0,60,5.62,84.9,0.66,1,0,0,1,44.7,-672200.0,59.9
BNA001222,Saidi,Riad,Particulier,Actif,Compte épargne,41,Tlemcen,Agriculture,Crédit équipement,10.7,134300.0,49300.0,1398000.0,41700.0,36,4.76,77.0,0.125,2,0,180,3,33.0,-61500.0,72.6
BNA001223,Belkacem,Adel,PME,Actif,Compte épargne,55,Annaba,Pharmacie,Crédit d'exploitation,6.2,539500.0,145200.0,2875000.0,43300.0,84,6.96,50.4,0.708,0,0,0,0,13.3,1353800.0,175.2
BNA001224,Khelifi,Adel,Particulier,Actif,Compte professionnel,44,Batna,Services,Crédit d'investissement,0.9,40900.0,28300.0,561000.0,17800.0,36,8.81,89.4,0.239,1,0,45,3,55.4,-16000.0,49.4
BNA001225,Guediri,Youcef,Particulier,Actif,Compte professionnel,39,Béjaïa,Pharmacie,Crédit d'exploitation,5.9,82800.0,60400.0,476000.0,11300.0,48,6.36,90.6,0.564,5,2,0,6,65.3,255500.0,55.6
BNA001226,Dahmani,Kamel,PME,Actif,Compte courant,57,Biskra,Commerce,Crédit d'investissement,4.5,1042700.0,305900.0,7391000.0,143700.0,60,6.25,60.4,0.693,1,0,0,1,18.6,2042900.0,105.9
BNA001227,Yahiaoui,Amine,Particulier,Actif,Compte courant,28,Djelfa,Agriculture,Crédit personnel,12.3,51600.0,29300.0,200000.0,3300.0,84,9.87,80.2,0.326,5,2,150,8,28.3,33900.0,100.5
BNA001228,Belkacem,Islam,Particulier,Actif,Compte épargne,24,Béjaïa,Transport,Crédit d'investissement,17.0,80600.0,20000.0,610000.0,12600.0,60,8.77,45.5,0.818,0,0,0,0,27.2,339500.0,78.9
BNA001229,Larbi,Abdelkader,PME,Actif,Compte professionnel,40,Alger,Industrie,Crédit d'investissement,4.8,1212800.0,540900.0,5777000.0,140400.0,48,7.77,62.7,0.37,1,1,120,0,58.0,7300.0,74.9
BNA001230,Ferhat,Samir,Professionnel,Actif,Compte courant,46,Sétif,Transport,Crédit d'investissement,6.6,73800.0,45800.0,531000.0,7900.0,84,6.5,83.2,0.334,3,1,45,2,58.6,29200.0,32.6
BNA001231,Dahmani,Tarek,Professionnel,Actif,Compte épargne,29,Sétif,Commerce,Crédit d'investissement,6.1,242700.0,98700.0,1004000.0,16900.0,72,6.59,80.1,0.538,1,2,10,0,38.8,-74400.0,86.7
BNA001232,Benyahia,Nabil,Particulier,Actif,Compte épargne,53,Batna,Agriculture,Crédit personnel,8.5,154500.0,81100.0,2049000.0,46500.0,48,4.26,71.5,0.242,3,1,45,0,39.9,-213400.0,36.6
BNA001233,Mokhtar,Ilyes,PME,Actif,Compte courant,32,Constantine,Industrie,Crédit d'investissement,7.9,813700.0,483000.0,5359000.0,81600.0,72,3.06,74.6,0.406,4,0,120,1,40.4,-1506300.0,68.1
BNA001234,Larbi,Imad,PME,Actif,Compte courant,30,Constantine,Services,Crédit immobilier,5.6,899600.0,544400.0,6923000.0,210700.0,36,6.03,64.8,0.596,1,0,45,0,41.0,-13100.0,63.3
BNA001235,Belaid,Nabil,Particulier,Actif,Compte courant,42,Batna,Pharmacie,Crédit immobilier,1.2,144700.0,22200.0,934000.0,17200.0,72,9.76,42.1,0.529,0,0,30,0,16.1,342100.0,115.0
BNA001236,Mebarki,Oussama,Particulier,Actif,Compte courant,47,Annaba,Agriculture,Crédit personnel,5.4,83300.0,30700.0,1084000.0,21100.0,60,6.34,18.4,0.688,0,0,0,0,35.9,92000.0,102.7
BNA001237,Gacem,Sofiane,Particulier,Actif,Compte courant,32,Biskra,Industrie,Crédit immobilier,8.3,83600.0,61400.0,806000.0,25600.0,36,9.0,69.4,0.367,3,2,0,2,52.5,114700.0,87.7
BNA001238,Gacem,Youcef,Particulier,Actif,Compte entreprise,23,Sétif,Transport,Crédit immobilier,8.5,55600.0,21500.0,406000.0,12700.0,36,7.87,78.2,0.188,1,0,90,1,54.5,12200.0,78.5
BNA001239,Mebarki,Abdelkader,Particulier,Actif,Compte courant,49,Béjaïa,Santé,Crédit d'investissement,3.3,63300.0,44000.0,240000.0,7300.0,36,6.09,86.8,0.374,2,1,90,0,29.4,-18800.0,60.4
BNA001240,Bensalem,Riad,Particulier,Actif,Compte entreprise,64,Alger,Pharmacie,Crédit d'investissement,1.4,128900.0,66500.0,742000.0,17400.0,48,5.87,63.7,0.497,2,1,15,4,39.3,83400.0,104.5
BNA001241,Dahmani,Walid,Grande Entreprise,Actif,Compte entreprise,48,Biskra,BTPH,Crédit d'exploitation,7.6,1897800.0,1011300.0,7324000.0,127200.0,72,7.67,79.3,0.111,5,1,15,5,38.9,2051800.0,139.9
BNA001242,Djelloul,Ahmed,Professionnel,Actif,Compte professionnel,52,Alger,Pharmacie,Crédit d'investissement,8.0,167400.0,114700.0,1392000.0,63100.0,24,8.19,65.4,0.632,2,0,30,3,38.3,-373800.0,31.2
BNA001243,Guediri,Walid,Grande Entreprise,Actif,Compte épargne,34,Djelfa,Services,Crédit personnel,4.5,818400.0,597400.0,9609000.0,177700.0,72,9.93,68.2,0.518,1,0,60,3,60.4,-542400.0,82.9
BNA001244,Mebarki,Bilal,Professionnel,Actif,Compte épargne,63,Alger,Commerce,Crédit d'exploitation,5.7,198900.0,56500.0,1048000.0,21100.0,60,7.78,26.6,0.735,1,0,0,2,8.6,636000.0,28.9
BNA001245,Belaid,Mohamed,Particulier,Actif,Compte épargne,24,Oran,Santé,Crédit personnel,5.2,158600.0,50000.0,486000.0,21000.0,24,3.38,11.3,0.535,0,0,0,1,4.0,538100.0,149.7
BNA001246,Zerrouki,Karim,Particulier,Actif,Compte courant,65,Tlemcen,Industrie,Crédit équipement,5.0,150700.0,80500.0,1337000.0,18300.0,84,4.06,92.2,0.0,1,1,90,1,69.4,-113400.0,60.5
BNA001247,Yahiaoui,Farid,Particulier,Actif,Compte entreprise,37,Blida,Agriculture,Crédit équipement,14.5,61200.0,38700.0,200000.0,6300.0,36,8.17,72.8,0.078,2,1,15,1,57.2,-36600.0,70.4
BNA001248,Mansouri,Riad,PME,Actif,Compte courant,30,Laghouat,Industrie,Crédit d'exploitation,1.1,1007800.0,362000.0,4193000.0,94700.0,48,4.04,79.7,0.419,2,2,45,4,40.5,-919500.0,44.7
BNA001249,Amrani,Zakaria,Particulier,Actif,Compte courant,35,Biskra,Services,Crédit d'exploitation,4.7,124200.0,68200.0,834000.0,25700.0,36,6.78,67.4,0.33,2,0,10,1,58.6,156400.0,72.0
BNA001250,Benyahia,Kamel,Particulier,Actif,Compte épargne,24,Tlemcen,BTPH,Crédit immobilier,14.0,72400.0,54800.0,898000.0,20100.0,48,3.58,76.0,0.106,1,0,15,1,21.3,-66100.0,78.9
BNA001251,Chibani,Mourad,PME,Actif,Compte courant,48,Laghouat,Commerce,Crédit immobilier,2.8,413300.0,226000.0,2806000.0,52400.0,60,4.56,72.5,0.747,1,2,30,2,41.9,49000.0,78.2
BNA001252,Cherif,Imad,Particulier,Actif,Compte courant,39,Béjaïa,Transport,Crédit d'investissement,0.8,74600.0,37400.0,627000.0,14500.0,48,5.11,98.4,0.523,2,2,45,1,15.4,45800.0,68.4
BNA001253,Benyahia,Nabil,Particulier,Inactif,Compte épargne,45,Batna,Santé,Crédit équipement,14.3,182300.0,46000.0,1238000.0,37900.0,36,6.39,29.0,0.736,0,0,0,0,24.3,455700.0,119.7
BNA001254,Belkacem,Yacine,Professionnel,Actif,Compte courant,56,Biskra,Transport,Crédit personnel,8.0,187800.0,95000.0,1311000.0,20400.0,84,7.97,64.7,0.456,3,0,180,0,53.2,13200.0,17.4
BNA001255,Yahiaoui,Rachid,PME,Actif,Compte courant,35,Alger,Commerce,Crédit immobilier,6.2,818300.0,352600.0,9409000.0,433300.0,24,9.8,31.5,0.596,3,1,60,0,37.5,47400.0,91.0
BNA001256,Saidi,Ahmed,Particulier,Actif,Compte professionnel,49,Oran,BTPH,Crédit d'exploitation,2.4,48900.0,18400.0,312000.0,4700.0,84,6.9,29.3,0.435,0,0,5,0,12.3,106900.0,109.0
BNA001257,Chibani,Mourad,Particulier,Actif,Compte entreprise,59,Tlemcen,Pharmacie,Crédit immobilier,9.4,205500.0,129000.0,891000.0,16400.0,60,3.9,63.3,0.479,4,0,90,0,40.9,162200.0,76.5
BNA001258,Zerrouki,Oussama,Particulier,Actif,Compte courant,64,Djelfa,Santé,Crédit immobilier,0.8,64300.0,15200.0,681000.0,17300.0,48,10.02,29.1,0.817,0,0,0,1,25.5,59200.0,99.7
BNA001259,Larbi,Tarek,PME,Actif,Compte courant,57,Blida,Santé,Crédit équipement,5.7,284600.0,181200.0,1315000.0,30700.0,48,5.65,75.0,0.475,4,0,45,3,34.8,-172600.0,67.9
BNA001260,Amrani,Tarek,Particulier,Actif,Compte épargne,57,Sétif,Industrie,Crédit d'investissement,4.2,68200.0,25900.0,755000.0,18200.0,48,7.21,74.3,0.774,3,1,90,2,63.9,74300.0,27.4
BNA001261,Belkacem,Salim,Particulier,Actif,Compte courant,31,Djelfa,Commerce,Crédit immobilier,11.1,120600.0,88100.0,352000.0,8400.0,48,6.61,89.3,0.505,0,0,30,3,48.7,87100.0,37.6
BNA001262,Touati,Bilal,PME,Actif,Compte entreprise,58,Sétif,Commerce,Crédit d'investissement,11.4,921600.0,439400.0,6850000.0,311300.0,24,8.49,87.8,0.447,1,0,15,5,41.8,972800.0,93.5
BNA001263,Boudiaf,Adel,Particulier,Actif,Compte entreprise,48,Laghouat,Pharmacie,Crédit immobilier,4.7,68900.0,22000.0,579000.0,9200.0,72,4.59,13.8,0.664,0,0,0,0,20.4,92600.0,118.2
BNA001264,Djelloul,Imad,Particulier,Actif,Compte courant,43,Béjaïa,Services,Crédit équipement,19.3,55800.0,37400.0,536000.0,7600.0,84,5.13,57.9,0.693,1,0,90,2,53.1,66800.0,95.8
BNA001265,Hadji,Salim,PME,Actif,Compte courant,27,Batna,Services,Crédit d'investissement,4.2,563600.0,387000.0,6690000.0,128300.0,60,5.68,77.8,0.216,0,3,120,2,53.5,-18100.0,58.3
BNA001266,Belkacem,Riad,Particulier,Actif,Compte courant,54,Oran,BTPH,Crédit immobilier,4.3,100900.0,66800.0,461000.0,6600.0,84,5.49,53.3,0.429,3,2,30,4,34.8,23800.0,85.0
BNA001267,Belaid,Kamel,Professionnel,Actif,Compte épargne,65,Batna,Commerce,Crédit d'exploitation,16.6,159300.0,105800.0,680000.0,59800.0,12,10.16,64.8,0.959,3,1,60,3,47.7,-145100.0,99.2
BNA001268,Belkacem,Yacine,Particulier,Actif,Compte professionnel,30,Djelfa,Agriculture,Crédit d'investissement,16.3,68300.0,31400.0,489000.0,9100.0,60,4.49,95.1,0.629,3,0,60,0,44.7,-50500.0,66.2
BNA001269,Brahimi,Hichem,Particulier,Actif,Compte courant,35,Annaba,Agriculture,Crédit équipement,4.5,59900.0,15000.0,262000.0,6000.0,48,4.63,16.0,0.532,0,0,0,0,28.0,162200.0,146.0
BNA001270,Haddad,Zakaria,Professionnel,Actif,Compte courant,50,Batna,Agriculture,Crédit personnel,4.7,68300.0,26600.0,647000.0,11800.0,60,3.43,46.1,0.561,0,0,0,0,13.4,103400.0,124.9
BNA001271,Meziane,Ibrahim,Particulier,Actif,Compte professionnel,43,Oran,Agriculture,Crédit équipement,7.3,89100.0,43400.0,527000.0,15600.0,36,4.03,39.0,0.453,5,0,120,0,28.0,-52700.0,86.8
BNA001272,Belaid,Islam,Particulier,Actif,Compte professionnel,42,Alger,Industrie,Crédit équipement,9.3,79200.0,36300.0,775000.0,15900.0,60,8.43,82.2,0.586,0,0,5,0,35.1,95100.0,70.2
BNA001273,Meziane,Adel,Particulier,Actif,Compte courant,33,Alger,Commerce,Crédit immobilier,5.8,117100.0,67700.0,1682000.0,34700.0,60,8.68,77.3,0.481,0,1,45,1,30.1,-185500.0,58.2
BNA001274,Hadji,Yacine,PME,Actif,Compte entreprise,46,Laghouat,Santé,Crédit personnel,3.9,686400.0,225000.0,7413000.0,117700.0,84,8.58,17.5,0.776,0,0,0,0,34.8,2595200.0,137.8
BNA001275,Touati,Yacine,PME,Actif,Compte professionnel,58,Laghouat,Santé,Crédit équipement,7.4,1056000.0,746500.0,3249000.0,73200.0,48,3.89,69.7,0.201,2,0,5,3,37.2,-269300.0,24.6
BNA001276,Rahmani,Salim,PME,Actif,Compte épargne,33,Laghouat,Transport,Crédit équipement,0.8,637300.0,474000.0,3531000.0,88700.0,48,9.47,91.1,0.252,4,1,0,2,33.1,-1050900.0,16.0
BNA001277,Haddad,Yacine,Particulier,Actif,Compte courant,32,Alger,Commerce,Crédit d'exploitation,1.6,66000.0,27100.0,759000.0,23000.0,36,5.69,42.8,0.893,0,0,0,0,12.8,217600.0,105.3
BNA001278,Mokhtar,Anis,Particulier,Actif,Compte courant,45,Tlemcen,Agriculture,Crédit équipement,4.0,88900.0,15000.0,547000.0,9300.0,72,6.71,32.1,0.894,0,0,0,0,34.5,205500.0,90.3
BNA001279,Hadji,Mourad,Particulier,Actif,Compte courant,61,Blida,Pharmacie,Crédit d'exploitation,5.2,86700.0,15000.0,491000.0,12400.0,48,9.83,37.0,0.87,0,0,5,0,4.0,195700.0,100.3
BNA001280,Dahmani,Sofiane,Particulier,Actif,Compte épargne,41,Constantine,Agriculture,Crédit immobilier,16.2,87200.0,42200.0,623000.0,9900.0,84,8.72,46.6,0.908,0,1,0,1,38.9,255500.0,150.2
BNA001281,Benali,Yacine,PME,Actif,Compte courant,30,Biskra,Pharmacie,Crédit immobilier,5.9,593300.0,337200.0,2911000.0,66600.0,48,4.67,100.0,0.21,3,0,150,1,67.8,508300.0,69.5
BNA001282,Chibani,Riad,Professionnel,Actif,Compte professionnel,33,Batna,Santé,Crédit d'exploitation,2.9,319400.0,154100.0,1575000.0,38100.0,48,7.52,47.9,0.322,1,1,30,2,31.0,288700.0,80.9
BNA001283,Boudiaf,Nabil,Particulier,Actif,Compte professionnel,62,Annaba,Transport,Crédit immobilier,1.6,61700.0,31800.0,789000.0,16800.0,60,10.09,66.0,0.56,1,0,0,1,25.3,42200.0,102.4
BNA001284,Mokhtar,Nabil,Professionnel,Actif,Compte épargne,42,Biskra,BTPH,Crédit d'investissement,2.3,272800.0,183900.0,6893000.0,152800.0,48,3.08,71.0,0.434,1,1,120,3,22.1,-191300.0,107.5
BNA001285,Belkacem,Tarek,Particulier,Actif,Compte courant,36,Blida,Agriculture,Crédit d'exploitation,5.9,62200.0,35700.0,503000.0,22400.0,24,6.53,85.0,0.886,1,1,45,4,35.1,-47700.0,64.7
BNA001286,Nouri,Anis,Particulier,Actif,Compte courant,30,Constantine,Services,Crédit immobilier,20.0,71000.0,35100.0,400000.0,7300.0,72,9.51,83.4,0.265,1,0,90,1,57.1,6000.0,77.8
BNA001287,Chibani,Rachid,Professionnel,Actif,Compte courant,26,Béjaïa,Agriculture,Crédit d'exploitation,6.3,167000.0,98200.0,550000.0,16800.0,36,6.35,96.9,0.674,3,2,10,3,58.5,-56800.0,4.1
BNA001288,Ferhat,Ilyes,Professionnel,Actif,Compte professionnel,52,Tlemcen,BTPH,Crédit immobilier,5.0,245800.0,36800.0,1707000.0,32000.0,60,4.78,19.4,0.802,1,0,0,1,23.8,837200.0,138.5
BNA001289,Meziane,Rachid,Particulier,Actif,Compte épargne,47,Oran,Agriculture,Crédit d'exploitation,2.7,53800.0,28200.0,408000.0,12000.0,36,3.63,35.1,0.585,0,0,0,0,27.9,181700.0,107.6
BNA001290,Khelifi,Yacine,Grande Entreprise,Inactif,Compte épargne,61,Annaba,Agriculture,Crédit d'exploitation,7.0,6207000.0,2056100.0,25869000.0,484400.0,60,4.68,91.6,0.116,2,0,180,1,30.3,-1291800.0,62.3
BNA001291,Mansouri,Tarek,Professionnel,Actif,Compte épargne,45,Béjaïa,Santé,Crédit d'exploitation,11.8,141700.0,27800.0,1078000.0,24500.0,48,4.39,12.8,0.838,0,0,0,1,19.3,-60900.0,100.8
BNA001292,Touati,Anis,PME,Actif,Compte entreprise,30,Constantine,Santé,Crédit d'exploitation,16.7,784000.0,444600.0,6138000.0,138800.0,48,4.06,92.6,0.679,0,0,0,4,56.6,-984400.0,75.9
BNA001293,Benyahia,Nassim,PME,Actif,Compte professionnel,42,Batna,Commerce,Crédit personnel,9.9,863400.0,583500.0,8644000.0,114400.0,84,3.06,65.3,0.289,2,0,60,1,68.6,1036400.0,84.2
BNA001294,Ferhat,Youcef,Grande Entreprise,Actif,Compte épargne,41,Blida,BTPH,Crédit d'exploitation,5.6,1652800.0,306200.0,13815000.0,265400.0,60,5.74,40.9,0.422,0,0,0,0,10.6,5746200.0,108.5
BNA001295,Gacem,Walid,Particulier,Actif,Compte courant,46,Djelfa,Commerce,Crédit équipement,1.7,95400.0,25900.0,506000.0,22700.0,24,7.41,68.9,0.232,2,0,5,4,62.8,120700.0,92.5
BNA001296,Chibani,Sofiane,Particulier,Actif,Compte épargne,34,Béjaïa,Commerce,Crédit d'investissement,8.4,50800.0,21800.0,591000.0,17400.0,36,3.71,82.1,0.233,1,1,60,2,40.1,50400.0,52.4
BNA001297,Ferhat,Mohamed,Particulier,Actif,Compte épargne,50,Oran,Santé,Crédit d'exploitation,2.7,84400.0,16300.0,1373000.0,25000.0,60,3.49,47.2,0.705,1,0,0,1,27.4,81300.0,89.8
BNA001298,Gacem,Nabil,Particulier,Inactif,Compte entreprise,24,Laghouat,Industrie,Crédit personnel,11.6,87600.0,36900.0,662000.0,12400.0,72,10.37,23.8,0.408,0,0,0,0,29.9,91300.0,96.5
BNA001299,Benyahia,Ahmed,PME,Actif,Compte professionnel,31,Oran,Pharmacie,Crédit d'exploitation,2.7,289500.0,137800.0,2189000.0,39600.0,72,9.13,81.6,0.824,1,0,90,0,60.3,-67100.0,90.6
BNA001300,Belkacem,Amine,Particulier,Actif,Compte courant,60,Laghouat,Industrie,Crédit immobilier,20.0,90700.0,15000.0,709000.0,10700.0,84,6.9,36.6,0.53,0,0,0,0,19.6,386200.0,35.2
BNA001301,Hadji,Tarek,PME,Actif,Compte courant,38,Tlemcen,Services,Crédit d'exploitation,7.1,844000.0,329900.0,3890000.0,114400.0,36,3.75,11.6,0.816,1,0,0,0,36.9,796000.0,103.1
BNA001302,Guediri,Islam,Particulier,Inactif,Compte courant,23,Blida,Industrie,Crédit d'investissement,8.3,149000.0,24900.0,1341000.0,24000.0,72,8.68,39.1,0.831,1,0,0,0,13.3,197900.0,87.3
BNA001303,Hadji,Nassim,Particulier,Actif,Compte entreprise,64,Sétif,Transport,Crédit équipement,11.9,111700.0,30900.0,468000.0,7800.0,72,6.2,51.2,0.656,2,0,10,0,18.8,325100.0,116.3
BNA001304,Guediri,Mohamed,Particulier,Actif,Compte épargne,34,Biskra,Commerce,Crédit équipement,1.4,73500.0,40900.0,1978000.0,88000.0,24,6.38,76.8,0.454,0,2,120,1,54.3,800.0,55.8
BNA001305,Cherif,Anis,Particulier,Suspendu,Compte entreprise,52,Oran,Industrie,Crédit immobilier,6.6,120200.0,55000.0,2220000.0,45500.0,60,8.48,85.7,0.265,1,0,60,3,51.2,214400.0,63.3
BNA001306,Djelloul,Oussama,Particulier,Actif,Compte courant,27,Biskra,Agriculture,Crédit personnel,3.2,69600.0,28900.0,1084000.0,25700.0,48,6.52,81.6,0.49,1,1,150,1,61.3,-24000.0,51.2
BNA001307,Yahiaoui,Anis,Particulier,Actif,Compte courant,53,Sétif,Santé,Crédit d'exploitation,1.8,68400.0,31700.0,1035000.0,19100.0,60,3.99,86.5,0.671,4,0,60,2,63.5,7000.0,69.2
BNA001308,Amrani,Hichem,Grande Entreprise,Actif,Compte professionnel,37,Biskra,Pharmacie,Crédit d'exploitation,3.1,1956500.0,1053500.0,7165000.0,176600.0,48,8.5,57.5,0.789,0,1,120,4,62.7,3873100.0,35.2
BNA001309,Djelloul,Ibrahim,Professionnel,Actif,Compte courant,47,Sétif,BTPH,Crédit personnel,1.8,147900.0,92200.0,2563000.0,46500.0,60,3.35,88.9,0.415,1,1,30,0,35.3,137800.0,100.5
BNA001310,Saidi,Ilyes,PME,Actif,Compte épargne,32,Constantine,Industrie,Crédit d'exploitation,20.0,1136100.0,609500.0,8030000.0,249900.0,36,7.54,87.1,0.141,4,1,120,2,43.0,-942400.0,70.8
BNA001311,Gacem,Walid,Particulier,Actif,Compte courant,55,Oran,Commerce,Crédit d'investissement,7.1,116500.0,69300.0,872000.0,40000.0,24,9.43,74.6,0.28,3,1,15,3,58.6,191700.0,69.9
BNA001312,Benali,Adel,Particulier,Actif,Compte courant,54,Annaba,Agriculture,Crédit équipement,6.7,106300.0,22900.0,917000.0,20500.0,48,3.54,20.0,0.904,0,0,15,1,25.4,20900.0,70.7
BNA001313,Mokhtar,Aymen,Particulier,Actif,Compte courant,45,Oran,Transport,Crédit personnel,2.0,111500.0,36500.0,1381000.0,42500.0,36,6.83,35.1,0.544,1,1,0,0,22.5,384900.0,60.9
BNA001314,Mokhtar,Karim,Particulier,Actif,Compte courant,23,Djelfa,Pharmacie,Crédit d'exploitation,9.8,92300.0,66100.0,585000.0,9800.0,72,6.53,89.8,0.165,6,1,30,1,42.8,10600.0,67.9
BNA001315,Meziane,Riad,Particulier,Actif,Compte courant,44,Batna,Santé,Crédit personnel,4.7,82100.0,36300.0,755000.0,13300.0,72,8.23,16.2,0.915,0,0,0,0,20.5,74500.0,109.4
BNA001316,Belaid,Ilyes,PME,Actif,Compte courant,58,Sétif,Industrie,Crédit d'investissement,8.6,979900.0,366800.0,10397000.0,251200.0,48,7.47,56.3,0.24,0,3,30,3,53.1,-580400.0,65.6
BNA001317,Cherif,Kamel,Particulier,Actif,Compte épargne,35,Tlemcen,Santé,Crédit d'investissement,4.5,124300.0,27100.0,1559000.0,33200.0,60,10.14,90.7,0.554,1,0,90,3,73.1,-169800.0,47.4
BNA001318,Dahmani,Sofiane,Particulier,Actif,Compte professionnel,52,Batna,Santé,Crédit d'investissement,4.1,66100.0,42300.0,459000.0,20200.0,24,5.22,65.5,0.639,2,0,30,0,40.2,-55800.0,71.1
BNA001319,Brahimi,Hichem,Professionnel,Actif,Compte entreprise,64,Béjaïa,Agriculture,Crédit d'exploitation,6.4,87400.0,15000.0,1395000.0,32500.0,48,5.54,52.3,1.0,0,0,0,0,44.5,249800.0,78.0
BNA001320,Brahimi,Amine,PME,Actif,Compte courant,49,Oran,Transport,Crédit immobilier,14.6,1805300.0,769000.0,16419000.0,298200.0,72,9.27,93.3,0.405,1,0,60,3,22.6,241500.0,39.7
BNA001321,Nouri,Rachid,PME,Actif,Compte courant,25,Biskra,Santé,Crédit d'exploitation,1.4,877000.0,511700.0,7205000.0,171100.0,48,6.56,95.0,0.157,1,1,45,4,56.3,503100.0,82.0
BNA001322,Mokhtar,Yacine,Particulier,Actif,Compte courant,54,Oran,Industrie,Crédit d'exploitation,20.0,81000.0,51500.0,2174000.0,53700.0,48,8.56,51.4,0.444,1,0,45,3,53.2,-26200.0,63.3
BNA001323,Haddad,Ahmed,Professionnel,Actif,Compte entreprise,35,Alger,Services,Crédit d'investissement,10.3,361100.0,182600.0,2304000.0,195600.0,12,3.48,67.5,0.333,2,1,10,3,47.9,-199200.0,41.0
BNA001324,Djelloul,Karim,Particulier,Actif,Compte épargne,23,Oran,Commerce,Crédit d'exploitation,5.1,84700.0,49000.0,1132000.0,51100.0,24,7.86,73.4,0.507,2,3,45,0,39.7,-18000.0,99.8
BNA001325,Djelloul,Amine,PME,Inactif,Compte courant,33,Djelfa,Industrie,Crédit équipement,8.8,966900.0,710700.0,5934000.0,144000.0,48,7.7,80.7,0.557,1,1,60,2,55.5,-601500.0,87.6
BNA001326,Hadji,Tarek,Professionnel,Actif,Compte professionnel,38,Biskra,BTPH,Crédit d'exploitation,4.6,256900.0,159300.0,1117000.0,25900.0,48,5.26,90.3,0.651,1,2,15,1,28.7,-49600.0,110.4
BNA001327,Guediri,Karim,Professionnel,Actif,Compte entreprise,58,Tlemcen,Services,Crédit d'exploitation,6.2,177900.0,98800.0,3679000.0,57900.0,84,8.33,72.7,0.511,2,0,30,0,36.3,430000.0,45.4
BNA001328,Boudiaf,Rachid,PME,Actif,Compte professionnel,26,Djelfa,Santé,Crédit équipement,11.0,481800.0,320100.0,1494000.0,129300.0,12,6.99,80.2,0.227,1,0,90,1,41.1,276100.0,56.1
BNA001329,Slimani,Salim,Particulier,Actif,Compte courant,59,Sétif,Pharmacie,Crédit d'exploitation,7.5,54500.0,15000.0,383000.0,9100.0,48,6.65,34.3,0.631,2,1,0,1,28.2,26900.0,102.5
BNA001330,Touati,Nabil,Particulier,Actif,Compte entreprise,37,Constantine,Industrie,Crédit équipement,8.3,94900.0,40400.0,1008000.0,18700.0,72,10.04,56.4,0.568,3,0,45,3,33.1,-16500.0,100.1
BNA001331,Benyahia,Samir,Professionnel,Actif,Compte épargne,38,Biskra,BTPH,Crédit immobilier,10.9,318800.0,163100.0,2049000.0,52100.0,48,10.1,87.5,0.364,1,0,5,4,29.7,179800.0,54.2
BNA001332,Belkacem,Oussama,Particulier,Actif,Compte épargne,57,Annaba,Agriculture,Crédit personnel,5.4,216100.0,159700.0,2006000.0,171300.0,12,4.48,66.2,0.656,2,0,60,1,47.3,-170200.0,73.3
BNA001333,Touati,Youcef,PME,Actif,Compte épargne,63,Biskra,Industrie,Crédit équipement,4.7,772400.0,227600.0,6323000.0,117000.0,60,4.19,36.3,0.795,0,0,0,0,24.1,2044500.0,77.4
BNA001334,Haddad,Kamel,Particulier,Actif,Compte courant,27,Béjaïa,Commerce,Crédit d'investissement,8.2,73300.0,15000.0,611000.0,15300.0,48,9.25,46.9,0.784,0,0,0,0,17.1,86900.0,123.6
BNA001335,Benali,Aymen,Professionnel,Actif,Compte épargne,42,Oran,Santé,Crédit d'exploitation,8.2,198700.0,124300.0,1039000.0,19300.0,60,4.43,97.8,0.332,4,4,10,1,47.9,257300.0,57.9
BNA001336,Larbi,Anis,Particulier,Actif,Compte entreprise,65,Annaba,Agriculture,Crédit immobilier,6.5,122400.0,76100.0,1055000.0,46900.0,24,6.33,73.2,0.457,4,1,120,2,7.0,7900.0,76.0
BNA001337,Hadji,Islam,Grande Entreprise,Actif,Compte courant,65,Laghouat,Transport,Crédit d'exploitation,9.7,2714700.0,1030900.0,14628000.0,247600.0,72,6.75,79.1,0.339,1,2,90,1,33.7,1033100.0,26.9
BNA001338,Guediri,Islam,Particulier,Actif,Compte épargne,23,Béjaïa,Industrie,Crédit équipement,11.4,121900.0,47100.0,1859000.0,39500.0,60,9.95,100.0,0.644,4,1,150,2,60.3,-68000.0,78.3
BNA001339,Slimani,Ahmed,Particulier,Actif,Compte courant,40,Laghouat,Commerce,Crédit immobilier,13.6,76500.0,29000.0,744000.0,13900.0,72,10.29,74.1,0.328,2,0,30,6,16.5,-53600.0,108.0
BNA001340,Haddad,Mourad,PME,Actif,Compte courant,63,Djelfa,Services,Crédit d'exploitation,2.9,681000.0,89800.0,6992000.0,156400.0,48,3.52,15.7,0.519,1,0,0,0,20.2,2187800.0,129.1
BNA001341,Haddad,Mourad,Particulier,Actif,Compte professionnel,35,Tlemcen,Santé,Crédit d'exploitation,4.4,126000.0,90700.0,1363000.0,62100.0,24,8.65,63.6,0.234,0,0,15,1,28.1,-3600.0,44.4
BNA001342,Saidi,Oussama,Particulier,Actif,Compte entreprise,48,Annaba,Agriculture,Crédit d'investissement,9.1,89300.0,56500.0,1082000.0,26400.0,48,8.06,64.8,0.227,2,2,180,0,58.7,-82900.0,60.2
BNA001343,Nouri,Mohamed,Particulier,Actif,Compte entreprise,23,Alger,Pharmacie,Crédit d'exploitation,8.6,179700.0,66200.0,2953000.0,72900.0,48,8.59,23.5,0.632,2,0,0,1,22.6,348800.0,59.4
BNA001344,Brahimi,Sofiane,Particulier,Actif,Compte épargne,23,Constantine,Transport,Crédit équipement,10.2,140200.0,112600.0,3551000.0,68700.0,60,6.04,69.9,0.032,3,0,10,2,35.2,162800.0,54.1
BNA001345,Belkacem,Mohamed,Particulier,Actif,Compte entreprise,56,Constantine,Pharmacie,Crédit personnel,15.4,99400.0,15000.0,789000.0,12900.0,84,9.4,33.7,0.832,1,0,0,0,29.2,210500.0,81.1
BNA001346,Touati,Ahmed,Professionnel,Actif,Compte courant,61,Laghouat,Services,Crédit d'exploitation,11.9,106100.0,76500.0,1854000.0,38200.0,60,8.64,67.1,0.208,1,0,10,1,33.9,84900.0,69.5
BNA001347,Chibani,Rachid,Particulier,Actif,Compte courant,25,Constantine,Pharmacie,Crédit personnel,8.8,101100.0,38500.0,706000.0,13800.0,60,6.36,20.1,0.532,0,0,0,0,26.0,310000.0,132.7
BNA001348,Cherif,Anis,Professionnel,Actif,Compte épargne,46,Oran,BTPH,Crédit d'exploitation,7.4,179900.0,125000.0,1300000.0,22600.0,72,7.69,65.2,0.289,1,2,15,3,44.4,-101800.0,84.4
BNA001349,Meziane,Mohamed,Particulier,Actif,Compte courant,48,Alger,Industrie,Crédit personnel,1.9,129700.0,99700.0,854000.0,19400.0,48,4.3,82.2,0.631,1,0,30,0,67.2,45700.0,63.7
BNA001350,Guediri,Samir,Particulier,Actif,Compte entreprise,51,Batna,Pharmacie,Crédit équipement,5.3,54900.0,40400.0,337000.0,6400.0,60,5.26,95.2,0.24,2,3,120,1,40.7,50500.0,51.1
BNA001351,Gacem,Rachid,Professionnel,Actif,Compte courant,40,Constantine,Commerce,Crédit d'exploitation,5.1,476000.0,334700.0,9505000.0,180700.0,60,5.31,86.3,0.299,0,2,30,1,35.9,208100.0,113.5
BNA001352,Mansouri,Adel,Particulier,Actif,Compte entreprise,56,Alger,Industrie,Crédit d'investissement,13.0,86800.0,15000.0,588000.0,13200.0,48,3.73,3.2,0.809,0,1,0,0,5.3,319400.0,89.8
BNA001353,Rahmani,Ilyes,Particulier,Actif,Compte courant,63,Tlemcen,Industrie,Crédit d'exploitation,16.7,127100.0,90900.0,967000.0,82700.0,12,4.81,65.6,0.216,4,0,10,3,21.5,-119300.0,79.6
BNA001354,Dahmani,Kamel,Particulier,Actif,Compte courant,24,Blida,Santé,Crédit immobilier,5.0,105900.0,21600.0,789000.0,19200.0,48,7.87,18.9,0.831,1,0,15,0,15.1,305600.0,96.2
BNA001355,Larbi,Bilal,Particulier,Actif,Compte courant,36,Biskra,Industrie,Crédit immobilier,6.9,50400.0,28500.0,589000.0,14000.0,48,6.75,90.3,0.204,0,1,30,4,47.6,6800.0,41.9
BNA001356,Touati,Oussama,PME,Actif,Compte courant,65,Batna,Services,Crédit d'investissement,7.9,345300.0,278800.0,2624000.0,42900.0,72,5.51,70.0,0.18,2,3,90,2,29.5,-13000.0,49.1
BNA001357,Larbi,Amine,Particulier,Actif,Compte épargne,43,Annaba,Agriculture,Crédit d'exploitation,6.7,158700.0,81300.0,1253000.0,37100.0,36,4.11,82.1,0.411,3,1,30,4,53.4,77500.0,71.7
BNA001358,Mokhtar,Sofiane,Particulier,Actif,Compte courant,50,Blida,Industrie,Crédit d'exploitation,2.8,75700.0,58200.0,1200000.0,19800.0,72,5.91,72.7,0.191,1,2,90,3,42.0,-7400.0,71.5
BNA001359,Boudiaf,Karim,Grande Entreprise,Actif,Compte entreprise,28,Tlemcen,Pharmacie,Crédit d'investissement,7.5,969600.0,535200.0,4314000.0,63300.0,84,6.15,54.6,0.806,1,1,90,4,35.3,539600.0,54.0
BNA001360,Djelloul,Amine,PME,Inactif,Compte courant,45,Tlemcen,Industrie,Crédit équipement,18.6,1467100.0,664700.0,10867000.0,189400.0,72,7.79,71.9,0.163,3,0,90,0,30.5,485500.0,49.5
BNA001361,Guediri,Anis,Particulier,Inactif,Compte épargne,51,Tlemcen,Agriculture,Crédit équipement,6.3,72800.0,37000.0,930000.0,28800.0,36,7.11,100.0,0.267,1,0,90,1,22.3,79300.0,69.4
BNA001362,Belaid,Ibrahim,Grande Entreprise,Actif,Compte professionnel,38,Béjaïa,Industrie,Crédit immobilier,8.5,1833700.0,274000.0,7617000.0,171800.0,48,3.94,13.6,0.951,0,0,0,0,16.6,2990300.0,49.5
BNA001363,Djelloul,Adel,Particulier,Actif,Compte professionnel,32,Djelfa,BTPH,Crédit équipement,3.6,98000.0,54900.0,755000.0,15000.0,60,7.1,89.1,0.373,0,0,90,0,27.2,217100.0,39.2
BNA001364,Khelifi,Ilyes,Particulier,Actif,Compte entreprise,49,Blida,Transport,Crédit d'investissement,3.9,135400.0,19400.0,1083000.0,22000.0,60,8.11,34.2,0.763,0,0,0,0,31.0,67400.0,169.0
BNA001365,Amrani,Mourad,Professionnel,Actif,Compte courant,24,Annaba,Services,Crédit équipement,7.5,497900.0,195900.0,3324000.0,66800.0,60,7.61,42.3,0.683,0,0,15,0,25.2,1423500.0,115.3
BNA001366,Larbi,Mohamed,PME,Actif,Compte courant,34,Annaba,Pharmacie,Crédit équipement,2.3,612600.0,382300.0,2801000.0,65800.0,48,6.0,76.9,0.313,2,2,150,0,48.2,269700.0,68.4
BNA001367,Zerrouki,Nassim,PME,Actif,Compte professionnel,36,Annaba,Transport,Crédit d'investissement,8.8,1117100.0,827100.0,5962000.0,100800.0,72,6.72,82.3,0.46,3,3,45,2,30.6,-1072300.0,47.6
BNA001368,Hadji,Nassim,Particulier,Actif,Compte professionnel,58,Batna,BTPH,Crédit immobilier,2.5,65800.0,30700.0,492000.0,15600.0,36,8.69,76.3,0.585,2,1,90,0,76.5,47300.0,58.5
BNA001369,Djelloul,Abdelkader,PME,Actif,Compte épargne,23,Batna,Industrie,Crédit personnel,2.5,961900.0,681000.0,8024000.0,127200.0,72,4.44,67.9,0.388,2,1,5,1,43.3,414900.0,68.2
BNA001370,Mansouri,Imad,Particulier,Actif,Compte professionnel,62,Sétif,Pharmacie,Crédit personnel,8.9,85000.0,29300.0,925000.0,29500.0,36,9.16,9.0,0.765,1,0,30,0,17.0,-39000.0,57.2
BNA001371,Zerrouki,Yacine,Grande Entreprise,Actif,Compte entreprise,60,Blida,BTPH,Crédit équipement,9.2,4536200.0,2063100.0,18231000.0,541400.0,36,4.39,70.5,0.469,2,1,120,3,38.0,-976400.0,90.0
BNA001372,Benyahia,Tarek,PME,Actif,Compte épargne,25,Blida,Services,Crédit équipement,6.0,619800.0,154900.0,10682000.0,162900.0,72,3.13,19.7,0.669,0,0,0,0,13.0,1969800.0,92.5
BNA001373,Dahmani,Karim,Particulier,Actif,Compte courant,35,Sétif,Industrie,Crédit d'exploitation,1.6,91500.0,62400.0,755000.0,22700.0,36,5.15,62.3,0.258,2,1,10,1,54.4,-83800.0,79.3
BNA001374,Rahmani,Abdelkader,PME,Actif,Compte professionnel,31,Béjaïa,Santé,Crédit d'exploitation,7.0,496100.0,210700.0,5403000.0,97800.0,72,9.14,67.5,0.558,0,0,45,2,78.4,-339500.0,40.6
BNA001375,Benyahia,Samir,PME,Actif,Compte épargne,26,Tlemcen,Transport,Crédit immobilier,6.2,255400.0,169200.0,3304000.0,61600.0,60,4.49,64.2,0.607,1,0,45,3,30.7,-116100.0,63.8
BNA001376,Slimani,Tarek,PME,Actif,Compte courant,59,Béjaïa,Agriculture,Crédit personnel,3.8,690200.0,187700.0,4971000.0,89400.0,60,3.05,20.4,0.534,0,0,0,2,22.1,843300.0,73.8
BNA001377,Saidi,Imad,Grande Entreprise,Actif,Compte entreprise,32,Tlemcen,Transport,Crédit d'investissement,7.1,476500.0,68900.0,2450000.0,54600.0,48,3.37,29.6,0.886,0,0,0,1,25.1,1225000.0,78.4
BNA001378,Mansouri,Mohamed,Particulier,Actif,Compte entreprise,33,Sétif,Pharmacie,Crédit immobilier,3.5,93200.0,68100.0,1510000.0,29500.0,60,6.41,84.0,0.649,1,1,30,1,32.2,24100.0,69.7
BNA001379,Dahmani,Youcef,Particulier,Actif,Compte professionnel,30,Blida,Transport,Crédit d'exploitation,3.3,85200.0,28600.0,1122000.0,21200.0,60,4.97,30.9,0.811,1,0,0,0,31.1,156300.0,88.0
BNA001380,Gacem,Islam,Particulier,Actif,Compte courant,61,Béjaïa,Commerce,Crédit d'investissement,9.2,62000.0,17700.0,395000.0,11900.0,36,5.27,23.4,0.69,0,0,0,0,34.1,188300.0,59.4
BNA001381,Benali,Mourad,Particulier,Actif,Compte professionnel,26,Alger,Services,Crédit immobilier,5.6,81500.0,15000.0,874000.0,26400.0,36,5.4,13.2,0.781,0,1,0,0,28.0,36000.0,55.4
BNA001382,Mebarki,Bilal,Particulier,Actif,Compte épargne,23,Alger,Agriculture,Crédit personnel,10.3,101100.0,68800.0,826000.0,35500.0,24,3.09,91.5,0.067,1,1,90,0,33.4,60100.0,60.3
BNA001383,Larbi,Nabil,Particulier,Actif,Compte entreprise,43,Batna,BTPH,Crédit d'exploitation,8.7,63100.0,19500.0,349000.0,10900.0,36,7.57,9.8,0.945,0,0,0,0,21.4,206300.0,114.7
BNA001384,Belaid,Nabil,Particulier,Actif,Compte courant,34,Oran,Commerce,Crédit immobilier,7.3,96200.0,46700.0,829000.0,16400.0,60,7.07,86.0,0.423,0,2,30,1,54.6,55700.0,26.4
BNA001385,Saidi,Salim,Particulier,Actif,Compte courant,51,Alger,Industrie,Crédit immobilier,5.4,108500.0,44300.0,1224000.0,55800.0,24,8.75,45.5,0.629,2,1,30,1,58.0,88000.0,88.1
BNA001386,Amrani,Bilal,Particulier,Actif,Compte entreprise,39,Tlemcen,Santé,Crédit d'investissement,5.2,94800.0,28500.0,554000.0,17600.0,36,8.93,78.5,0.351,2,0,60,3,36.7,-94000.0,75.4
BNA001387,Nouri,Kamel,Particulier,Actif,Compte courant,24,Blida,Transport,Crédit équipement,5.0,201400.0,128400.0,1032000.0,30600.0,36,4.25,83.1,0.104,1,0,90,4,39.2,-156300.0,61.3
BNA001388,Touati,Nabil,Particulier,Actif,Compte épargne,29,Constantine,Commerce,Crédit d'exploitation,13.4,67700.0,31800.0,952000.0,16300.0,72,7.24,79.3,0.113,2,0,45,1,49.6,-22600.0,66.7
BNA001389,Mokhtar,Oussama,Particulier,Actif,Compte épargne,27,Tlemcen,Transport,Crédit équipement,2.6,184400.0,82400.0,675000.0,19900.0,36,3.85,71.5,0.149,2,2,45,2,18.4,-249100.0,47.8
BNA001390,Boudiaf,Anis,PME,Actif,Compte professionnel,60,Oran,Transport,Crédit d'exploitation,2.6,357600.0,201000.0,2414000.0,36800.0,72,3.14,85.7,0.93,1,0,45,3,35.9,744100.0,40.6
BNA001391,Nouri,Mourad,Particulier,Actif,Compte professionnel,58,Tlemcen,Agriculture,Crédit d'exploitation,16.3,145800.0,69800.0,991000.0,31100.0,36,8.09,81.9,0.017,4,2,60,3,47.8,-72600.0,5.7
BNA001392,Benali,Imad,Professionnel,Actif,Compte épargne,43,Djelfa,Pharmacie,Crédit d'exploitation,6.6,161900.0,87200.0,1831000.0,28100.0,72,3.34,94.1,0.612,2,2,15,3,52.2,330500.0,0.6
BNA001393,Cherif,Bilal,Particulier,Inactif,Compte courant,43,Béjaïa,Transport,Crédit personnel,7.7,165700.0,60400.0,966000.0,19600.0,60,8.01,98.4,0.468,5,1,90,2,46.2,132800.0,43.9
BNA001394,Belkacem,Kamel,Particulier,Actif,Compte courant,37,Alger,Industrie,Crédit d'investissement,4.6,82200.0,65700.0,421000.0,10300.0,48,8.23,88.0,0.638,2,0,60,1,51.9,-28800.0,101.0
BNA001395,Boudiaf,Mourad,Particulier,Actif,Compte professionnel,27,Batna,BTPH,Crédit personnel,7.1,103900.0,65400.0,451000.0,8300.0,60,4.18,80.5,0.293,1,1,60,4,50.5,54400.0,75.6
BNA001396,Dahmani,Samir,Particulier,Actif,Compte épargne,25,Sétif,Transport,Crédit d'exploitation,11.0,153100.0,30900.0,1242000.0,22400.0,60,3.19,55.9,0.727,1,0,0,0,28.5,462400.0,69.1
BNA001397,Mansouri,Adel,Grande Entreprise,Actif,Compte courant,60,Djelfa,BTPH,Crédit immobilier,11.7,1047000.0,525100.0,9640000.0,189800.0,60,6.77,81.9,0.273,2,1,15,1,59.1,-1405900.0,47.2
BNA001398,Belkacem,Farid,Particulier,Actif,Compte entreprise,31,Annaba,Services,Crédit d'exploitation,9.2,57100.0,39700.0,297000.0,6700.0,48,3.61,78.8,0.708,2,0,30,1,33.6,30500.0,130.2
BNA001399,Nouri,Zakaria,Grande Entreprise,Actif,Compte courant,32,Blida,Services,Crédit immobilier,7.6,3465100.0,2668900.0,22830000.0,1995900.0,12,8.94,67.9,0.312,2,1,90,1,39.9,753200.0,53.6
BNA001400,Mebarki,Ilyes,Particulier,Actif,Compte épargne,37,Blida,Santé,Crédit personnel,13.4,110800.0,54400.0,803000.0,19200.0,48,6.89,58.1,0.558,3,0,15,3,62.2,11100.0,37.4
BNA001401,Amrani,Farid,Professionnel,Actif,Compte épargne,25,Sétif,Agriculture,Crédit personnel,8.3,116400.0,77000.0,1367000.0,30600.0,48,3.61,79.4,0.21,1,1,5,0,64.2,27300.0,55.7
BNA001402,Gacem,Islam,Particulier,Actif,Compte épargne,42,Constantine,BTPH,Crédit immobilier,2.3,78800.0,42400.0,1054000.0,16300.0,84,7.69,95.0,0.159,1,3,5,4,38.0,61800.0,13.0
BNA001403,Nouri,Yacine,Particulier,Actif,Compte professionnel,62,Oran,Santé,Crédit personnel,17.8,105200.0,69900.0,453000.0,20600.0,24,8.43,68.5,0.146,0,1,45,3,70.6,114200.0,33.6
BNA001404,Larbi,Tarek,Particulier,Actif,Compte professionnel,63,Béjaïa,BTPH,Crédit d'exploitation,2.8,61300.0,19200.0,200000.0,4500.0,48,3.92,73.5,0.648,0,0,120,0,36.5,32500.0,16.2
BNA001405,Ferhat,Ahmed,Particulier,Actif,Compte entreprise,29,Blida,BTPH,Crédit immobilier,10.7,44800.0,15000.0,292000.0,8700.0,36,4.77,30.3,0.778,1,0,0,1,16.4,83900.0,141.6
BNA001406,Chibani,Youcef,PME,Actif,Compte courant,34,Laghouat,Commerce,Crédit personnel,3.8,512600.0,304000.0,3281000.0,286600.0,12,8.75,88.1,0.383,0,0,150,2,49.2,-732200.0,99.3
BNA001407,Chibani,Adel,Particulier,Actif,Compte entreprise,47,Laghouat,Services,Crédit d'exploitation,5.7,107500.0,69100.0,1009000.0,20900.0,60,8.91,80.3,0.865,1,4,30,1,32.7,-234400.0,69.3
BNA001408,Benali,Farid,Grande Entreprise,Actif,Compte épargne,63,Batna,Santé,Crédit personnel,20.0,1713200.0,1214100.0,5381000.0,102400.0,60,5.34,84.0,0.222,2,0,0,2,48.5,4476500.0,0.0
BNA001409,Belaid,Rachid,Particulier,Actif,Compte entreprise,58,Blida,BTPH,Crédit d'exploitation,11.4,50900.0,34800.0,474000.0,11700.0,48,8.49,83.2,0.599,2,1,180,1,23.1,-47100.0,71.5
BNA001410,Boudiaf,Nassim,Particulier,Actif,Compte épargne,65,Blida,Services,Crédit d'investissement,16.9,122700.0,77800.0,923000.0,18000.0,60,6.26,91.4,0.415,5,1,30,1,33.9,217800.0,64.1
BNA001411,Belkacem,Nabil,PME,Actif,Compte courant,59,Blida,BTPH,Crédit immobilier,7.2,615500.0,329100.0,2393000.0,49400.0,60,8.74,89.1,0.496,2,1,45,3,61.4,510300.0,22.5
BNA001412,Larbi,Ahmed,Particulier,Actif,Compte épargne,62,Alger,Services,Crédit immobilier,11.2,35000.0,15000.0,200000.0,4100.0,60,8.54,55.8,0.326,1,2,30,1,34.4,-25200.0,54.2
BNA001413,Belaid,Aymen,Professionnel,Actif,Compte courant,48,Laghouat,BTPH,Crédit immobilier,3.4,100300.0,42800.0,760000.0,18200.0,48,7.06,81.9,0.058,2,1,150,1,41.3,146700.0,67.7
BNA001414,Slimani,Farid,Particulier,Actif,Compte professionnel,54,Batna,Industrie,Crédit immobilier,10.1,49800.0,26900.0,244000.0,4500.0,60,4.24,92.6,0.469,3,4,30,4,48.4,8000.0,55.8
BNA001415,Mebarki,Hichem,Particulier,Actif,Compte courant,24,Oran,Santé,Crédit d'exploitation,6.9,129900.0,92400.0,840000.0,26300.0,36,7.86,80.4,0.265,2,3,90,1,64.8,-145300.0,75.3
BNA001416,Mebarki,Ilyes,PME,Actif,Compte épargne,48,Béjaïa,Santé,Crédit d'exploitation,14.0,972500.0,792000.0,9955000.0,183500.0,60,4.03,42.2,0.227,2,0,45,3,49.4,-121000.0,18.1
BNA001417,Haddad,Nassim,Particulier,Actif,Compte courant,60,Béjaïa,Commerce,Crédit immobilier,6.0,79100.0,32700.0,903000.0,20000.0,48,3.07,24.0,0.791,0,0,0,1,13.2,130600.0,158.2
BNA001418,Yahiaoui,Yacine,Particulier,Actif,Compte professionnel,58,Batna,Services,Crédit équipement,8.3,107100.0,38700.0,1191000.0,28700.0,48,7.25,15.1,0.736,0,0,0,1,21.9,75400.0,135.6
BNA001419,Cherif,Bilal,PME,Actif,Compte épargne,56,Biskra,Santé,Crédit d'exploitation,4.3,1250600.0,642300.0,10490000.0,178700.0,72,6.97,93.7,0.407,1,0,30,1,23.2,131700.0,66.2
BNA001420,Mebarki,Oussama,Particulier,Actif,Compte courant,44,Alger,BTPH,Crédit d'exploitation,4.1,94500.0,43800.0,519000.0,9300.0,72,8.69,89.8,0.508,1,1,45,1,67.0,2800.0,90.7
BNA001421,Rahmani,Islam,Professionnel,Actif,Compte entreprise,64,Béjaïa,Transport,Crédit immobilier,8.4,180700.0,102400.0,1924000.0,29300.0,72,3.11,48.8,0.359,5,0,15,2,30.2,450100.0,97.7
BNA001422,Mebarki,Walid,Professionnel,Actif,Compte courant,52,Alger,Industrie,Crédit d'investissement,6.5,199900.0,28000.0,1574000.0,38500.0,48,8.05,53.6,0.606,0,0,0,0,6.1,480500.0,153.4
BNA001423,Ferhat,Ahmed,Grande Entreprise,Inactif,Compte courant,31,Biskra,Transport,Crédit équipement,9.1,548100.0,262900.0,1479000.0,64700.0,24,4.72,85.3,0.476,2,3,60,2,27.9,611200.0,64.2
BNA001424,Dahmani,Mohamed,PME,Actif,Compte courant,52,Biskra,Santé,Crédit d'investissement,6.7,302800.0,160400.0,2107000.0,44700.0,60,9.95,65.9,0.647,1,3,45,1,30.0,29200.0,12.9
BNA001425,Benyahia,Tarek,PME,Actif,Compte courant,35,Alger,Agriculture,Crédit équipement,10.9,1103500.0,565000.0,11736000.0,180800.0,72,3.48,90.7,0.227,2,1,60,3,41.8,2260700.0,37.6
BNA001426,Benali,Tarek,Particulier,Actif,Compte courant,50,Batna,Services,Crédit d'investissement,5.6,103800.0,54300.0,2117000.0,95500.0,24,7.75,80.7,0.102,0,4,90,1,74.4,94600.0,43.8
BNA001427,Mebarki,Salim,Particulier,Actif,Compte professionnel,23,Oran,Transport,Crédit immobilier,20.0,65100.0,21800.0,612000.0,13600.0,48,3.3,81.5,0.479,3,1,150,2,48.1,52400.0,79.6
BNA001428,Gacem,Rachid,Professionnel,Actif,Compte épargne,33,Blida,Industrie,Crédit personnel,6.9,176200.0,81300.0,1809000.0,45800.0,48,9.96,59.0,0.626,4,1,45,1,58.0,73300.0,40.8
BNA001429,Dahmani,Aymen,Particulier,Actif,Compte courant,42,Batna,Transport,Crédit personnel,11.5,104400.0,76800.0,777000.0,23700.0,36,6.06,67.9,0.23,1,0,60,4,30.5,-33500.0,76.8
BNA001430,Nouri,Amine,Professionnel,Actif,Compte courant,29,Batna,Services,Crédit d'investissement,2.7,151800.0,99500.0,1511000.0,48800.0,36,10.09,84.5,0.421,1,1,60,1,64.2,256600.0,28.3
BNA001431,Saidi,Hichem,Particulier,Actif,Compte professionnel,59,Djelfa,Commerce,Crédit d'investissement,8.3,79000.0,29800.0,307000.0,7000.0,48,4.74,69.6,0.551,0,2,60,0,51.1,11400.0,97.3
BNA001432,Boudiaf,Adel,Particulier,Actif,Compte courant,39,Biskra,Transport,Crédit personnel,8.4,209400.0,116500.0,2926000.0,56800.0,60,6.18,74.5,0.37,0,1,15,2,26.9,66100.0,78.5
BNA001433,Mansouri,Mourad,Particulier,Actif,Compte courant,39,Sétif,BTPH,Crédit personnel,8.7,126000.0,58200.0,592000.0,8300.0,84,4.66,58.3,0.69,2,0,90,0,34.1,142800.0,66.6
BNA001434,Zerrouki,Salim,Professionnel,Inactif,Compte courant,30,Constantine,Commerce,Crédit personnel,2.9,120600.0,85300.0,714000.0,15300.0,60,10.47,87.2,0.26,0,1,30,1,62.5,-128200.0,51.2
BNA001435,Saidi,Nassim,PME,Actif,Compte épargne,23,Djelfa,Services,Crédit personnel,12.5,179400.0,121900.0,1473000.0,36800.0,48,9.17,90.3,0.299,1,0,120,0,42.9,93700.0,99.3
BNA001436,Chibani,Farid,Particulier,Actif,Compte courant,42,Sétif,Commerce,Crédit d'exploitation,4.1,48300.0,15000.0,200000.0,3200.0,84,9.15,26.4,0.729,0,0,0,1,24.6,105100.0,107.3
BNA001437,Chibani,Ibrahim,PME,Actif,Compte courant,63,Annaba,Pharmacie,Crédit d'exploitation,5.8,815500.0,645800.0,5310000.0,105400.0,60,7.1,90.6,0.164,1,1,30,3,31.6,-276300.0,57.3
BNA001438,Slimani,Ahmed,PME,Actif,Compte courant,29,Sétif,Transport,Crédit d'investissement,1.5,2081500.0,1110400.0,27530000.0,439300.0,72,4.68,78.2,0.503,2,3,90,2,46.9,2761700.0,123.8
BNA001439,Boudiaf,Youcef,PME,Actif,Compte courant,60,Constantine,Industrie,Crédit immobilier,20.0,610400.0,218200.0,3677000.0,63800.0,72,7.61,27.3,0.86,0,0,0,1,30.4,702600.0,126.3
BNA001440,Benyahia,Samir,Particulier,Actif,Compte entreprise,60,Annaba,Commerce,Crédit personnel,3.7,77200.0,51500.0,691000.0,16300.0,48,6.1,72.6,0.19,2,0,90,1,27.0,80000.0,47.4
BNA001441,Bensalem,Hichem,Professionnel,Actif,Compte épargne,63,Constantine,Services,Crédit équipement,3.5,305900.0,95200.0,3409000.0,80900.0,48,6.54,22.7,0.858,0,0,5,1,34.8,931400.0,89.9
BNA001442,Ferhat,Nassim,Particulier,Actif,Compte courant,44,Blida,Pharmacie,Crédit d'investissement,8.3,68700.0,32100.0,1272000.0,19900.0,84,8.1,72.5,0.368,3,0,5,1,39.1,53100.0,48.9
BNA001443,Yahiaoui,Mohamed,Particulier,Actif,Compte courant,24,Constantine,Pharmacie,Crédit d'investissement,6.0,39800.0,19500.0,200000.0,5000.0,48,8.98,16.1,0.689,2,0,0,0,19.4,108600.0,156.0
BNA001444,Ferhat,Nabil,Particulier,Actif,Compte épargne,43,Annaba,BTPH,Crédit d'exploitation,4.2,71700.0,45800.0,744000.0,12600.0,72,6.7,83.3,0.563,2,5,90,0,33.1,5100.0,27.8
BNA001445,Bensalem,Kamel,Particulier,Actif,Compte courant,30,Sétif,Services,Crédit d'investissement,4.2,97100.0,59800.0,547000.0,13100.0,48,6.94,77.2,0.422,2,1,60,2,41.4,-57800.0,61.2
BNA001446,Khelifi,Amine,Grande Entreprise,Actif,Compte épargne,55,Blida,Commerce,Crédit d'investissement,7.8,3598500.0,602700.0,16865000.0,356700.0,60,9.8,18.6,0.904,0,0,0,1,33.6,-1668000.0,56.2
BNA001447,Zerrouki,Zakaria,Particulier,Actif,Compte courant,40,Sétif,Industrie,Crédit équipement,3.1,98200.0,56600.0,1539000.0,47700.0,36,7.19,80.2,0.499,5,1,45,2,50.2,54100.0,47.7
BNA001448,Boudiaf,Bilal,Particulier,Actif,Compte courant,38,Tlemcen,Transport,Crédit immobilier,12.0,79500.0,41000.0,597000.0,11000.0,60,4.2,85.3,0.441,0,1,60,1,57.5,12000.0,69.2
BNA001449,Gacem,Riad,Particulier,Actif,Compte courant,65,Béjaïa,Pharmacie,Crédit équipement,4.3,182900.0,79000.0,871000.0,20200.0,48,5.23,25.6,0.876,0,0,0,0,13.4,200800.0,115.0
BNA001450,Bensalem,Adel,PME,Actif,Compte entreprise,28,Batna,Santé,Crédit immobilier,6.0,890500.0,309700.0,11418000.0,207500.0,60,3.46,32.8,0.715,1,1,0,2,22.7,1481500.0,72.0
BNA001451,Mansouri,Bilal,PME,Actif,Compte courant,48,Oran,Santé,Crédit d'exploitation,2.9,672900.0,305000.0,2247000.0,38600.0,72,7.27,2.1,0.932,2,0,30,0,34.3,2371600.0,78.8
BNA001452,Nouri,Mohamed,Particulier,Actif,Compte courant,44,Tlemcen,Services,Crédit immobilier,7.9,132100.0,63600.0,975000.0,16900.0,72,7.64,51.9,0.178,0,0,120,2,48.6,215900.0,95.6
BNA001453,Meziane,Mohamed,Particulier,Actif,Compte épargne,46,Biskra,Services,Crédit d'investissement,17.5,81500.0,17800.0,507000.0,12700.0,48,9.27,46.1,0.809,0,1,0,0,24.2,217400.0,68.7
BNA001454,Belaid,Karim,Professionnel,Actif,Compte courant,48,Annaba,Agriculture,Crédit équipement,16.3,84600.0,51200.0,394000.0,34500.0,12,9.09,100.0,0.371,1,0,120,3,52.1,162700.0,80.8
BNA001455,Ferhat,Oussama,Grande Entreprise,Actif,Compte entreprise,57,Djelfa,Santé,Crédit équipement,16.8,4258600.0,1857100.0,29318000.0,476800.0,72,5.34,89.1,0.833,0,0,30,2,24.2,-3000000.0,92.0
BNA001456,Slimani,Ibrahim,PME,Actif,Compte courant,57,Blida,Commerce,Crédit d'investissement,11.4,777700.0,599700.0,3738000.0,117000.0,36,7.93,87.2,0.154,0,2,10,2,57.3,-144900.0,82.7
BNA001457,Saidi,Aymen,Particulier,Actif,Compte courant,26,Alger,Santé,Crédit équipement,10.2,151400.0,83400.0,3262000.0,74200.0,48,4.35,100.0,0.471,4,1,30,1,53.0,-105100.0,11.2
BNA001458,Mansouri,Mourad,Professionnel,Actif,Compte courant,29,Constantine,Pharmacie,Crédit d'investissement,7.4,195700.0,58900.0,1595000.0,29900.0,72,10.39,8.7,0.981,0,0,0,0,23.1,181200.0,129.3
BNA001459,Mebarki,Abdelkader,PME,Actif,Compte courant,23,Biskra,Transport,Crédit personnel,11.0,773400.0,365500.0,3892000.0,88900.0,48,4.58,76.0,0.232,1,0,15,3,32.6,-591500.0,66.7
BNA001460,Cherif,Nabil,Particulier,Actif,Compte entreprise,39,Sétif,Agriculture,Crédit immobilier,6.4,194800.0,70900.0,1702000.0,146800.0,12,6.44,100.0,0.679,5,1,90,2,41.5,141600.0,7.4
BNA001461,Gacem,Tarek,Particulier,Actif,Compte professionnel,40,Tlemcen,Services,Crédit immobilier,5.8,106800.0,53700.0,981000.0,22700.0,48,5.2,67.9,0.277,0,0,60,0,70.8,-27900.0,58.7
BNA001462,Haddad,Rachid,Particulier,Actif,Compte épargne,62,Annaba,Transport,Crédit d'investissement,4.6,119100.0,55700.0,725000.0,14800.0,60,8.21,70.7,0.356,1,2,45,3,56.0,19400.0,92.2
BNA001463,Haddad,Farid,Particulier,Actif,Compte professionnel,34,Batna,Pharmacie,Crédit personnel,11.1,96200.0,15000.0,849000.0,20500.0,48,7.31,48.5,0.652,1,0,0,0,25.9,378600.0,113.5
BNA001464,Dahmani,Adel,Professionnel,Actif,Compte courant,31,Oran,Commerce,Crédit d'exploitation,3.2,125600.0,97200.0,1447000.0,26600.0,60,3.94,72.6,0.099,4,0,90,2,4.0,-64100.0,82.3
BNA001465,Hadji,Kamel,Particulier,Actif,Compte courant,46,Constantine,Santé,Crédit d'exploitation,3.8,85600.0,30100.0,521000.0,10900.0,60,9.23,78.6,0.56,2,1,45,2,39.9,-93700.0,78.4
BNA001466,Belkacem,Sofiane,Particulier,Actif,Compte courant,45,Biskra,Services,Crédit immobilier,7.4,67300.0,44200.0,514000.0,23500.0,24,9.02,69.4,0.758,4,1,90,1,51.5,-51600.0,99.6
BNA001467,Larbi,Yacine,Professionnel,Actif,Compte épargne,28,Blida,Santé,Crédit d'investissement,3.3,87100.0,33600.0,1295000.0,31500.0,48,7.87,80.2,0.501,0,1,180,4,38.0,47500.0,70.2
BNA001468,Cherif,Ibrahim,Professionnel,Actif,Compte courant,64,Alger,BTPH,Crédit d'exploitation,10.7,161600.0,63900.0,1712000.0,30900.0,72,9.0,75.4,0.241,2,4,30,2,35.9,33200.0,53.0
BNA001469,Slimani,Salim,Grande Entreprise,Actif,Compte courant,29,Laghouat,Industrie,Crédit d'exploitation,2.4,1513200.0,928600.0,7149000.0,107100.0,84,6.76,84.6,0.877,3,1,60,1,55.7,3713600.0,45.0
BNA001470,Cherif,Farid,PME,Actif,Compte entreprise,65,Oran,Services,Crédit d'exploitation,10.0,641300.0,271100.0,6454000.0,191500.0,36,4.33,78.8,0.226,2,1,60,2,33.7,-145200.0,51.2
BNA001471,Rahmani,Rachid,Professionnel,Actif,Compte courant,61,Tlemcen,BTPH,Crédit personnel,6.7,144800.0,75600.0,2470000.0,113400.0,24,9.47,78.8,0.126,3,0,60,2,40.8,-51800.0,56.4
BNA001472,Cherif,Abdelkader,Particulier,Actif,Compte entreprise,25,Djelfa,BTPH,Crédit équipement,12.0,71100.0,15000.0,603000.0,14800.0,48,8.26,32.0,0.997,0,1,0,0,10.5,-8700.0,0.0
BNA001473,Touati,Mourad,Particulier,Actif,Compte courant,29,Djelfa,Pharmacie,Crédit d'exploitation,14.5,91300.0,64700.0,1048000.0,24600.0,48,5.97,83.5,0.394,1,0,30,2,47.3,87200.0,71.9
BNA001474,Belaid,Sofiane,Particulier,Actif,Compte épargne,25,Constantine,Transport,Crédit équipement,6.3,84400.0,18800.0,606000.0,15200.0,48,9.31,52.7,0.861,1,0,10,0,24.7,244600.0,25.7
BNA001475,Belkacem,Bilal,Particulier,Actif,Compte courant,43,Blida,Santé,Crédit d'exploitation,4.2,175400.0,95700.0,1120000.0,15100.0,84,3.66,78.1,0.353,2,1,90,1,47.1,213200.0,32.4
BNA001476,Haddad,Abdelkader,Particulier,Actif,Compte épargne,59,Laghouat,Santé,Crédit d'investissement,15.0,125200.0,27800.0,1002000.0,32200.0,36,9.82,25.1,0.647,0,0,0,0,28.2,445000.0,89.1
BNA001477,Mebarki,Mourad,PME,Actif,Compte courant,37,Béjaïa,Services,Crédit immobilier,4.1,689000.0,462900.0,10805000.0,199000.0,72,9.78,81.7,0.519,0,0,60,4,41.4,-354500.0,56.1
BNA001478,Hadji,Aymen,Particulier,Actif,Compte courant,54,Biskra,Services,Crédit équipement,11.2,58200.0,37200.0,435000.0,11000.0,48,9.77,88.4,0.433,3,2,45,2,24.9,-64000.0,87.8
BNA001479,Boudiaf,Tarek,Particulier,Actif,Compte épargne,38,Blida,Santé,Crédit équipement,8.8,51400.0,27100.0,297000.0,6100.0,60,8.41,71.3,0.443,1,2,120,1,40.3,-15000.0,84.1
BNA001480,Rahmani,Yacine,Particulier,Actif,Compte entreprise,61,Constantine,Pharmacie,Crédit immobilier,3.0,48400.0,41100.0,258000.0,6500.0,48,9.79,88.4,0.463,0,1,90,1,21.9,-91800.0,29.9
BNA001481,Nouri,Farid,Particulier,Actif,Compte courant,59,Biskra,Agriculture,Crédit d'exploitation,2.5,41600.0,30500.0,297000.0,6300.0,60,10.08,82.7,0.367,1,1,15,2,56.9,-18300.0,55.5
BNA001482,Meziane,Samir,Grande Entreprise,Actif,Compte professionnel,48,Annaba,Industrie,Crédit immobilier,8.0,2675200.0,1561400.0,17649000.0,525300.0,36,4.54,84.5,0.128,1,4,60,1,29.9,-1790500.0,61.2
BNA001483,Khelifi,Oussama,PME,Actif,Compte courant,62,Oran,Agriculture,Crédit personnel,6.2,502500.0,220500.0,4210000.0,192600.0,24,9.11,83.3,0.593,5,0,45,2,50.4,-57500.0,69.9
BNA001484,Belaid,Hichem,Particulier,Actif,Compte entreprise,59,Sétif,Pharmacie,Crédit immobilier,7.7,92100.0,37100.0,327000.0,6800.0,60,9.07,90.3,0.78,6,1,90,2,43.9,9600.0,64.9
BNA001485,Chibani,Nabil,PME,Actif,Compte épargne,56,Laghouat,Commerce,Crédit équipement,3.8,703800.0,205400.0,7909000.0,692100.0,12,9.13,30.1,0.924,1,0,0,0,15.6,1791200.0,113.2
BNA001486,Rahmani,Nabil,PME,Actif,Compte épargne,54,Batna,Pharmacie,Crédit équipement,3.3,903600.0,359600.0,3937000.0,122300.0,36,7.39,33.3,0.572,0,0,0,2,17.5,1332900.0,98.8
BNA001487,Mokhtar,Ibrahim,Particulier,Actif,Compte épargne,43,Tlemcen,BTPH,Crédit d'exploitation,10.9,97000.0,64000.0,1724000.0,40000.0,48,5.34,66.1,0.165,2,0,60,0,56.2,203400.0,41.6
BNA001488,Chibani,Rachid,PME,Actif,Compte courant,65,Laghouat,Transport,Crédit immobilier,2.2,412100.0,200400.0,2251000.0,192400.0,12,4.72,94.4,0.244,4,1,90,1,32.7,118800.0,45.4
BNA001489,Meziane,Tarek,PME,Actif,Compte courant,62,Béjaïa,Transport,Crédit personnel,7.9,619300.0,187900.0,4110000.0,182200.0,24,6.04,57.2,0.564,1,1,10,0,29.3,631600.0,26.4
BNA001490,Boudiaf,Bilal,Particulier,Actif,Compte courant,29,Alger,Agriculture,Crédit personnel,1.7,79900.0,47200.0,536000.0,11100.0,60,9.04,82.3,0.522,2,1,90,1,44.6,1200.0,96.9
BNA001491,Saidi,Imad,Particulier,Actif,Compte courant,30,Sétif,BTPH,Crédit équipement,10.6,128300.0,96900.0,628000.0,10100.0,84,8.88,67.5,0.252,1,0,180,2,57.6,61600.0,111.9
BNA001492,Saidi,Yacine,Professionnel,Actif,Compte courant,45,Oran,Pharmacie,Crédit immobilier,1.9,456900.0,113300.0,3127000.0,56300.0,72,8.94,2.0,0.85,0,0,0,1,24.5,1175400.0,177.2
BNA001493,Mansouri,Mourad,Particulier,Actif,Compte courant,25,Béjaïa,Commerce,Crédit d'exploitation,6.9,142800.0,63000.0,965000.0,13000.0,84,3.58,89.4,0.545,3,0,0,0,40.8,-63800.0,77.0
BNA001494,Cherif,Adel,Particulier,Actif,Compte épargne,44,Biskra,Transport,Crédit d'investissement,7.9,35000.0,17400.0,316000.0,9700.0,36,6.28,76.1,0.398,1,0,30,6,33.7,18000.0,59.5
BNA001495,Benali,Amine,PME,Actif,Compte courant,23,Annaba,Pharmacie,Crédit immobilier,5.2,682300.0,229700.0,5118000.0,158200.0,36,7.07,69.8,0.314,1,1,0,3,45.7,-1030700.0,26.1
BNA001496,Rahmani,Aymen,Grande Entreprise,Actif,Compte courant,26,Batna,Agriculture,Crédit d'exploitation,2.8,3451500.0,1866100.0,15278000.0,284600.0,72,10.21,66.7,0.625,3,1,0,1,65.4,-2100300.0,77.8
BNA001497,Gacem,Ahmed,Professionnel,Actif,Compte professionnel,32,Tlemcen,BTPH,Crédit d'exploitation,11.2,252900.0,82200.0,850000.0,17900.0,60,9.69,48.0,0.761,0,0,0,0,27.2,161200.0,48.6
BNA001498,Khelifi,Ibrahim,Particulier,Actif,Compte courant,52,Blida,Industrie,Crédit immobilier,4.7,94400.0,61600.0,417000.0,8700.0,60,9.22,95.6,0.88,1,1,5,2,45.5,-60300.0,51.0
BNA001499,Dahmani,Ilyes,Particulier,Actif,Compte courant,27,Alger,Santé,Crédit équipement,8.9,69000.0,23700.0,660000.0,16100.0,48,7.86,96.6,0.265,2,0,10,1,54.6,41400.0,79.9
BNA001500,Hadji,Ahmed,PME,Actif,Compte épargne,60,Biskra,Services,Crédit d'investissement,18.9,633500.0,345000.0,2722000.0,68700.0,48,9.77,81.6,0.212,3,2,120,0,44.5,829900.0,61.6
BNA001501,Mansouri,Salim,PME,Actif,Compte épargne,58,Béjaïa,Pharmacie,Crédit personnel,4.5,639300.0,281000.0,4800000.0,94600.0,60,6.79,45.6,0.391,3,2,30,1,31.8,486600.0,47.2
BNA001502,Chibani,Imad,Particulier,Actif,Compte courant,23,Laghouat,Santé,Crédit d'exploitation,1.5,80800.0,44900.0,701000.0,17000.0,48,7.56,51.1,0.302,1,1,60,3,62.6,-103100.0,5.8
BNA001503,Benyahia,Aymen,Professionnel,Inactif,Compte courant,62,Biskra,Santé,Crédit d'investissement,12.5,140100.0,65600.0,1564000.0,49800.0,36,9.16,78.6,0.472,2,2,15,2,66.9,69200.0,22.8
BNA001504,Djelloul,Riad,PME,Actif,Compte professionnel,42,Laghouat,Services,Crédit immobilier,5.2,477600.0,266700.0,4391000.0,112100.0,48,10.32,99.0,0.583,0,0,15,0,30.8,437000.0,71.5
BNA001505,Brahimi,Oussama,Particulier,Actif,Compte courant,34,Sétif,Agriculture,Crédit personnel,12.8,95300.0,60300.0,312000.0,7100.0,48,4.21,81.7,0.43,1,1,60,3,28.2,54900.0,57.5
BNA001506,Dahmani,Samir,Particulier,Actif,Compte professionnel,33,Oran,Agriculture,Crédit équipement,2.0,65800.0,15000.0,415000.0,12700.0,36,6.43,2.0,0.867,0,0,0,0,29.7,43900.0,140.3
BNA001507,Belkacem,Yacine,Particulier,Actif,Compte épargne,44,Laghouat,BTPH,Crédit personnel,15.2,86700.0,49600.0,954000.0,17400.0,60,3.56,61.0,0.465,2,1,120,0,35.1,10100.0,72.5
BNA001508,Nouri,Salim,PME,Actif,Compte professionnel,47,Blida,BTPH,Crédit équipement,4.4,661500.0,427200.0,4863000.0,95700.0,60,6.72,65.2,0.495,3,1,120,0,28.9,144600.0,84.7
BNA001509,Yahiaoui,Sofiane,Professionnel,Actif,Compte professionnel,44,Annaba,Commerce,Crédit équipement,8.3,102100.0,17300.0,1027000.0,19000.0,60,4.1,45.4,0.699,0,0,0,0,19.0,348300.0,23.0
BNA001510,Mokhtar,Imad,Particulier,Actif,Compte courant,30,Annaba,BTPH,Crédit d'investissement,9.1,57800.0,44000.0,894000.0,20800.0,48,5.6,40.1,0.547,1,1,15,2,50.4,-8800.0,68.2
BNA001511,Hadji,Hichem,Particulier,Actif,Compte courant,37,Laghouat,Santé,Crédit d'investissement,12.1,72100.0,41400.0,515000.0,9400.0,60,3.75,93.5,0.769,3,1,45,3,32.2,-82200.0,85.3
BNA001512,Saidi,Zakaria,Particulier,Actif,Compte entreprise,50,Biskra,Transport,Crédit immobilier,6.6,95900.0,24100.0,485000.0,14200.0,36,3.55,32.6,0.725,0,0,10,0,36.8,328600.0,101.6
BNA001513,Guediri,Imad,PME,Actif,Compte courant,47,Constantine,Agriculture,Crédit immobilier,9.5,465400.0,210100.0,3673000.0,50300.0,84,4.03,45.5,0.401,1,0,60,2,30.1,-90500.0,111.1
BNA001514,Mebarki,Mohamed,Particulier,Actif,Compte professionnel,46,Biskra,Pharmacie,Crédit équipement,3.5,129200.0,56800.0,1497000.0,127800.0,12,4.53,100.0,0.211,1,1,120,0,49.7,50700.0,79.7
BNA001515,Touati,Zakaria,Particulier,Actif,Compte entreprise,58,Batna,BTPH,Crédit d'exploitation,1.7,94100.0,15000.0,833000.0,17300.0,60,9.1,17.1,0.673,0,0,0,0,29.7,177300.0,46.2
BNA001516,Mansouri,Adel,Professionnel,Inactif,Compte épargne,41,Tlemcen,Industrie,Crédit personnel,12.3,331900.0,190100.0,2546000.0,114900.0,24,7.78,90.9,0.31,1,1,30,0,40.3,135200.0,68.4
BNA001517,Slimani,Abdelkader,Particulier,Actif,Compte courant,63,Djelfa,Transport,Crédit d'exploitation,8.3,70600.0,41900.0,1259000.0,25300.0,60,7.65,98.5,0.594,3,2,5,1,42.2,-44200.0,52.7
BNA001518,Larbi,Nabil,PME,Actif,Compte entreprise,33,Laghouat,Pharmacie,Crédit d'investissement,5.4,417000.0,235900.0,3146000.0,67000.0,60,10.09,80.1,0.116,1,1,10,2,42.6,-451300.0,52.3
BNA001519,Saidi,Rachid,Particulier,Actif,Compte courant,38,Béjaïa,Agriculture,Crédit immobilier,13.6,88600.0,54400.0,449000.0,10300.0,48,4.57,68.2,0.445,1,1,90,1,25.4,13000.0,27.7
BNA001520,Amrani,Rachid,Particulier,Actif,Compte professionnel,40,Djelfa,BTPH,Crédit immobilier,5.3,82200.0,42200.0,339000.0,10400.0,36,6.33,60.1,0.274,2,3,120,4,40.3,-75600.0,28.2
BNA001521,Amrani,Zakaria,PME,Actif,Compte entreprise,27,Batna,Pharmacie,Crédit équipement,4.1,626700.0,332700.0,2441000.0,76400.0,36,7.96,61.1,0.481,5,1,45,8,41.8,-570300.0,113.8
BNA001522,Hadji,Tarek,Particulier,Actif,Compte professionnel,33,Annaba,Transport,Crédit d'investissement,7.1,44200.0,15000.0,232000.0,7300.0,36,7.83,15.1,0.761,0,0,5,0,21.3,101700.0,70.7
BNA001523,Ferhat,Nabil,Particulier,Actif,Compte courant,46,Blida,Agriculture,Crédit immobilier,4.8,74900.0,15000.0,305000.0,6800.0,48,3.17,50.7,0.651,1,0,0,0,24.0,118100.0,101.5
BNA001524,Djelloul,Hichem,Professionnel,Actif,Compte courant,40,Sétif,Santé,Crédit immobilier,3.1,176900.0,92900.0,1833000.0,155900.0,12,3.73,90.1,0.708,1,2,45,5,57.8,95300.0,9.7
BNA001525,Gacem,Kamel,PME,Actif,Compte courant,57,Alger,BTPH,Crédit d'exploitation,5.9,317200.0,66000.0,2119000.0,48600.0,48,4.8,19.6,0.968,0,0,0,0,36.8,-12700.0,129.3
BNA001526,Chibani,Samir,Particulier,Actif,Compte professionnel,39,Sétif,Services,Crédit d'investissement,2.3,81700.0,53600.0,1008000.0,18800.0,60,4.56,77.1,0.424,2,1,10,1,59.3,33200.0,56.8
BNA001527,Djelloul,Imad,Particulier,Actif,Compte courant,36,Djelfa,Agriculture,Crédit personnel,4.1,75200.0,19000.0,589000.0,9700.0,84,9.65,17.9,0.861,1,0,0,0,21.2,158200.0,112.8
BNA001528,Rahmani,Adel,Particulier,Actif,Compte professionnel,64,Constantine,Commerce,Crédit d'exploitation,9.3,159200.0,57500.0,624000.0,12400.0,60,7.09,94.1,0.241,1,2,10,3,34.2,79000.0,96.8
BNA001529,Mokhtar,Salim,Particulier,Actif,Compte épargne,27,Oran,Services,Crédit d'exploitation,10.3,45200.0,15000.0,420000.0,13400.0,36,9.12,10.5,0.872,0,0,15,0,20.3,45300.0,95.2
BNA001530,Belaid,Nabil,Grande Entreprise,Actif,Compte épargne,59,Batna,Commerce,Crédit immobilier,4.6,1985400.0,272900.0,6763000.0,202100.0,36,4.8,32.0,0.816,0,0,0,0,24.6,5507700.0,159.9
BNA001531,Saidi,Ilyes,Particulier,Actif,Compte professionnel,43,Batna,BTPH,Crédit d'exploitation,3.3,88400.0,32400.0,803000.0,25900.0,36,9.85,30.6,0.786,0,0,0,0,32.0,206900.0,125.8
BNA001532,Yahiaoui,Rachid,Professionnel,Actif,Compte épargne,64,Batna,Agriculture,Crédit immobilier,4.9,140000.0,58700.0,1544000.0,25700.0,72,6.15,66.2,0.403,3,1,60,0,38.0,-190600.0,82.0
BNA001533,Djelloul,Adel,Professionnel,Suspendu,Compte entreprise,25,Blida,Transport,Crédit immobilier,6.5,252400.0,183700.0,2295000.0,47500.0,60,8.86,53.7,0.709,1,0,150,0,30.8,239100.0,111.6
BNA001534,Hadji,Anis,Particulier,Actif,Compte professionnel,37,Sétif,Santé,Crédit personnel,1.2,165700.0,22900.0,2691000.0,57400.0,60,10.19,23.1,0.926,0,0,0,0,25.5,355500.0,74.2
BNA001535,Guediri,Zakaria,PME,Actif,Compte entreprise,49,Alger,Services,Crédit équipement,16.3,1691000.0,1002200.0,9818000.0,313800.0,36,9.34,84.0,0.214,1,0,60,1,42.7,2560000.0,43.9
BNA001536,Mebarki,Bilal,Particulier,Actif,Compte épargne,65,Annaba,Santé,Crédit d'investissement,4.7,35000.0,17500.0,753000.0,14800.0,60,6.83,66.8,0.097,0,0,150,2,30.1,-7100.0,45.7
BNA001537,Zerrouki,Samir,Particulier,Actif,Compte épargne,28,Sétif,Commerce,Crédit immobilier,4.9,87900.0,44800.0,765000.0,17800.0,48,5.39,53.2,0.083,4,1,60,2,37.0,25300.0,35.2
BNA001538,Belaid,Bilal,Particulier,Actif,Compte professionnel,50,Tlemcen,BTPH,Crédit équipement,8.1,54900.0,15000.0,445000.0,11100.0,48,9.28,47.4,0.855,1,0,0,0,23.1,89600.0,117.5
BNA001539,Yahiaoui,Salim,Professionnel,Actif,Compte professionnel,37,Laghouat,Industrie,Crédit d'investissement,6.4,162500.0,54500.0,1310000.0,41500.0,36,8.82,85.9,0.216,1,0,90,0,67.7,375000.0,32.2
BNA001540,Mansouri,Adel,Particulier,Inactif,Compte courant,33,Constantine,Pharmacie,Crédit d'exploitation,10.2,58900.0,15000.0,487000.0,15300.0,36,8.32,32.3,0.805,0,0,0,0,9.2,197000.0,138.2
BNA001541,Benyahia,Youcef,Professionnel,Actif,Compte courant,24,Annaba,Agriculture,Crédit immobilier,7.7,213400.0,137600.0,591000.0,10900.0,60,3.96,72.5,0.48,2,0,45,2,14.0,-30600.0,75.1
BNA001542,Dahmani,Nassim,Particulier,Actif,Compte épargne,29,Laghouat,Agriculture,Crédit immobilier,3.7,80100.0,60000.0,301000.0,9600.0,36,8.91,84.4,0.349,1,0,45,1,56.7,65800.0,21.6
BNA001543,Amrani,Bilal,PME,Inactif,Compte épargne,40,Batna,Transport,Crédit d'exploitation,10.6,426300.0,234800.0,2833000.0,58300.0,60,8.66,100.0,0.358,1,3,60,3,55.3,55900.0,26.4
BNA001544,Brahimi,Mohamed,Particulier,Actif,Compte courant,27,Batna,Pharmacie,Crédit équipement,4.2,144400.0,31300.0,1157000.0,23200.0,60,7.54,42.6,0.945,0,0,15,0,31.8,178900.0,183.2
BNA001545,Slimani,Riad,Particulier,Actif,Compte courant,38,Constantine,Services,Crédit d'exploitation,1.9,161200.0,107500.0,551000.0,16600.0,36,5.46,92.6,0.579,6,1,90,0,55.4,328300.0,42.3
BNA001546,Djelloul,Karim,Grande Entreprise,Actif,Compte courant,55,Béjaïa,Services,Crédit d'exploitation,7.4,1330100.0,120900.0,5861000.0,265000.0,24,7.97,46.4,0.83,1,0,0,0,18.5,3862700.0,80.7
BNA001547,Amrani,Kamel,Particulier,Suspendu,Compte épargne,41,Tlemcen,Commerce,Crédit immobilier,15.7,59600.0,42700.0,413000.0,5600.0,84,3.96,73.1,0.361,1,1,45,1,43.0,64200.0,69.3
BNA001548,Chibani,Yacine,Particulier,Actif,Compte courant,43,Constantine,Pharmacie,Crédit d'exploitation,3.7,211300.0,55800.0,906000.0,17000.0,60,4.84,15.8,0.894,0,0,0,0,11.4,555000.0,103.5
BNA001549,Mansouri,Salim,Particulier,Actif,Compte professionnel,49,Oran,Industrie,Crédit d'exploitation,2.0,75600.0,17600.0,686000.0,20600.0,36,5.17,53.1,0.802,0,0,0,0,18.3,146700.0,13.9
BNA001550,Hadji,Tarek,Particulier,Actif,Compte professionnel,51,Annaba,Transport,Crédit d'exploitation,6.4,67700.0,42900.0,782000.0,24700.0,36,8.66,45.2,0.615,1,1,120,3,57.4,-16000.0,61.2
BNA001551,Benali,Rachid,Professionnel,Actif,Compte courant,35,Alger,Transport,Crédit personnel,15.9,277700.0,44800.0,2782000.0,68400.0,48,8.4,53.3,0.916,0,0,0,0,25.7,545900.0,56.6
BNA001552,Hadji,Ahmed,Particulier,Actif,Compte professionnel,50,Oran,Pharmacie,Crédit personnel,6.3,51700.0,29300.0,289000.0,8800.0,36,5.94,66.7,0.301,3,0,90,1,48.2,-3200.0,55.4
BNA001553,Zerrouki,Karim,Particulier,Actif,Compte courant,48,Béjaïa,Santé,Crédit personnel,2.2,88200.0,16600.0,1041000.0,25100.0,48,7.32,3.8,0.938,0,0,0,0,15.6,274100.0,147.9
BNA001554,Haddad,Youcef,Particulier,Actif,Compte professionnel,36,Batna,Pharmacie,Crédit équipement,3.4,52000.0,15500.0,745000.0,12200.0,72,5.72,67.5,0.486,2,0,45,2,8.8,38000.0,54.9
BNA001555,Saidi,Adel,Grande Entreprise,Actif,Compte courant,33,Batna,Industrie,Crédit immobilier,2.8,1620300.0,775300.0,7084000.0,605900.0,12,4.83,87.3,0.229,1,1,120,3,27.6,1994900.0,88.2
BNA001556,Meziane,Karim,PME,Actif,Compte courant,53,Biskra,Transport,Crédit d'exploitation,6.9,879500.0,522200.0,2333000.0,34400.0,84,6.31,76.7,0.102,3,2,180,0,37.7,1106400.0,35.5
BNA001557,Belaid,Abdelkader,PME,Actif,Compte professionnel,51,Oran,Agriculture,Crédit personnel,8.7,924600.0,343800.0,4917000.0,74200.0,84,7.01,48.1,0.161,1,2,60,3,44.9,1201000.0,72.3
BNA001558,Dahmani,Riad,Particulier,Actif,Compte courant,35,Béjaïa,Pharmacie,Crédit personnel,7.4,64700.0,33900.0,383000.0,9500.0,48,8.89,96.5,0.504,4,0,180,2,22.8,-4500.0,36.3
BNA001559,Guediri,Islam,Professionnel,Actif,Compte épargne,41,Tlemcen,Commerce,Crédit d'exploitation,11.8,218900.0,69900.0,3251000.0,75200.0,48,5.24,18.0,0.91,1,0,0,1,20.5,310700.0,56.0
BNA001560,Brahimi,Nassim,Particulier,Actif,Compte épargne,41,Tlemcen,BTPH,Crédit d'investissement,10.2,56200.0,31000.0,858000.0,25600.0,36,4.61,93.1,0.426,1,2,45,0,14.9,22700.0,21.4
BNA001561,Hadji,Ibrahim,Professionnel,Actif,Compte professionnel,33,Batna,Santé,Crédit équipement,8.4,171400.0,99600.0,1180000.0,37200.0,36,8.49,99.9,0.337,2,2,60,4,42.9,-4200.0,33.4
BNA001562,Cherif,Walid,PME,Actif,Compte professionnel,38,Blida,Services,Crédit équipement,5.3,458600.0,286600.0,3517000.0,58000.0,72,5.86,75.3,0.47,1,1,120,4,63.9,612000.0,40.9
BNA001563,Yahiaoui,Imad,PME,Actif,Compte épargne,37,Djelfa,Commerce,Crédit personnel,20.0,210700.0,48900.0,1339000.0,30200.0,48,3.98,34.5,1.0,0,0,5,0,29.6,640200.0,97.5
BNA001564,Dahmani,Yacine,Particulier,Actif,Compte entreprise,30,Alger,Services,Crédit personnel,7.8,56000.0,26800.0,594000.0,9600.0,72,5.0,72.2,0.354,0,0,15,2,61.7,-27100.0,63.4
BNA001565,Amrani,Karim,PME,Actif,Compte entreprise,59,Djelfa,Pharmacie,Crédit immobilier,10.7,461300.0,220400.0,3978000.0,54900.0,84,4.26,76.8,0.466,4,0,150,5,37.9,582300.0,100.8
BNA001566,Gacem,Karim,Particulier,Actif,Compte courant,31,Tlemcen,Transport,Crédit d'investissement,9.6,132200.0,85400.0,828000.0,13500.0,72,5.35,71.7,0.503,2,2,15,6,54.6,153500.0,32.8
BNA001567,Larbi,Ilyes,Particulier,Actif,Compte courant,53,Batna,Santé,Crédit immobilier,1.2,102400.0,58800.0,589000.0,9000.0,72,3.23,79.5,0.254,1,1,5,2,55.9,90000.0,49.5
BNA001568,Boudiaf,Nassim,Grande Entreprise,Actif,Compte épargne,58,Tlemcen,Santé,Crédit personnel,10.8,2549700.0,1928200.0,13356000.0,319600.0,48,6.97,88.4,0.541,2,2,60,1,57.7,226900.0,91.7
BNA001569,Belkacem,Aymen,Particulier,Actif,Compte courant,35,Laghouat,Transport,Crédit équipement,6.1,131400.0,30500.0,1273000.0,26500.0,60,9.16,26.8,0.532,1,0,0,0,30.8,192800.0,83.0
BNA001570,Belkacem,Islam,Particulier,Actif,Compte entreprise,32,Batna,BTPH,Crédit d'investissement,3.7,64700.0,31400.0,480000.0,6900.0,84,5.46,53.5,0.16,1,1,90,0,39.8,48600.0,62.5
BNA001571,Boudiaf,Nassim,Particulier,Actif,Compte courant,24,Djelfa,Santé,Crédit immobilier,15.2,148700.0,105800.0,1268000.0,23400.0,72,9.84,90.3,0.582,1,2,45,0,25.0,-300000.0,44.7
BNA001572,Brahimi,Aymen,Professionnel,Inactif,Compte courant,56,Sétif,Industrie,Crédit personnel,5.8,151000.0,87700.0,1943000.0,41600.0,60,10.3,82.8,0.182,1,0,90,3,66.9,240000.0,90.9
BNA001573,Hadji,Mohamed,Professionnel,Inactif,Compte courant,44,Annaba,Transport,Crédit d'investissement,7.3,243400.0,129200.0,2671000.0,59800.0,48,3.56,57.3,0.278,3,1,180,3,15.7,177300.0,55.4
BNA001574,Zerrouki,Imad,PME,Actif,Compte épargne,60,Biskra,Pharmacie,Crédit personnel,3.2,738300.0,120000.0,5983000.0,126400.0,60,9.75,36.8,0.872,0,0,0,0,27.2,1676700.0,163.7
BNA001575,Zerrouki,Oussama,Particulier,Inactif,Compte épargne,47,Constantine,Services,Crédit personnel,11.7,99700.0,19000.0,1137000.0,26300.0,48,5.2,25.1,0.873,0,1,0,0,8.9,143000.0,84.3
BNA001576,Mokhtar,Aymen,PME,Actif,Compte professionnel,27,Tlemcen,Transport,Crédit d'exploitation,10.9,248300.0,130300.0,1791000.0,41800.0,48,5.63,71.3,0.338,2,2,15,2,56.1,218400.0,83.6
BNA001577,Mokhtar,Ahmed,Professionnel,Actif,Compte entreprise,42,Batna,Pharmacie,Crédit immobilier,11.8,118400.0,78500.0,969000.0,31300.0,36,10.04,100.0,0.2,1,1,45,3,56.3,123400.0,54.6
BNA001578,Mebarki,Abdelkader,Particulier,Actif,Compte épargne,59,Sétif,Transport,Crédit équipement,9.0,35000.0,29100.0,411000.0,10500.0,48,10.24,51.4,0.137,3,1,120,0,39.2,8800.0,20.6
BNA001579,Djelloul,Rachid,Particulier,Actif,Compte courant,31,Sétif,Agriculture,Crédit d'exploitation,5.3,77600.0,33100.0,484000.0,7500.0,84,7.71,59.9,0.663,5,1,45,2,41.7,57300.0,77.3
BNA001580,Haddad,Youcef,Particulier,Actif,Compte professionnel,45,Laghouat,Services,Crédit équipement,20.0,121300.0,64700.0,1341000.0,24300.0,60,3.41,73.1,0.74,6,1,15,1,39.4,-29300.0,90.0
BNA001581,Hadji,Aymen,Particulier,Actif,Compte épargne,57,Biskra,Commerce,Crédit équipement,20.0,48600.0,32000.0,200000.0,8600.0,24,3.31,58.0,0.532,6,0,60,6,41.4,3900.0,54.1
BNA001582,Brahimi,Riad,Professionnel,Actif,Compte courant,48,Batna,Santé,Crédit d'exploitation,4.4,140300.0,104200.0,886000.0,12100.0,84,3.93,79.0,0.613,3,0,60,0,36.3,297900.0,55.7
BNA001583,Amrani,Amine,Professionnel,Actif,Compte épargne,52,Constantine,BTPH,Crédit immobilier,3.5,218200.0,132200.0,2513000.0,80900.0,36,9.81,93.9,0.822,0,1,120,1,58.9,-128200.0,95.6
BNA001584,Mokhtar,Ibrahim,Particulier,Actif,Compte entreprise,40,Biskra,Santé,Crédit immobilier,11.7,64600.0,50200.0,863000.0,39100.0,24,8.26,67.8,0.3,3,1,0,6,29.2,72700.0,21.0
BNA001585,Brahimi,Anis,PME,Actif,Compte courant,37,Sétif,Agriculture,Crédit équipement,11.3,702600.0,477100.0,15295000.0,684900.0,24,7.02,75.6,0.289,2,4,15,2,31.2,-1111200.0,78.7
BNA001586,Belkacem,Ahmed,Professionnel,Actif,Compte courant,50,Tlemcen,Commerce,Crédit d'exploitation,14.8,254800.0,72500.0,2675000.0,79100.0,36,4.13,94.1,0.088,1,0,60,3,27.3,-519600.0,89.9
BNA001587,Benyahia,Ahmed,Particulier,Actif,Compte épargne,45,Annaba,Agriculture,Crédit d'exploitation,10.9,91800.0,33600.0,944000.0,22400.0,48,6.6,21.9,0.776,1,0,0,0,6.8,327700.0,91.4
BNA001588,Chibani,Imad,Particulier,Actif,Compte professionnel,44,Alger,Commerce,Crédit équipement,6.5,57500.0,15000.0,452000.0,9500.0,60,9.5,38.7,0.769,0,2,0,0,23.9,51100.0,98.2
BNA001589,Touati,Aymen,Particulier,Actif,Compte épargne,59,Alger,Santé,Crédit immobilier,8.6,249800.0,190100.0,1450000.0,43400.0,36,4.95,70.7,0.19,6,0,90,1,49.3,276500.0,74.3
BNA001590,Benyahia,Nabil,Particulier,Actif,Compte entreprise,38,Béjaïa,Industrie,Crédit d'exploitation,4.0,104600.0,51300.0,981000.0,30500.0,36,7.43,73.7,0.177,0,3,15,2,55.6,40000.0,76.9
BNA001591,Cherif,Youcef,Particulier,Actif,Compte courant,65,Annaba,Agriculture,Crédit d'investissement,2.3,97200.0,63000.0,1103000.0,17700.0,84,8.96,83.0,0.361,2,3,5,2,16.9,33300.0,73.4
BNA001592,Mebarki,Oussama,Professionnel,Actif,Compte courant,37,Tlemcen,Commerce,Crédit immobilier,5.7,174200.0,104100.0,1295000.0,30300.0,48,5.78,84.6,0.591,3,0,90,2,40.2,267600.0,71.8
BNA001593,Nouri,Salim,Particulier,Actif,Compte professionnel,35,Biskra,Santé,Crédit d'investissement,7.6,50700.0,38800.0,281000.0,5800.0,60,8.96,91.0,0.501,0,1,5,2,57.2,76100.0,57.3
BNA001594,Dahmani,Tarek,Professionnel,Actif,Compte professionnel,60,Batna,Industrie,Crédit personnel,4.8,196200.0,106000.0,2340000.0,74400.0,36,8.95,64.0,0.061,2,1,45,2,19.9,162300.0,40.0
BNA001595,Larbi,Rachid,PME,Actif,Compte professionnel,23,Alger,BTPH,Crédit personnel,5.7,691700.0,462400.0,5017000.0,228500.0,24,8.69,41.3,0.704,2,0,30,5,60.2,-111800.0,49.7
BNA001596,Cherif,Kamel,Particulier,Actif,Compte professionnel,48,Oran,Industrie,Crédit d'investissement,8.2,121600.0,70400.0,682000.0,12800.0,60,4.66,85.0,0.011,1,2,120,5,42.2,227800.0,18.0
BNA001597,Chibani,Ilyes,Professionnel,Actif,Compte épargne,53,Constantine,Industrie,Crédit personnel,4.7,226700.0,169400.0,2695000.0,49700.0,72,9.8,64.5,0.274,1,1,120,0,39.8,175300.0,108.1
BNA001598,Guediri,Youcef,Particulier,Actif,Compte courant,59,Constantine,BTPH,Crédit immobilier,7.0,92700.0,53200.0,703000.0,21400.0,36,6.1,73.1,0.246,2,3,15,3,54.7,-5300.0,111.9
BNA001599,Yahiaoui,Adel,Particulier,Actif,Compte courant,60,Blida,Services,Crédit d'exploitation,5.7,111200.0,63900.0,406000.0,6700.0,84,9.76,85.7,0.55,1,0,15,3,47.0,-16100.0,122.8
BNA001600,Mansouri,Mohamed,Particulier,Actif,Compte épargne,32,Batna,Commerce,Crédit d'exploitation,6.8,124900.0,75200.0,996000.0,32300.0,36,10.45,79.8,0.554,1,1,10,0,22.9,-59900.0,49.8
BNA001601,Chibani,Walid,Particulier,Actif,Compte courant,48,Biskra,Commerce,Crédit immobilier,2.9,142500.0,33600.0,1119000.0,21200.0,60,5.25,39.6,0.583,1,0,0,0,19.3,453600.0,116.2
BNA001602,Meziane,Karim,Particulier,Actif,Compte entreprise,57,Annaba,Santé,Crédit personnel,4.2,80300.0,27100.0,292000.0,25700.0,12,9.84,44.7,0.694,0,0,0,0,25.0,268500.0,185.6
BNA001603,Belkacem,Amine,Professionnel,Actif,Compte courant,52,Tlemcen,Pharmacie,Crédit immobilier,3.7,95500.0,15000.0,805000.0,18100.0,48,3.89,16.9,0.821,0,0,0,0,14.7,279300.0,59.8
BNA001604,Slimani,Tarek,Professionnel,Inactif,Compte courant,53,Oran,Transport,Crédit d'investissement,3.7,126600.0,73500.0,1773000.0,34700.0,60,6.52,74.8,0.446,5,1,30,2,45.5,-161400.0,47.2
BNA001605,Ferhat,Nassim,Particulier,Inactif,Compte courant,35,Constantine,Transport,Crédit personnel,6.3,115600.0,92300.0,1023000.0,13800.0,84,3.56,46.3,0.624,3,0,45,4,67.0,-15000.0,91.2
BNA001606,Mokhtar,Anis,Professionnel,Actif,Compte professionnel,35,Blida,Pharmacie,Crédit d'investissement,12.6,138200.0,91200.0,1527000.0,26800.0,72,7.99,76.1,0.221,0,2,90,1,28.1,62500.0,88.5
BNA001607,Hadji,Mohamed,Particulier,Inactif,Compte courant,60,Laghouat,Transport,Crédit d'investissement,2.2,60900.0,47300.0,718000.0,11200.0,72,3.87,68.7,0.296,3,5,90,1,18.6,11100.0,84.8
BNA001608,Gacem,Tarek,Professionnel,Actif,Compte entreprise,57,Djelfa,Agriculture,Crédit d'investissement,7.3,524200.0,157100.0,4400000.0,106500.0,48,7.57,2.0,0.641,1,0,15,1,19.2,1428500.0,100.7
BNA001609,Touati,Tarek,Professionnel,Actif,Compte courant,24,Constantine,Pharmacie,Crédit d'investissement,9.6,128600.0,15000.0,2317000.0,103300.0,24,6.56,23.3,0.615,0,0,0,0,35.7,320800.0,154.2
BNA001610,Chibani,Amine,Particulier,Actif,Compte courant,43,Laghouat,Agriculture,Crédit immobilier,3.1,57000.0,32600.0,242000.0,5900.0,48,8.03,91.8,0.664,2,0,30,0,39.6,64300.0,59.2
BNA001611,Mokhtar,Nabil,Particulier,Actif,Compte entreprise,51,Biskra,Agriculture,Crédit équipement,1.3,86800.0,23000.0,631000.0,12900.0,60,8.26,34.0,0.86,0,0,0,1,25.7,103900.0,90.2
BNA001612,Mokhtar,Imad,Particulier,Actif,Compte épargne,35,Laghouat,Industrie,Crédit équipement,6.1,86300.0,27800.0,804000.0,14100.0,72,8.13,41.7,0.914,0,0,0,0,31.3,175000.0,126.1
BNA001613,Saidi,Mohamed,Grande Entreprise,Actif,Compte entreprise,35,Batna,Transport,Crédit d'exploitation,6.5,817500.0,100500.0,14680000.0,208800.0,84,5.19,17.2,0.605,1,0,0,0,16.9,1406000.0,126.9
BNA001614,Boudiaf,Oussama,Particulier,Actif,Compte épargne,47,Laghouat,Santé,Crédit d'investissement,8.3,93800.0,53900.0,1133000.0,24300.0,60,10.47,97.3,0.232,1,2,15,1,64.8,117400.0,60.7
BNA001615,Mokhtar,Aymen,Professionnel,Suspendu,Compte courant,59,Tlemcen,Transport,Crédit équipement,9.4,125800.0,62300.0,1390000.0,31600.0,48,4.35,58.4,0.291,0,0,45,1,40.2,-116900.0,73.0
BNA001616,Brahimi,Amine,Particulier,Actif,Compte épargne,37,Batna,BTPH,Crédit d'exploitation,8.2,111900.0,41300.0,1034000.0,14200.0,84,4.09,31.6,0.908,1,0,0,0,14.7,442100.0,127.2
BNA001617,Guediri,Farid,Particulier,Actif,Compte courant,40,Batna,Services,Crédit immobilier,5.3,100500.0,58600.0,876000.0,18100.0,60,8.92,75.6,0.328,3,1,60,1,39.7,75500.0,54.1
BNA001618,Touati,Ibrahim,Particulier,Actif,Compte courant,32,Laghouat,Pharmacie,Crédit immobilier,1.3,89000.0,57100.0,1220000.0,25700.0,60,9.56,50.0,0.782,2,1,0,4,24.7,-40300.0,60.0
BNA001619,Meziane,Salim,PME,Actif,Compte épargne,58,Oran,Pharmacie,Crédit personnel,2.5,910900.0,380000.0,5293000.0,161400.0,36,6.15,84.5,0.038,0,1,60,1,50.9,-1398100.0,52.7
BNA001620,Ferhat,Ahmed,Particulier,Actif,Compte entreprise,61,Oran,Pharmacie,Crédit équipement,4.3,99900.0,56500.0,842000.0,25100.0,36,4.65,96.8,0.387,0,0,30,0,42.2,38100.0,51.1
BNA001621,Hadji,Nabil,Particulier,Actif,Compte courant,38,Sétif,Industrie,Crédit équipement,6.9,64500.0,26100.0,835000.0,19600.0,48,5.89,87.6,0.339,1,1,10,2,52.0,77200.0,30.6
BNA001622,Hadji,Mohamed,Particulier,Actif,Compte professionnel,58,Batna,Transport,Crédit équipement,7.3,113200.0,69500.0,1350000.0,24800.0,60,3.84,67.0,0.526,0,0,90,5,51.1,-29800.0,60.5
BNA001623,Nouri,Nabil,PME,Suspendu,Compte courant,38,Laghouat,Services,Crédit immobilier,14.5,668000.0,382900.0,4299000.0,139500.0,36,10.39,65.6,0.465,0,2,0,0,49.2,-1720400.0,89.1
BNA001624,Larbi,Tarek,Professionnel,Actif,Compte professionnel,50,Blida,Industrie,Crédit d'exploitation,5.8,184600.0,25700.0,2184000.0,33700.0,84,7.69,6.8,0.768,0,0,0,1,22.3,566400.0,50.7
BNA001625,Cherif,Nabil,PME,Actif,Compte courant,36,Djelfa,Industrie,Crédit équipement,10.8,559400.0,297600.0,6462000.0,208400.0,36,9.97,79.6,0.243,1,0,60,7,30.8,240600.0,103.8
BNA001626,Djelloul,Samir,Particulier,Actif,Compte courant,40,Djelfa,Pharmacie,Crédit d'investissement,1.2,131600.0,70500.0,793000.0,13200.0,72,6.18,93.3,0.171,2,0,30,3,22.7,140900.0,34.4
BNA001627,Meziane,Bilal,Particulier,Actif,Compte professionnel,42,Constantine,Agriculture,Crédit d'exploitation,7.3,105400.0,80200.0,835000.0,16900.0,60,7.93,70.7,0.544,1,3,150,4,47.2,31900.0,54.9
BNA001628,Mokhtar,Rachid,Particulier,Inactif,Compte courant,23,Sétif,BTPH,Crédit d'exploitation,8.5,94500.0,20700.0,887000.0,22200.0,48,9.35,65.9,0.892,1,0,0,0,20.2,106600.0,83.3
BNA001629,Rahmani,Farid,Particulier,Actif,Compte professionnel,28,Laghouat,Transport,Crédit d'exploitation,4.5,79900.0,36800.0,714000.0,14800.0,60,8.89,88.0,0.293,3,0,60,0,54.7,84500.0,109.1
BNA001630,Bensalem,Abdelkader,Particulier,Actif,Compte épargne,35,Laghouat,Commerce,Crédit d'exploitation,14.0,91400.0,36600.0,1381000.0,26200.0,60,5.27,58.6,0.375,0,1,45,0,62.9,81000.0,120.8
BNA001631,Saidi,Walid,Particulier,Actif,Compte courant,53,Oran,Industrie,Crédit d'exploitation,6.1,44600.0,27600.0,375000.0,7700.0,60,8.3,68.4,0.798,3,0,45,2,35.5,43200.0,82.6
BNA001632,Nouri,Sofiane,Professionnel,Actif,Compte courant,28,Laghouat,Santé,Crédit d'exploitation,9.7,229200.0,188300.0,1090000.0,27000.0,48,8.8,67.3,0.35,2,2,90,4,52.3,61600.0,61.8
BNA001633,Mebarki,Riad,Grande Entreprise,Actif,Compte courant,62,Béjaïa,Santé,Crédit personnel,12.8,1313600.0,317400.0,5255000.0,96000.0,60,3.65,18.0,0.831,0,0,0,1,13.7,4240700.0,116.8
BNA001634,Mansouri,Samir,Particulier,Actif,Compte courant,43,Alger,Transport,Crédit d'investissement,3.2,71200.0,32600.0,714000.0,15200.0,60,9.99,88.5,0.383,1,0,15,3,45.8,24000.0,25.5
BNA001635,Benali,Ibrahim,Particulier,Actif,Compte entreprise,29,Sétif,Commerce,Crédit équipement,2.8,142500.0,113900.0,1356000.0,32900.0,48,7.71,73.7,0.604,2,0,90,2,57.6,124300.0,44.6
BNA001636,Boudiaf,Oussama,Particulier,Actif,Compte professionnel,39,Batna,Santé,Crédit d'exploitation,4.2,98600.0,39000.0,1474000.0,27700.0,60,4.78,71.0,0.14,1,0,0,1,45.0,69200.0,37.2
BNA001637,Saidi,Aymen,Particulier,Actif,Compte courant,45,Béjaïa,Commerce,Crédit d'exploitation,5.6,92300.0,54600.0,585000.0,14600.0,48,9.03,74.0,0.427,2,1,30,0,37.5,1800.0,48.9
BNA001638,Benyahia,Oussama,Particulier,Actif,Compte professionnel,59,Constantine,Pharmacie,Crédit personnel,0.8,81400.0,55100.0,578000.0,14600.0,48,9.63,57.4,0.452,1,5,15,0,44.8,-74800.0,12.3
BNA001639,Rahmani,Amine,Particulier,Actif,Compte courant,59,Constantine,Transport,Crédit immobilier,3.1,96200.0,21500.0,362000.0,11100.0,36,6.5,24.5,0.611,0,0,0,0,24.1,205000.0,114.8
BNA001640,Belkacem,Ibrahim,PME,Actif,Compte entreprise,33,Oran,BTPH,Crédit d'investissement,6.9,2025900.0,937200.0,7723000.0,111200.0,84,5.56,68.6,0.385,0,1,30,1,43.7,1057000.0,71.3
BNA001641,Belaid,Aymen,Particulier,Actif,Compte courant,42,Batna,Commerce,Crédit d'exploitation,7.1,61700.0,32300.0,432000.0,13300.0,36,6.75,68.6,0.695,2,2,0,0,60.0,-17400.0,56.8
BNA001642,Zerrouki,Oussama,Particulier,Actif,Compte professionnel,45,Alger,Agriculture,Crédit équipement,4.3,69600.0,15000.0,474000.0,10900.0,48,4.9,13.3,0.483,0,0,0,1,15.6,205300.0,122.5
BNA001643,Guediri,Yacine,Particulier,Actif,Compte entreprise,39,Biskra,Santé,Crédit d'exploitation,4.2,155800.0,27600.0,943000.0,18100.0,60,5.81,26.7,0.725,0,0,0,1,27.0,473000.0,153.6
BNA001644,Larbi,Walid,Particulier,Inactif,Compte courant,60,Constantine,Agriculture,Crédit d'investissement,9.7,121300.0,27500.0,1153000.0,27800.0,48,7.32,2.9,0.818,0,0,0,0,28.3,211100.0,92.8
BNA001645,Cherif,Karim,Particulier,Actif,Compte épargne,36,Constantine,BTPH,Crédit personnel,5.0,121400.0,67100.0,794000.0,23300.0,36,3.55,73.2,0.594,2,2,15,4,39.1,194300.0,32.3
BNA001646,Brahimi,Amine,Particulier,Actif,Compte courant,46,Sétif,BTPH,Crédit immobilier,3.7,130900.0,90200.0,686000.0,20300.0,36,4.22,73.9,0.345,0,0,45,6,58.6,-110200.0,43.1
BNA001647,Mokhtar,Tarek,Particulier,Actif,Compte épargne,37,Tlemcen,Transport,Crédit immobilier,4.0,95700.0,15500.0,1090000.0,33800.0,36,7.37,13.5,0.633,1,0,0,0,11.4,81500.0,106.7
BNA001648,Nouri,Mohamed,Professionnel,Actif,Compte courant,51,Tlemcen,Pharmacie,Crédit d'exploitation,4.7,100500.0,53700.0,1963000.0,47100.0,48,7.1,89.0,0.662,0,2,10,2,15.0,117200.0,44.7
BNA001649,Boudiaf,Riad,PME,Actif,Compte professionnel,62,Blida,Pharmacie,Crédit d'exploitation,8.0,1452800.0,299800.0,11189000.0,254400.0,48,4.35,38.1,0.83,0,0,0,1,26.2,3324500.0,102.8
BNA001650,Gacem,Kamel,Grande Entreprise,Actif,Compte professionnel,49,Oran,BTPH,Crédit immobilier,2.9,946600.0,294900.0,3368000.0,62000.0,60,4.0,30.5,0.666,0,0,5,0,42.8,1963000.0,136.7
BNA001651,Rahmani,Rachid,Particulier,Actif,Compte entreprise,46,Constantine,Agriculture,Crédit immobilier,19.0,100700.0,20300.0,466000.0,11400.0,48,8.34,45.3,0.809,0,0,5,0,19.2,28100.0,115.0
BNA001652,Haddad,Walid,Particulier,Actif,Compte courant,51,Batna,Santé,Crédit d'investissement,8.3,143000.0,41900.0,1062000.0,33100.0,36,7.65,71.5,0.47,0,1,5,1,42.2,210400.0,51.6
BNA001653,Boudiaf,Abdelkader,Particulier,Actif,Compte courant,25,Tlemcen,Santé,Crédit personnel,7.0,97600.0,22100.0,552000.0,11400.0,60,8.68,16.7,0.953,0,0,0,0,30.4,398000.0,99.9
BNA001654,Cherif,Rachid,Particulier,Inactif,Compte professionnel,53,Blida,Commerce,Crédit immobilier,10.6,118900.0,93300.0,1963000.0,38600.0,60,6.66,87.5,0.41,0,1,30,2,44.1,44200.0,77.8
BNA001655,Meziane,Mohamed,PME,Actif,Compte entreprise,57,Béjaïa,Agriculture,Crédit immobilier,17.2,900000.0,298100.0,14758000.0,303300.0,60,8.58,5.7,0.592,1,0,0,0,12.7,1445200.0,133.3
BNA001656,Amrani,Sofiane,Particulier,Actif,Compte épargne,26,Constantine,Services,Crédit équipement,17.1,100700.0,39300.0,446000.0,10200.0,48,4.75,70.1,0.726,1,4,45,3,22.7,50600.0,63.1
BNA001657,Slimani,Islam,Grande Entreprise,Actif,Compte professionnel,40,Laghouat,BTPH,Crédit d'exploitation,7.6,723800.0,267000.0,3225000.0,58200.0,72,9.05,34.6,0.805,0,0,0,1,25.9,2001900.0,109.9
BNA001658,Touati,Yacine,PME,Actif,Compte entreprise,49,Tlemcen,Transport,Crédit personnel,4.7,992200.0,665900.0,4250000.0,71100.0,72,6.32,100.0,0.37,3,1,15,1,60.6,-38200.0,80.5
BNA001659,Djelloul,Abdelkader,Professionnel,Actif,Compte courant,31,Djelfa,BTPH,Crédit d'investissement,8.1,338400.0,34900.0,3611000.0,87000.0,48,7.34,25.1,0.554,0,0,0,0,33.2,236000.0,100.4
BNA001660,Ferhat,Hichem,PME,Inactif,Compte épargne,47,Batna,Santé,Crédit personnel,11.5,657200.0,301300.0,4433000.0,68600.0,72,3.62,62.9,0.571,2,0,30,2,21.7,-108200.0,59.3
BNA001661,Dahmani,Adel,Particulier,Actif,Compte courant,39,Djelfa,Transport,Crédit d'exploitation,5.4,156400.0,87400.0,1154000.0,27900.0,48,7.53,80.0,0.351,0,0,15,0,38.1,281100.0,33.1
BNA001662,Yahiaoui,Riad,PME,Actif,Compte épargne,46,Laghouat,Commerce,Crédit d'exploitation,3.6,466300.0,210000.0,3164000.0,139900.0,24,5.76,71.2,0.272,0,0,90,2,32.5,209100.0,85.2
BNA001663,Nouri,Ibrahim,Particulier,Actif,Compte courant,39,Blida,Industrie,Crédit équipement,3.8,79500.0,46700.0,1087000.0,19100.0,72,8.12,71.7,0.469,3,0,45,2,45.6,5600.0,95.3
BNA001664,Dahmani,Tarek,Particulier,Actif,Compte entreprise,60,Béjaïa,BTPH,Crédit d'exploitation,10.5,73200.0,60200.0,640000.0,8500.0,84,3.07,79.8,0.474,5,0,5,5,35.1,-800.0,78.3
BNA001665,Belaid,Karim,Particulier,Actif,Compte courant,42,Annaba,Agriculture,Crédit immobilier,2.4,96400.0,29100.0,805000.0,36400.0,24,8.02,40.0,0.756,0,0,0,1,29.2,273100.0,131.2
BNA001666,Larbi,Nabil,Professionnel,Actif,Compte épargne,35,Béjaïa,Industrie,Crédit personnel,6.6,110900.0,48500.0,1353000.0,40500.0,36,4.87,29.8,0.841,0,0,0,1,5.8,263000.0,130.6
BNA001667,Benali,Ilyes,Particulier,Actif,Compte entreprise,24,Tlemcen,BTPH,Crédit d'exploitation,3.0,57500.0,15000.0,278000.0,4500.0,72,5.14,52.9,0.983,0,0,0,0,37.5,41600.0,76.6
BNA001668,Mokhtar,Tarek,Professionnel,Actif,Compte courant,26,Tlemcen,Industrie,Crédit d'exploitation,7.7,85400.0,43400.0,930000.0,22300.0,48,7.0,80.1,0.56,3,0,60,4,42.6,51600.0,85.9
BNA001669,Yahiaoui,Abdelkader,PME,Actif,Compte courant,56,Annaba,Industrie,Crédit personnel,7.0,615100.0,418100.0,2071000.0,34400.0,84,10.04,92.1,0.373,5,1,90,2,54.5,149900.0,87.2
BNA001670,Yahiaoui,Aymen,Particulier,Actif,Compte professionnel,43,Laghouat,Transport,Crédit personnel,9.9,44400.0,15000.0,384000.0,12200.0,36,8.99,44.1,0.767,0,0,0,0,19.7,75700.0,46.8
BNA001671,Amrani,Abdelkader,Professionnel,Actif,Compte épargne,25,Tlemcen,BTPH,Crédit d'investissement,9.1,166900.0,34600.0,2324000.0,30700.0,84,3.02,36.3,0.711,0,0,0,0,24.8,704500.0,104.0
BNA001672,Mokhtar,Hichem,Grande Entreprise,Actif,Compte épargne,33,Batna,Pharmacie,Crédit d'exploitation,5.0,1935800.0,395500.0,7674000.0,352000.0,24,9.4,15.7,0.664,0,0,15,0,20.3,1901100.0,76.3
BNA001673,Nouri,Karim,Professionnel,Actif,Compte professionnel,40,Annaba,Services,Crédit personnel,5.3,138000.0,20800.0,1268000.0,21000.0,72,5.96,25.9,0.461,0,0,0,0,28.9,277200.0,118.8
BNA001674,Mansouri,Nabil,Particulier,Actif,Compte professionnel,60,Batna,Transport,Crédit immobilier,1.9,133600.0,66100.0,741000.0,12500.0,72,6.68,37.2,0.728,0,0,0,1,29.5,55100.0,83.9
BNA001675,Haddad,Yacine,Grande Entreprise,Actif,Compte entreprise,47,Djelfa,Santé,Crédit équipement,4.7,2390500.0,1741800.0,6820000.0,133800.0,60,6.61,93.3,0.373,5,1,15,1,52.6,-968100.0,83.6
BNA001676,Dahmani,Ibrahim,Particulier,Actif,Compte courant,36,Tlemcen,Industrie,Crédit personnel,8.1,213300.0,53700.0,1323000.0,40400.0,36,6.29,31.8,0.833,1,1,0,0,20.7,437200.0,75.9
BNA001677,Mebarki,Kamel,Particulier,Actif,Compte professionnel,27,Biskra,Industrie,Crédit personnel,7.7,56300.0,27400.0,338000.0,8600.0,48,9.97,75.1,0.69,2,0,45,2,14.9,-52700.0,90.1
BNA001678,Djelloul,Anis,Particulier,Actif,Compte courant,40,Annaba,Industrie,Crédit d'investissement,20.0,87300.0,25200.0,588000.0,14900.0,48,10.07,33.4,0.927,0,0,0,0,16.2,125200.0,94.1
BNA001679,Mebarki,Farid,Particulier,Actif,Compte épargne,57,Alger,BTPH,Crédit d'exploitation,7.7,113700.0,18200.0,483000.0,8800.0,72,9.55,30.0,0.632,0,0,0,0,17.5,82100.0,111.5
BNA001680,Mansouri,Youcef,PME,Actif,Compte épargne,25,Alger,Services,Crédit d'exploitation,0.9,568300.0,345600.0,6391000.0,100300.0,72,4.11,78.2,0.573,3,4,90,3,38.5,1217700.0,34.2
BNA001681,Belaid,Mohamed,Particulier,Actif,Compte professionnel,29,Biskra,Agriculture,Crédit immobilier,6.3,222700.0,77200.0,1438000.0,19100.0,84,3.1,37.9,0.83,0,0,0,0,21.6,208800.0,104.1
BNA001682,Larbi,Abdelkader,PME,Actif,Compte épargne,64,Laghouat,Transport,Crédit personnel,3.5,417300.0,279800.0,1806000.0,25600.0,84,5.1,63.9,0.681,1,1,45,3,38.4,102000.0,28.5
BNA001683,Mokhtar,Karim,Particulier,Actif,Compte courant,52,Alger,Pharmacie,Crédit d'investissement,7.6,62400.0,45600.0,506000.0,15300.0,36,5.76,82.2,0.422,1,0,15,2,52.6,52600.0,91.5
BNA001684,Zerrouki,Rachid,Particulier,Actif,Compte professionnel,56,Blida,Agriculture,Crédit personnel,12.4,82800.0,53400.0,1022000.0,24000.0,48,6.09,86.7,0.177,2,3,45,1,33.3,1300.0,51.0
BNA001685,Mebarki,Nabil,Particulier,Actif,Compte professionnel,46,Alger,Commerce,Crédit personnel,4.8,74800.0,44400.0,403000.0,11900.0,36,4.07,53.7,0.269,2,2,90,2,16.7,26300.0,73.4
BNA001686,Saidi,Youcef,Particulier,Actif,Compte courant,59,Annaba,Commerce,Crédit d'investissement,6.1,135100.0,55400.0,1552000.0,31300.0,60,7.74,23.3,0.597,0,0,0,0,18.3,253700.0,145.4
BNA001687,Amrani,Amine,Particulier,Actif,Compte courant,26,Blida,Industrie,Crédit d'exploitation,2.6,107900.0,78000.0,1043000.0,45700.0,24,4.86,79.7,0.322,2,1,30,2,48.8,74600.0,47.2
BNA001688,Rahmani,Oussama,Professionnel,Actif,Compte courant,42,Béjaïa,Industrie,Crédit immobilier,17.0,188200.0,80200.0,2350000.0,36900.0,72,4.09,89.5,0.268,1,2,45,3,40.9,-110100.0,33.0
BNA001689,Ferhat,Ilyes,PME,Actif,Compte courant,43,Batna,Services,Crédit équipement,1.2,1222600.0,564500.0,4527000.0,71200.0,84,8.29,83.1,0.245,1,2,45,2,55.6,1010200.0,90.2
BNA001690,Brahimi,Ibrahim,Particulier,Actif,Compte professionnel,26,Sétif,Commerce,Crédit immobilier,9.5,48500.0,15000.0,751000.0,23200.0,36,7.03,28.9,0.905,0,0,0,1,9.7,100700.0,100.3
BNA001691,Ferhat,Mourad,PME,Actif,Compte entreprise,59,Laghouat,BTPH,Crédit immobilier,11.5,640600.0,529300.0,12759000.0,194000.0,84,7.24,100.0,0.108,4,0,90,3,51.0,48600.0,123.3
BNA001692,Mokhtar,Samir,PME,Actif,Compte entreprise,35,Sétif,Santé,Crédit d'investissement,10.2,2027100.0,998500.0,10481000.0,173400.0,72,5.95,42.4,0.212,0,2,180,0,42.0,173000.0,95.4
BNA001693,Chibani,Islam,Particulier,Actif,Compte entreprise,55,Laghouat,Santé,Crédit équipement,11.3,77900.0,15000.0,709000.0,14000.0,60,6.87,13.4,0.783,0,0,5,0,14.7,328800.0,120.3
BNA001694,Zerrouki,Bilal,Particulier,Actif,Compte entreprise,24,Tlemcen,Services,Crédit personnel,6.5,77800.0,29600.0,726000.0,21600.0,36,4.55,12.6,0.783,0,0,0,0,18.8,238800.0,66.7
BNA001695,Brahimi,Abdelkader,Particulier,Actif,Compte courant,41,Alger,Santé,Crédit d'investissement,2.2,98400.0,55100.0,578000.0,18000.0,36,7.46,75.7,0.326,1,0,45,2,34.4,-63400.0,88.5
BNA001696,Belkacem,Youcef,PME,Actif,Compte épargne,60,Béjaïa,Pharmacie,Crédit équipement,2.2,997400.0,653600.0,4768000.0,119200.0,48,9.23,75.9,0.519,2,0,120,0,36.8,971000.0,88.8
BNA001697,Saidi,Aymen,Particulier,Actif,Compte courant,31,Laghouat,Commerce,Crédit d'investissement,14.5,141600.0,56200.0,550000.0,13500.0,48,8.28,7.1,0.911,1,0,0,1,28.0,71800.0,164.3
BNA001698,Benali,Rachid,PME,Actif,Compte courant,54,Annaba,Transport,Crédit immobilier,3.6,462100.0,59100.0,5249000.0,100900.0,60,5.75,27.9,0.792,0,0,0,0,27.3,265900.0,109.7
BNA001699,Benali,Islam,Professionnel,Actif,Compte courant,29,Constantine,BTPH,Crédit d'investissement,2.9,88900.0,63100.0,498000.0,16100.0,36,9.95,70.0,0.821,4,0,10,1,16.3,65000.0,63.0
BNA001700,Brahimi,Tarek,Particulier,Actif,Compte entreprise,50,Oran,BTPH,Crédit équipement,5.7,45600.0,26700.0,729000.0,18300.0,48,9.35,62.9,0.113,2,1,120,1,41.1,-40700.0,106.0
BNA001701,Khelifi,Anis,Particulier,Actif,Compte courant,23,Batna,Agriculture,Crédit d'exploitation,6.9,71300.0,20000.0,478000.0,21100.0,24,5.75,5.0,0.68,1,0,0,0,25.3,154500.0,94.4
BNA001702,Saidi,Farid,Grande Entreprise,Actif,Compte courant,43,Sétif,Transport,Crédit d'exploitation,13.0,869200.0,368900.0,6811000.0,97600.0,84,5.42,71.3,0.315,1,0,60,1,41.9,-2261300.0,77.2
BNA001703,Larbi,Rachid,PME,Actif,Compte courant,23,Constantine,Services,Crédit immobilier,15.0,1427200.0,393000.0,17867000.0,539000.0,36,5.44,2.0,0.618,0,0,0,0,51.5,2815500.0,53.1
BNA001704,Belaid,Nassim,PME,Actif,Compte épargne,24,Batna,Industrie,Crédit équipement,5.9,314000.0,138900.0,2399000.0,39500.0,72,5.78,83.8,0.177,3,2,0,0,37.0,-28200.0,0.0
BNA001705,Saidi,Abdelkader,Particulier,Actif,Compte entreprise,58,Batna,Pharmacie,Crédit d'exploitation,2.3,46000.0,32400.0,207000.0,3500.0,72,6.98,84.8,0.454,0,0,90,3,38.5,15200.0,45.3
BNA001706,Khelifi,Nassim,Particulier,Actif,Compte épargne,41,Blida,Agriculture,Crédit d'investissement,4.5,85600.0,41300.0,386000.0,34000.0,12,10.23,74.0,0.36,4,3,30,3,36.5,25900.0,68.6
BNA001707,Dahmani,Adel,Grande Entreprise,Actif,Compte épargne,37,Blida,Transport,Crédit personnel,2.0,762000.0,110000.0,2678000.0,43900.0,72,5.6,50.4,0.897,1,0,0,0,26.2,2161500.0,156.9
BNA001708,Boudiaf,Ahmed,Grande Entreprise,Actif,Compte courant,37,Djelfa,Pharmacie,Crédit d'exploitation,2.0,1058500.0,427600.0,8917000.0,220700.0,48,8.72,86.8,0.671,0,2,30,1,50.5,1496200.0,66.3
BNA001709,Chibani,Salim,Particulier,Inactif,Compte professionnel,51,Batna,Pharmacie,Crédit immobilier,8.5,108900.0,30600.0,1020000.0,22600.0,48,3.16,38.3,0.823,0,0,0,1,13.8,79900.0,102.4
BNA001710,Djelloul,Anis,Particulier,Actif,Compte professionnel,23,Béjaïa,BTPH,Crédit d'exploitation,15.9,196200.0,64400.0,3179000.0,71200.0,48,3.62,77.6,0.053,2,0,15,4,49.3,62300.0,43.4
BNA001711,Saidi,Anis,PME,Actif,Compte courant,64,Alger,BTPH,Crédit personnel,8.0,496900.0,302600.0,4389000.0,80400.0,60,3.77,80.3,0.35,2,1,30,2,60.1,-494000.0,64.4
BNA001712,Meziane,Nabil,Professionnel,Actif,Compte entreprise,62,Constantine,Industrie,Crédit personnel,2.0,423100.0,212100.0,5059000.0,161200.0,36,9.16,90.4,0.734,0,3,30,2,45.8,-110800.0,33.6
BNA001713,Touati,Adel,PME,Actif,Compte courant,58,Batna,Services,Crédit d'investissement,9.2,682500.0,272300.0,2779000.0,45200.0,72,5.32,94.4,0.489,1,0,150,1,46.5,-238700.0,52.4
BNA001714,Khelifi,Hichem,Grande Entreprise,Actif,Compte professionnel,41,Tlemcen,Agriculture,Crédit personnel,5.7,1310400.0,857300.0,9123000.0,789100.0,12,6.94,72.5,0.419,1,0,90,3,36.2,261300.0,84.2
BNA001715,Bensalem,Amine,Particulier,Actif,Compte courant,64,Alger,Transport,Crédit d'investissement,8.6,41900.0,27900.0,283000.0,12600.0,24,6.37,81.2,0.472,4,2,30,3,45.4,43600.0,6.3
BNA001716,Khelifi,Walid,PME,Actif,Compte entreprise,56,Biskra,BTPH,Crédit immobilier,9.2,787100.0,568900.0,2586000.0,52200.0,60,7.81,69.3,0.376,0,1,60,1,47.3,1158700.0,59.8
BNA001717,Cherif,Adel,Particulier,Actif,Compte courant,46,Blida,Pharmacie,Crédit personnel,7.9,98300.0,15700.0,1423000.0,29300.0,60,8.7,13.1,0.674,0,0,0,1,17.1,2900.0,47.6
BNA001718,Haddad,Hichem,Particulier,Actif,Compte épargne,28,Djelfa,Agriculture,Crédit personnel,3.1,210200.0,105100.0,1389000.0,33500.0,48,7.43,78.4,0.191,2,2,30,2,42.2,404400.0,50.1
BNA001719,Brahimi,Mourad,PME,Actif,Compte courant,47,Oran,Agriculture,Crédit personnel,6.1,2045300.0,1304000.0,11443000.0,211100.0,60,4.07,85.6,0.358,2,0,45,1,38.1,-1149700.0,46.3
BNA001720,Boudiaf,Amine,PME,Actif,Compte courant,43,Béjaïa,Industrie,Crédit personnel,7.7,791800.0,514500.0,6636000.0,168900.0,48,10.19,97.8,0.114,0,0,30,2,60.5,-170900.0,78.9
BNA001721,Mansouri,Mohamed,Grande Entreprise,Actif,Compte épargne,29,Blida,Commerce,Crédit équipement,13.5,1411300.0,951200.0,6182000.0,283500.0,24,9.38,88.5,0.475,1,3,15,0,21.9,-1678700.0,66.8
BNA001722,Chibani,Abdelkader,Particulier,Actif,Compte courant,35,Batna,Transport,Crédit d'exploitation,4.3,176700.0,36100.0,1989000.0,39500.0,60,7.13,19.8,0.568,0,0,0,1,35.9,663900.0,88.6
BNA001723,Rahmani,Nabil,PME,Actif,Compte courant,37,Oran,Commerce,Crédit d'investissement,5.0,545300.0,401000.0,3357000.0,68800.0,60,8.46,59.3,0.353,2,0,30,5,57.8,499100.0,47.8
BNA001724,Meziane,Nassim,PME,Actif,Compte épargne,26,Constantine,Commerce,Crédit d'exploitation,3.5,848000.0,199100.0,9738000.0,170400.0,72,7.92,4.2,0.739,0,0,0,0,25.2,2356800.0,79.8
BNA001725,Belkacem,Amine,Particulier,Actif,Compte épargne,51,Béjaïa,Transport,Crédit personnel,12.4,109500.0,71200.0,607000.0,27200.0,24,6.97,73.4,0.336,2,0,30,1,50.4,71900.0,98.7
BNA001726,Cherif,Nabil,PME,Actif,Compte entreprise,42,Djelfa,Pharmacie,Crédit d'exploitation,6.3,957200.0,412400.0,5899000.0,123000.0,60,9.19,58.6,0.512,2,0,120,3,61.1,-1116500.0,46.0
BNA001727,Meziane,Aymen,Particulier,Actif,Compte courant,23,Biskra,Services,Crédit personnel,6.0,222200.0,129600.0,2448000.0,50600.0,60,8.81,83.2,0.492,5,0,45,3,46.3,121300.0,71.1
BNA001728,Khelifi,Tarek,Particulier,Inactif,Compte entreprise,47,Constantine,Industrie,Crédit d'investissement,9.7,78300.0,55800.0,1067000.0,14400.0,84,3.61,92.0,0.175,1,0,30,2,68.7,-53700.0,89.1
BNA001729,Mokhtar,Rachid,Professionnel,Actif,Compte courant,60,Béjaïa,Pharmacie,Crédit d'investissement,9.8,94000.0,64000.0,1369000.0,44000.0,36,9.74,73.0,0.501,1,1,45,0,39.7,-23600.0,54.5
BNA001730,Hadji,Samir,Particulier,Inactif,Compte courant,58,Laghouat,Agriculture,Crédit d'investissement,18.2,78400.0,26900.0,505000.0,15100.0,36,4.93,46.6,0.897,0,0,0,0,24.2,253000.0,108.8
BNA001731,Meziane,Sofiane,Particulier,Actif,Compte courant,29,Oran,Transport,Crédit d'exploitation,2.6,86200.0,48300.0,1110000.0,20800.0,60,4.74,65.1,0.323,4,1,45,3,53.7,50100.0,33.8
BNA001732,Meziane,Ibrahim,Particulier,Actif,Compte professionnel,35,Biskra,Pharmacie,Crédit équipement,1.5,75700.0,17300.0,805000.0,70500.0,12,9.34,49.0,0.575,0,0,0,0,15.9,-7300.0,157.8
BNA001733,Amrani,Kamel,Professionnel,Actif,Compte entreprise,52,Sétif,Transport,Crédit d'exploitation,4.3,304900.0,174400.0,2990000.0,259500.0,12,7.59,55.1,0.842,1,0,120,2,23.6,289200.0,30.4
BNA001734,Gacem,Rachid,Particulier,Actif,Compte professionnel,49,Sétif,Industrie,Crédit immobilier,20.0,52300.0,25100.0,275000.0,8800.0,36,9.12,47.4,0.193,3,1,30,1,33.8,-3100.0,52.1
BNA001735,Gacem,Amine,Particulier,Inactif,Compte courant,62,Batna,BTPH,Crédit équipement,7.4,120400.0,77000.0,773000.0,68100.0,12,10.39,82.2,0.251,3,0,15,2,36.4,-98900.0,64.6
BNA001736,Belkacem,Riad,PME,Actif,Compte courant,31,Djelfa,Santé,Crédit équipement,13.7,797200.0,124500.0,4684000.0,100200.0,60,10.3,46.6,0.742,0,0,0,0,19.1,1524000.0,126.5
BNA001737,Larbi,Abdelkader,Particulier,Actif,Compte épargne,41,Djelfa,BTPH,Crédit d'investissement,8.4,102800.0,15000.0,1145000.0,28400.0,48,8.81,43.0,0.502,0,0,0,0,32.7,162900.0,100.8
BNA001738,Meziane,Imad,Professionnel,Actif,Compte épargne,24,Sétif,Pharmacie,Crédit d'exploitation,12.0,135300.0,101900.0,779000.0,14600.0,60,4.71,84.1,0.265,1,0,90,4,57.7,120500.0,62.6
BNA001739,Meziane,Samir,Professionnel,Actif,Compte épargne,63,Djelfa,Commerce,Crédit d'exploitation,1.8,82300.0,15000.0,583000.0,13000.0,48,3.5,27.1,0.675,0,0,0,1,27.6,172900.0,130.1
BNA001740,Meziane,Oussama,Particulier,Actif,Compte épargne,34,Sétif,Pharmacie,Crédit personnel,20.0,119700.0,68200.0,651000.0,10900.0,84,10.22,65.8,0.471,1,1,5,0,36.4,9100.0,96.4
BNA001741,Mansouri,Adel,Particulier,Actif,Compte entreprise,61,Biskra,Agriculture,Crédit d'exploitation,10.3,137300.0,34700.0,1155000.0,37300.0,36,10.12,29.4,0.831,0,0,30,0,28.4,442500.0,148.1
BNA001742,Rahmani,Farid,Particulier,Actif,Compte courant,37,Blida,Commerce,Crédit d'exploitation,7.5,83300.0,19900.0,681000.0,16600.0,48,7.97,21.1,0.424,1,0,0,0,20.0,215200.0,95.3
BNA001743,Dahmani,Mourad,Particulier,Actif,Compte professionnel,23,Laghouat,Santé,Crédit immobilier,1.8,67600.0,29400.0,850000.0,17100.0,60,7.77,49.9,0.78,1,0,5,0,33.5,185300.0,126.0
BNA001744,Belkacem,Mohamed,Particulier,Actif,Compte épargne,54,Oran,Agriculture,Crédit d'exploitation,8.5,71300.0,23400.0,775000.0,23600.0,36,6.1,61.2,0.607,2,0,45,0,48.0,-15400.0,45.0
BNA001745,Ferhat,Zakaria,Professionnel,Actif,Compte épargne,42,Constantine,Santé,Crédit équipement,8.3,424200.0,321800.0,5502000.0,164700.0,36,4.93,90.0,0.819,3,1,30,0,41.9,-109100.0,44.6
BNA001746,Yahiaoui,Youcef,Professionnel,Actif,Compte professionnel,63,Batna,Services,Crédit d'investissement,4.2,227000.0,43500.0,2822000.0,128600.0,24,8.72,20.5,0.84,0,0,0,0,11.5,741300.0,102.7
BNA001747,Benyahia,Ahmed,Grande Entreprise,Actif,Compte professionnel,37,Batna,Pharmacie,Crédit d'exploitation,5.7,1422800.0,319500.0,12263000.0,309200.0,48,9.7,17.9,0.599,0,0,0,0,24.8,636300.0,13.8
BNA001748,Bensalem,Hichem,PME,Actif,Compte courant,64,Oran,Industrie,Crédit personnel,17.4,1609400.0,173000.0,6076000.0,109500.0,60,3.11,33.5,0.662,0,0,15,1,42.7,1923400.0,85.8
BNA001749,Chibani,Abdelkader,Professionnel,Actif,Compte courant,39,Biskra,Services,Crédit d'exploitation,3.0,83200.0,15000.0,872000.0,16600.0,60,5.44,41.7,0.388,0,0,0,0,24.8,292400.0,136.9
BNA001750,Mokhtar,Nabil,PME,Actif,Compte courant,54,Alger,BTPH,Crédit personnel,6.4,2159700.0,1434100.0,14295000.0,221400.0,72,3.65,51.1,0.29,1,0,45,0,50.6,-2043300.0,47.3
BNA001751,Touati,Amine,PME,Actif,Compte entreprise,26,Laghouat,Services,Crédit d'exploitation,2.6,646600.0,242100.0,4849000.0,67100.0,84,4.38,49.3,0.865,0,0,0,1,31.8,1601100.0,81.7
BNA001752,Bensalem,Yacine,Professionnel,Actif,Compte professionnel,36,Béjaïa,Agriculture,Crédit équipement,2.7,139300.0,37100.0,1008000.0,44800.0,24,6.34,32.8,0.648,0,0,0,0,37.8,265600.0,86.2
BNA001753,Rahmani,Youcef,Particulier,Actif,Compte professionnel,47,Oran,Services,Crédit d'exploitation,6.2,78000.0,50800.0,911000.0,15100.0,84,9.89,77.8,0.121,3,3,120,2,41.6,-26100.0,23.7
BNA001754,Mokhtar,Amine,PME,Actif,Compte épargne,35,Djelfa,Services,Crédit d'exploitation,11.9,528500.0,327000.0,3465000.0,64700.0,60,4.56,80.3,0.455,0,1,30,5,63.5,738500.0,86.1
BNA001755,Saidi,Kamel,Particulier,Actif,Compte courant,64,Annaba,Pharmacie,Crédit d'exploitation,9.6,76600.0,19200.0,445000.0,39200.0,12,10.13,26.1,0.684,0,0,0,0,17.3,243400.0,78.2
BNA001756,Mansouri,Mohamed,Professionnel,Inactif,Compte entreprise,42,Blida,BTPH,Crédit d'exploitation,3.8,133400.0,25300.0,1122000.0,28300.0,48,9.65,42.1,0.578,0,0,0,0,21.7,259800.0,136.6
BNA001757,Rahmani,Riad,Particulier,Actif,Compte entreprise,43,Sétif,Transport,Crédit personnel,5.4,83400.0,27500.0,809000.0,15400.0,60,5.48,96.2,0.583,0,2,60,2,22.8,-111100.0,33.1
BNA001758,Haddad,Yacine,Particulier,Actif,Compte professionnel,30,Djelfa,Agriculture,Crédit équipement,5.8,126900.0,44100.0,1146000.0,28200.0,48,8.38,13.2,0.707,0,0,0,0,32.4,471300.0,81.5
BNA001759,Zerrouki,Adel,Professionnel,Actif,Compte professionnel,37,Alger,Pharmacie,Crédit d'investissement,6.7,240900.0,126600.0,2321000.0,68200.0,36,3.7,92.0,0.444,0,1,10,0,37.5,-92600.0,59.2
BNA001760,Dahmani,Nabil,Particulier,Actif,Compte courant,42,Batna,Commerce,Crédit personnel,12.5,171700.0,64600.0,2484000.0,112800.0,24,8.42,25.7,0.863,0,0,0,0,11.5,239400.0,80.0
BNA001761,Yahiaoui,Nabil,Particulier,Actif,Compte courant,42,Blida,Santé,Crédit personnel,4.3,50900.0,39500.0,564000.0,13500.0,48,6.97,98.4,0.481,2,1,10,1,64.5,87100.0,62.9
BNA001762,Mebarki,Adel,PME,Actif,Compte épargne,48,Alger,Services,Crédit d'investissement,2.5,1311900.0,631100.0,9037000.0,293100.0,36,10.36,96.5,0.233,1,1,60,2,68.3,842300.0,90.2
BNA001763,Boudiaf,Walid,Particulier,Actif,Compte entreprise,61,Constantine,Agriculture,Crédit d'investissement,13.5,57600.0,15000.0,209000.0,6300.0,36,5.16,53.6,0.749,0,0,10,0,17.6,203300.0,57.0
BNA001764,Bensalem,Ibrahim,Particulier,Inactif,Compte épargne,23,Constantine,Santé,Crédit immobilier,20.0,78600.0,47100.0,557000.0,11500.0,60,8.76,76.6,0.706,1,0,60,3,34.3,128900.0,62.1
BNA001765,Benyahia,Nassim,Particulier,Actif,Compte épargne,54,Annaba,Santé,Crédit immobilier,10.8,105100.0,71600.0,971000.0,29500.0,36,5.95,66.7,0.581,4,1,120,1,65.9,201200.0,49.8
BNA001766,Mansouri,Zakaria,Particulier,Actif,Compte professionnel,39,Tlemcen,Commerce,Crédit immobilier,4.9,62000.0,40100.0,588000.0,9800.0,84,10.02,95.9,0.22,0,0,60,1,35.3,-32300.0,115.9
BNA001767,Dahmani,Abdelkader,Particulier,Actif,Compte professionnel,61,Sétif,BTPH,Crédit d'investissement,10.8,84900.0,27500.0,605000.0,9200.0,72,3.06,88.8,0.52,0,1,15,0,15.1,-32900.0,69.4
BNA001768,Touati,Yacine,Particulier,Actif,Compte courant,55,Sétif,Pharmacie,Crédit d'investissement,5.5,81500.0,46300.0,619000.0,19300.0,36,7.6,87.4,0.359,4,0,45,0,44.7,-13500.0,113.5
BNA001769,Mokhtar,Ahmed,PME,Actif,Compte épargne,60,Tlemcen,Agriculture,Crédit d'exploitation,10.4,1144400.0,621500.0,6560000.0,210800.0,36,9.73,58.3,0.459,1,1,5,0,22.6,-1547700.0,68.7
BNA001770,Mansouri,Imad,Particulier,Actif,Compte épargne,56,Béjaïa,Pharmacie,Crédit équipement,4.9,73700.0,41000.0,815000.0,25600.0,36,8.06,93.8,0.581,1,0,120,1,46.3,-94000.0,27.4
BNA001771,Mebarki,Nassim,PME,Actif,Compte courant,40,Alger,Santé,Crédit d'exploitation,11.8,575100.0,220300.0,3601000.0,62800.0,72,7.81,13.5,0.968,0,2,0,0,29.1,747700.0,97.3
BNA001772,Belkacem,Tarek,Particulier,Actif,Compte entreprise,33,Sétif,Transport,Crédit d'investissement,15.5,116900.0,60400.0,1023000.0,18800.0,72,9.62,74.5,0.559,1,1,30,0,33.0,54200.0,83.7
BNA001773,Benali,Hichem,Particulier,Actif,Compte professionnel,28,Alger,Santé,Crédit d'investissement,3.3,76500.0,37600.0,377000.0,6900.0,60,3.92,88.3,0.176,1,1,15,1,55.9,-51100.0,140.3
BNA001774,Chibani,Ibrahim,PME,Actif,Compte entreprise,28,Tlemcen,Agriculture,Crédit d'exploitation,4.3,874800.0,501100.0,5695000.0,145500.0,48,10.39,80.5,0.329,1,1,10,2,44.9,-930300.0,122.8
BNA001775,Nouri,Amine,Professionnel,Actif,Compte courant,55,Alger,Services,Crédit d'investissement,4.6,206400.0,109700.0,1284000.0,37500.0,36,3.28,64.0,0.134,2,1,30,1,21.4,445300.0,83.5
BNA001776,Hadji,Hichem,Particulier,Actif,Compte entreprise,65,Béjaïa,Industrie,Crédit immobilier,6.2,105100.0,36200.0,610000.0,15600.0,48,10.34,29.5,0.884,0,0,0,0,27.8,274800.0,76.7
BNA001777,Belaid,Ilyes,Particulier,Actif,Compte épargne,63,Blida,Santé,Crédit d'investissement,4.6,90400.0,63900.0,1345000.0,28600.0,60,10.0,79.5,0.438,1,1,15,0,62.9,33600.0,70.4
BNA001778,Larbi,Ahmed,Particulier,Actif,Compte professionnel,24,Sétif,Agriculture,Crédit immobilier,3.1,159600.0,58700.0,1560000.0,133400.0,12,4.75,95.0,0.524,5,2,15,1,59.6,-103000.0,32.8
BNA001779,Yahiaoui,Anis,Grande Entreprise,Actif,Compte courant,58,Tlemcen,Santé,Crédit d'exploitation,3.8,1805100.0,792100.0,10356000.0,261300.0,48,9.73,66.3,0.155,1,0,15,1,55.4,4519000.0,89.1
BNA001780,Boudiaf,Sofiane,Grande Entreprise,Actif,Compte courant,61,Blida,Agriculture,Crédit personnel,6.1,1779000.0,781100.0,4361000.0,91900.0,60,9.67,87.4,0.625,0,0,150,0,32.1,4256600.0,84.5
BNA001781,Yahiaoui,Farid,Particulier,Actif,Compte professionnel,56,Constantine,Services,Crédit d'exploitation,0.8,151700.0,97800.0,1447000.0,35000.0,48,7.57,58.6,0.276,1,0,45,4,48.1,-48800.0,89.9
BNA001782,Saidi,Ibrahim,Particulier,Actif,Compte courant,62,Blida,Santé,Crédit d'exploitation,13.6,118600.0,68900.0,1057000.0,46300.0,24,4.86,83.9,0.553,0,0,90,4,54.5,-36700.0,29.0
BNA001783,Saidi,Imad,Particulier,Actif,Compte courant,28,Annaba,BTPH,Crédit immobilier,7.9,156100.0,93100.0,1928000.0,57500.0,36,4.7,83.9,0.372,2,2,90,1,54.7,-9200.0,49.9
BNA001784,Meziane,Kamel,PME,Actif,Compte courant,44,Biskra,Santé,Crédit personnel,9.0,754300.0,539400.0,8001000.0,192900.0,48,7.34,61.1,0.397,5,0,90,0,42.7,-391500.0,65.5
BNA001785,Djelloul,Nabil,PME,Actif,Compte courant,28,Biskra,Pharmacie,Crédit d'exploitation,3.4,942300.0,645800.0,10647000.0,247200.0,48,5.42,63.8,0.264,1,0,5,3,35.8,489200.0,33.2
BNA001786,Rahmani,Abdelkader,Professionnel,Actif,Compte épargne,28,Biskra,Santé,Crédit d'investissement,3.7,284800.0,194300.0,2386000.0,55400.0,48,5.44,73.2,0.295,1,0,90,1,47.7,-2200.0,33.0
BNA001787,Saidi,Riad,Professionnel,Actif,Compte courant,46,Oran,Santé,Crédit équipement,3.5,56700.0,21000.0,521000.0,8600.0,72,6.01,20.2,0.691,0,0,0,0,24.4,64700.0,138.0
BNA001788,Benali,Bilal,Particulier,Actif,Compte courant,58,Alger,Agriculture,Crédit équipement,5.1,96400.0,42000.0,1893000.0,55400.0,36,3.46,95.6,0.366,1,0,60,0,28.8,-148300.0,66.2
BNA001789,Belaid,Ahmed,PME,Actif,Compte épargne,39,Constantine,Industrie,Crédit personnel,10.8,993500.0,596500.0,5408000.0,109200.0,60,7.84,89.0,0.345,0,0,90,1,31.0,-1206700.0,88.3
BNA001790,Gacem,Rachid,Particulier,Actif,Compte entreprise,28,Annaba,Services,Crédit immobilier,20.0,84000.0,37900.0,1012000.0,18300.0,60,3.26,87.5,0.405,1,1,90,2,34.7,-72100.0,73.7
BNA001791,Hadji,Rachid,Particulier,Actif,Compte épargne,43,Constantine,Santé,Crédit immobilier,4.5,91600.0,57000.0,690000.0,21800.0,36,8.71,79.3,0.598,0,1,90,1,68.2,-139300.0,81.1
BNA001792,Saidi,Yacine,Particulier,Actif,Compte épargne,31,Annaba,Santé,Crédit équipement,7.5,35000.0,21100.0,200000.0,4000.0,60,7.17,73.2,0.225,3,0,15,1,59.9,-5000.0,70.0
BNA001793,Benali,Tarek,Particulier,Actif,Compte épargne,32,Batna,Commerce,Crédit d'exploitation,2.4,53000.0,43100.0,337000.0,14800.0,24,5.13,49.5,0.333,1,1,0,1,47.6,-53100.0,45.9
BNA001794,Meziane,Hichem,Particulier,Actif,Compte épargne,25,Oran,Transport,Crédit d'exploitation,15.6,82600.0,15000.0,1929000.0,36000.0,60,4.51,31.0,0.789,0,0,0,1,15.3,167100.0,106.0
BNA001795,Amrani,Anis,Professionnel,Actif,Compte entreprise,48,Biskra,Pharmacie,Crédit d'investissement,7.2,150700.0,63000.0,1117000.0,19600.0,72,8.01,79.3,0.632,3,0,30,2,42.0,-63500.0,41.2
BNA001796,Meziane,Anis,Particulier,Actif,Compte courant,28,Constantine,Commerce,Crédit d'investissement,5.6,123400.0,79900.0,906000.0,13900.0,72,3.39,70.1,0.177,1,1,90,3,30.1,-119800.0,20.0
BNA001797,Cherif,Walid,Particulier,Actif,Compte courant,35,Sétif,Santé,Crédit d'investissement,12.0,108800.0,55600.0,692000.0,11500.0,84,9.96,42.0,0.303,1,2,30,3,16.5,162700.0,41.6
BNA001798,Khelifi,Ibrahim,Particulier,Actif,Compte épargne,55,Alger,Industrie,Crédit personnel,0.6,171700.0,77300.0,2101000.0,39800.0,60,5.12,69.2,0.165,5,0,10,0,38.0,207900.0,65.5
BNA001799,Rahmani,Karim,Particulier,Actif,Compte épargne,53,Batna,Agriculture,Crédit personnel,5.9,53900.0,29500.0,752000.0,15200.0,60,7.97,78.9,0.188,0,0,90,0,29.8,-26400.0,54.9
BNA001800,Belaid,Ahmed,Particulier,Actif,Compte professionnel,65,Constantine,Services,Crédit personnel,14.7,77500.0,15800.0,586000.0,13400.0,48,4.78,46.9,0.841,0,0,0,0,18.2,191900.0,3.7
BNA001801,Haddad,Karim,PME,Actif,Compte épargne,61,Oran,Santé,Crédit d'exploitation,9.8,601000.0,329100.0,1632000.0,37100.0,48,4.34,96.5,0.281,4,0,90,3,57.3,-54500.0,46.4
BNA001802,Benali,Abdelkader,Particulier,Actif,Compte courant,30,Tlemcen,Pharmacie,Crédit d'investissement,8.8,119300.0,36600.0,579000.0,18400.0,36,8.98,43.6,0.514,1,1,10,1,36.3,34600.0,67.0
BNA001803,Djelloul,Mohamed,PME,Actif,Compte épargne,38,Blida,Agriculture,Crédit équipement,10.1,483700.0,271900.0,5540000.0,138400.0,48,9.22,88.1,0.49,2,1,30,0,33.3,-447500.0,68.4
BNA001804,Larbi,Amine,Particulier,Inactif,Compte épargne,28,Oran,Transport,Crédit d'exploitation,16.1,100500.0,49100.0,732000.0,31800.0,24,4.14,27.3,0.894,1,0,0,0,33.3,107300.0,118.9
BNA001805,Touati,Ilyes,PME,Actif,Compte entreprise,65,Tlemcen,BTPH,Crédit personnel,17.0,314700.0,236600.0,1397000.0,34900.0,48,9.18,76.0,0.037,0,1,90,2,32.2,-424600.0,67.9
BNA001806,Slimani,Riad,Professionnel,Actif,Compte professionnel,30,Biskra,Commerce,Crédit équipement,6.8,264300.0,44600.0,2618000.0,116100.0,24,6.08,18.8,0.858,2,0,0,0,8.1,388300.0,100.2
BNA001807,Saidi,Ilyes,PME,Actif,Compte courant,40,Béjaïa,BTPH,Crédit d'investissement,6.1,134000.0,87800.0,973000.0,20100.0,60,8.87,90.6,0.556,3,2,30,2,33.6,424000.0,62.4
BNA001808,Benali,Youcef,Professionnel,Actif,Compte courant,61,Djelfa,BTPH,Crédit d'exploitation,14.6,554300.0,328800.0,4967000.0,226300.0,24,8.73,71.5,0.277,3,1,120,3,43.5,240500.0,72.0
BNA001809,Mebarki,Youcef,PME,Actif,Compte épargne,28,Biskra,Agriculture,Crédit d'exploitation,14.6,241300.0,161500.0,4373000.0,100200.0,48,4.75,89.7,0.391,3,0,15,3,50.0,4300.0,41.5
BNA001810,Benali,Salim,Particulier,Actif,Compte entreprise,52,Constantine,BTPH,Crédit d'exploitation,2.1,126500.0,24400.0,1228000.0,19900.0,84,9.27,28.0,0.544,0,0,0,0,18.3,193000.0,125.8
BNA001811,Haddad,Yacine,PME,Actif,Compte courant,45,Blida,Santé,Crédit d'exploitation,7.1,397100.0,269000.0,2957000.0,55200.0,72,10.29,84.8,0.496,0,2,120,1,33.3,490000.0,35.0
BNA001812,Ferhat,Youcef,PME,Actif,Compte épargne,59,Béjaïa,Santé,Crédit personnel,8.3,214900.0,69500.0,2757000.0,122000.0,24,5.88,87.3,0.518,2,1,90,2,37.3,-192600.0,82.1
BNA001813,Guediri,Bilal,PME,Actif,Compte courant,42,Annaba,Services,Crédit d'investissement,13.4,602500.0,299000.0,8855000.0,405500.0,24,9.23,96.8,0.53,1,0,30,1,52.0,-169700.0,30.3
BNA001814,Amrani,Imad,PME,Actif,Compte courant,28,Béjaïa,Pharmacie,Crédit d'investissement,6.8,282100.0,45900.0,1032000.0,20000.0,60,6.13,14.0,0.927,0,0,0,0,11.8,169000.0,91.9
BNA001815,Zerrouki,Anis,PME,Actif,Compte professionnel,33,Sétif,Transport,Crédit personnel,13.4,284700.0,79700.0,1664000.0,35200.0,60,9.8,31.7,0.981,0,0,0,1,30.0,318200.0,62.7
BNA001816,Chibani,Rachid,PME,Actif,Compte épargne,39,Alger,Agriculture,Crédit immobilier,1.0,455600.0,266600.0,2572000.0,41700.0,84,9.26,52.0,0.697,2,2,15,2,36.1,-109700.0,48.0
BNA001817,Slimani,Ibrahim,PME,Actif,Compte courant,33,Batna,Transport,Crédit personnel,2.7,2159000.0,1039200.0,9330000.0,168800.0,60,3.27,71.1,0.356,0,5,60,0,56.6,2615900.0,59.8
BNA001818,Zerrouki,Bilal,PME,Actif,Compte courant,36,Constantine,Services,Crédit immobilier,5.9,543300.0,264900.0,1816000.0,37300.0,60,8.54,58.3,0.311,0,2,15,4,69.7,-703300.0,41.7
BNA001819,Haddad,Nabil,Particulier,Actif,Compte courant,64,Sétif,BTPH,Crédit équipement,10.8,88700.0,37900.0,576000.0,13900.0,48,7.33,89.7,0.305,1,0,0,2,46.9,-50200.0,84.4
BNA001820,Belaid,Hichem,Particulier,Actif,Compte courant,42,Oran,Industrie,Crédit immobilier,4.6,68200.0,24200.0,565000.0,9800.0,72,7.51,60.2,0.096,2,0,60,1,26.2,50200.0,65.5
BNA001821,Belaid,Walid,Particulier,Actif,Compte professionnel,51,Blida,Santé,Crédit immobilier,17.6,54200.0,25400.0,424000.0,36400.0,12,5.46,89.4,0.291,1,1,5,3,61.7,-1900.0,50.3
BNA001822,Meziane,Karim,PME,Actif,Compte courant,52,Béjaïa,BTPH,Crédit d'exploitation,9.2,1576500.0,1059300.0,4957000.0,97700.0,60,6.79,96.1,0.479,3,0,90,3,41.3,-2162400.0,113.8
BNA001823,Dahmani,Nassim,Professionnel,Actif,Compte épargne,62,Annaba,Santé,Crédit équipement,5.0,98500.0,46800.0,1141000.0,21600.0,60,5.1,88.3,0.013,0,4,15,1,29.7,15300.0,56.2
BNA001824,Belkacem,Nabil,Particulier,Actif,Compte entreprise,38,Sétif,BTPH,Crédit immobilier,4.3,64200.0,35800.0,221000.0,4100.0,72,10.19,72.8,0.056,4,1,15,2,36.7,20900.0,12.9
BNA001825,Zerrouki,Kamel,Particulier,Actif,Compte courant,27,Djelfa,Services,Crédit personnel,7.3,135200.0,51000.0,571000.0,10700.0,60,4.57,70.7,0.342,4,0,30,1,43.8,171600.0,84.3
BNA001826,Slimani,Adel,Professionnel,Actif,Compte courant,39,Sétif,Agriculture,Crédit d'investissement,10.5,187400.0,49700.0,2106000.0,48200.0,48,4.64,20.0,0.634,0,0,0,0,25.0,596100.0,115.1
BNA001827,Rahmani,Sofiane,PME,Actif,Compte courant,61,Tlemcen,Industrie,Crédit d'exploitation,7.8,727500.0,125300.0,7944000.0,128000.0,84,9.04,38.0,0.828,0,0,0,0,18.7,1780300.0,51.7
BNA001828,Nouri,Rachid,Professionnel,Actif,Compte courant,45,Laghouat,Commerce,Crédit personnel,20.0,86300.0,32900.0,973000.0,23800.0,48,8.01,39.4,0.717,0,0,0,0,25.8,130200.0,65.6
BNA001829,Belkacem,Ilyes,Particulier,Actif,Compte entreprise,32,Alger,Agriculture,Crédit personnel,4.0,85200.0,40300.0,981000.0,29000.0,36,4.02,83.0,0.64,2,0,10,6,70.4,-50000.0,97.2
BNA001830,Belaid,Imad,PME,Actif,Compte courant,32,Blida,Pharmacie,Crédit d'investissement,7.1,781500.0,457200.0,9637000.0,245900.0,48,10.32,72.2,0.298,1,1,30,2,30.5,1400600.0,58.7
BNA001831,Touati,Riad,Particulier,Actif,Compte entreprise,62,Biskra,Services,Crédit d'investissement,12.2,219500.0,65400.0,791000.0,16000.0,60,7.83,15.5,0.507,2,0,0,0,18.8,512400.0,96.7
BNA001832,Brahimi,Ahmed,Professionnel,Actif,Compte courant,48,Blida,Services,Crédit d'investissement,7.3,238400.0,150600.0,1592000.0,49000.0,36,6.83,77.8,0.432,0,2,5,4,35.7,98900.0,54.7
BNA001833,Chibani,Ahmed,PME,Actif,Compte professionnel,40,Batna,Industrie,Crédit d'investissement,5.1,569500.0,275500.0,3584000.0,163400.0,24,8.78,51.2,0.386,3,2,5,2,53.5,-232200.0,55.5
BNA001834,Bensalem,Karim,PME,Actif,Compte épargne,62,Oran,Pharmacie,Crédit d'exploitation,17.3,483200.0,162200.0,8590000.0,116000.0,84,3.64,23.5,0.413,0,0,0,0,11.7,1200700.0,134.2
BNA001835,Bensalem,Islam,PME,Actif,Compte courant,26,Constantine,Agriculture,Crédit d'exploitation,16.7,1558600.0,998200.0,27453000.0,685100.0,48,9.15,57.9,0.191,2,4,60,1,38.6,2753700.0,79.5
BNA001836,Dahmani,Ibrahim,Particulier,Actif,Compte courant,29,Batna,BTPH,Crédit immobilier,3.0,208000.0,124000.0,936000.0,23400.0,48,9.16,46.8,0.11,4,2,150,0,67.7,184700.0,30.2
BNA001837,Nouri,Ilyes,Particulier,Actif,Compte courant,31,Blida,BTPH,Crédit d'investissement,12.3,63900.0,18200.0,358000.0,6800.0,60,5.48,52.7,0.689,1,0,0,0,25.6,273100.0,96.6
BNA001838,Chibani,Mourad,Particulier,Actif,Compte professionnel,62,Sétif,Commerce,Crédit d'exploitation,5.9,230900.0,132900.0,1591000.0,50400.0,36,8.79,81.4,0.239,2,1,30,2,42.5,113300.0,146.7
BNA001839,Ferhat,Youcef,Particulier,Actif,Compte épargne,62,Biskra,Commerce,Crédit d'exploitation,9.7,52300.0,19700.0,542000.0,7600.0,84,4.78,82.7,0.256,2,1,45,3,55.2,11000.0,51.1
BNA001840,Djelloul,Mohamed,Professionnel,Actif,Compte courant,41,Alger,Industrie,Crédit immobilier,7.7,194000.0,130500.0,1722000.0,79500.0,24,10.07,80.3,0.787,2,0,30,2,26.3,-139000.0,61.1
BNA001841,Cherif,Amine,Professionnel,Actif,Compte courant,42,Tlemcen,Agriculture,Crédit immobilier,13.6,86600.0,50800.0,656000.0,19300.0,36,3.79,64.5,0.495,1,2,90,3,52.4,-13900.0,97.5
BNA001842,Yahiaoui,Aymen,Professionnel,Actif,Compte courant,50,Batna,Commerce,Crédit personnel,7.9,260600.0,164300.0,1849000.0,82000.0,24,6.02,58.4,0.152,2,1,5,0,8.5,-75700.0,52.9
BNA001843,Zerrouki,Oussama,Particulier,Actif,Compte entreprise,59,Biskra,Industrie,Crédit d'exploitation,13.4,65300.0,27900.0,335000.0,6700.0,60,7.28,83.8,0.418,1,1,180,1,32.2,-66900.0,76.2
BNA001844,Bensalem,Amine,Grande Entreprise,Actif,Compte entreprise,64,Constantine,Pharmacie,Crédit d'exploitation,14.1,868600.0,451300.0,6362000.0,192900.0,36,5.76,68.4,0.37,1,1,90,4,24.1,1603600.0,98.4
BNA001845,Zerrouki,Rachid,Particulier,Actif,Compte entreprise,25,Béjaïa,Santé,Crédit immobilier,1.9,128500.0,73400.0,1030000.0,31800.0,36,7.04,77.3,0.39,0,1,90,3,55.2,172200.0,41.2
BNA001846,Brahimi,Adel,Particulier,Actif,Compte entreprise,64,Oran,Commerce,Crédit personnel,15.7,78200.0,54400.0,800000.0,14800.0,72,9.85,62.6,0.345,0,1,180,1,30.4,25800.0,75.1
BNA001847,Djelloul,Anis,Professionnel,Actif,Compte courant,29,Biskra,Pharmacie,Crédit équipement,7.7,319300.0,132700.0,3928000.0,61400.0,84,8.08,74.8,0.498,1,5,90,2,72.0,340500.0,42.6
BNA001848,Larbi,Imad,Particulier,Actif,Compte professionnel,41,Batna,BTPH,Crédit personnel,3.7,58400.0,15000.0,371000.0,7900.0,60,9.96,63.7,0.324,2,0,15,3,53.0,53600.0,111.2
BNA001849,Touati,Walid,Particulier,Actif,Compte entreprise,39,Blida,Transport,Crédit immobilier,10.9,112700.0,30800.0,729000.0,23300.0,36,9.2,57.3,0.495,0,0,0,0,38.8,115300.0,76.7
BNA001850,Boudiaf,Youcef,Particulier,Actif,Compte courant,46,Djelfa,Transport,Crédit équipement,7.1,102100.0,36700.0,1126000.0,18400.0,72,5.58,46.4,0.821,1,0,0,0,23.9,107500.0,94.4
BNA001851,Benyahia,Farid,Particulier,Actif,Compte entreprise,62,Batna,Agriculture,Crédit d'exploitation,5.9,46400.0,22100.0,548000.0,48100.0,12,9.86,62.5,0.255,1,0,90,0,39.7,33600.0,61.6
BNA001852,Touati,Karim,Particulier,Actif,Compte courant,30,Biskra,Agriculture,Crédit équipement,18.7,71000.0,19400.0,714000.0,11800.0,84,9.73,49.1,0.913,1,0,0,0,7.3,199900.0,90.8
BNA001853,Cherif,Nassim,Grande Entreprise,Actif,Compte courant,54,Tlemcen,Services,Crédit équipement,3.1,2033200.0,510800.0,18902000.0,1651700.0,12,8.85,27.4,0.52,0,0,0,0,33.8,5871400.0,113.8
BNA001854,Dahmani,Rachid,Particulier,Actif,Compte professionnel,50,Tlemcen,Services,Crédit équipement,5.1,97800.0,45100.0,601000.0,27400.0,24,8.86,75.9,0.505,2,1,150,2,27.4,-71300.0,88.4
BNA001855,Cherif,Ahmed,Particulier,Actif,Compte courant,49,Djelfa,Agriculture,Crédit personnel,18.0,125200.0,64000.0,1329000.0,25100.0,60,4.99,66.5,0.402,2,1,150,2,27.8,-119000.0,43.1
BNA001856,Brahimi,Oussama,Professionnel,Actif,Compte courant,24,Laghouat,Santé,Crédit personnel,3.2,278100.0,83200.0,2525000.0,46200.0,60,3.73,56.7,0.395,0,1,45,0,58.1,-45100.0,36.6
BNA001857,Ferhat,Abdelkader,Particulier,Actif,Compte épargne,53,Annaba,Santé,Crédit d'exploitation,3.0,336700.0,158500.0,2211000.0,97800.0,24,5.76,42.0,0.38,1,1,30,1,49.0,436700.0,95.8
BNA001858,Saidi,Imad,Particulier,Actif,Compte épargne,37,Annaba,Santé,Crédit d'exploitation,4.8,74700.0,48500.0,925000.0,27200.0,36,3.82,67.8,0.42,2,2,15,5,47.2,162100.0,102.9
BNA001859,Benyahia,Nabil,Particulier,Actif,Compte épargne,29,Biskra,Pharmacie,Crédit personnel,7.4,68700.0,23600.0,316000.0,6800.0,60,10.48,23.2,0.893,0,0,5,0,12.0,72500.0,45.7
BNA001860,Chibani,Ibrahim,PME,Actif,Compte professionnel,41,Annaba,Santé,Crédit d'investissement,6.7,1015000.0,603800.0,3886000.0,334500.0,12,6.04,92.9,0.662,0,2,60,1,42.3,-816900.0,66.6
BNA001861,Slimani,Kamel,Particulier,Actif,Compte courant,50,Blida,BTPH,Crédit d'exploitation,6.7,86300.0,52300.0,793000.0,18900.0,48,6.81,68.5,0.258,1,0,90,1,30.0,84900.0,100.8
BNA001862,Touati,Abdelkader,Particulier,Actif,Compte épargne,50,Sétif,Santé,Crédit personnel,16.2,65900.0,42400.0,1021000.0,20200.0,60,6.89,75.4,0.651,2,1,150,1,56.9,42800.0,100.2
BNA001863,Nouri,Islam,PME,Actif,Compte professionnel,55,Batna,Services,Crédit personnel,5.4,127800.0,76600.0,625000.0,12100.0,60,6.17,57.2,0.356,3,2,120,1,38.7,292100.0,61.7
BNA001864,Bensalem,Sofiane,Particulier,Actif,Compte entreprise,33,Sétif,Agriculture,Crédit d'investissement,4.2,154100.0,87900.0,562000.0,24400.0,24,3.89,79.2,0.516,0,1,30,2,61.5,18100.0,34.2
BNA001865,Haddad,Ilyes,Particulier,Actif,Compte courant,28,Batna,Agriculture,Crédit d'exploitation,3.6,80400.0,25100.0,1787000.0,37800.0,60,9.77,22.7,0.594,0,0,0,0,12.1,215000.0,137.6
BNA001866,Nouri,Walid,PME,Actif,Compte courant,61,Sétif,Services,Crédit d'exploitation,4.6,417000.0,152000.0,3645000.0,161000.0,24,5.66,80.0,0.295,3,1,15,3,55.9,-166100.0,66.2
BNA001867,Mebarki,Karim,Particulier,Actif,Compte courant,36,Tlemcen,BTPH,Crédit équipement,5.7,68300.0,35900.0,325000.0,5400.0,72,5.92,92.0,0.916,2,1,0,1,47.4,-73000.0,65.5
BNA001868,Bensalem,Amine,PME,Actif,Compte épargne,34,Blida,Commerce,Crédit immobilier,7.2,1678200.0,351500.0,29959000.0,929500.0,36,7.32,21.2,0.888,0,0,0,0,20.1,5100000.0,117.1
BNA001869,Guediri,Oussama,PME,Actif,Compte entreprise,62,Batna,BTPH,Crédit d'exploitation,13.4,1197200.0,632300.0,3537000.0,89900.0,48,10.09,76.9,0.354,1,0,90,1,22.3,-460100.0,92.9
BNA001870,Benyahia,Youcef,Particulier,Actif,Compte épargne,57,Biskra,Santé,Crédit immobilier,6.7,105000.0,63000.0,911000.0,22400.0,48,8.44,70.3,0.294,3,1,180,1,24.5,-11000.0,38.2
BNA001871,Mansouri,Zakaria,Particulier,Actif,Compte courant,54,Béjaïa,Commerce,Crédit équipement,12.9,35000.0,17300.0,300000.0,5400.0,60,3.13,65.1,0.716,1,1,45,2,24.4,3600.0,74.8
BNA001872,Khelifi,Adel,PME,Actif,Compte courant,29,Oran,Pharmacie,Crédit d'investissement,3.0,361400.0,161200.0,4855000.0,89300.0,60,3.97,73.1,0.381,2,1,30,0,50.1,256800.0,85.0
BNA001873,Mansouri,Amine,PME,Actif,Compte courant,33,Alger,BTPH,Crédit personnel,8.7,884900.0,598800.0,10336000.0,264600.0,48,10.5,79.6,0.655,3,0,90,5,29.3,-557700.0,56.4
BNA001874,Djelloul,Anis,Particulier,Actif,Compte épargne,62,Annaba,Pharmacie,Crédit d'exploitation,2.8,53800.0,31500.0,293000.0,6200.0,60,9.77,81.1,0.225,2,0,30,4,28.7,73400.0,32.9
BNA001875,Zerrouki,Mourad,PME,Actif,Compte entreprise,30,Laghouat,Transport,Crédit équipement,9.8,1050000.0,370100.0,4145000.0,99700.0,48,7.24,70.2,0.561,1,1,30,0,76.5,-828300.0,35.5
BNA001876,Amrani,Nassim,Professionnel,Actif,Compte courant,37,Alger,Transport,Crédit d'investissement,6.8,246900.0,182100.0,1992000.0,47600.0,48,6.86,62.2,0.629,1,3,60,2,45.8,108600.0,97.6
BNA001877,Gacem,Oussama,Grande Entreprise,Actif,Compte épargne,59,Béjaïa,Services,Crédit immobilier,9.7,684100.0,463700.0,7411000.0,146900.0,60,7.05,87.9,0.284,1,1,120,2,42.6,-258300.0,99.9
BNA001878,Dahmani,Rachid,Particulier,Actif,Compte épargne,65,Alger,Commerce,Crédit d'exploitation,4.4,43700.0,23400.0,283000.0,5700.0,60,7.55,59.5,0.341,1,0,30,0,40.9,-16600.0,52.2
BNA001879,Saidi,Imad,PME,Actif,Compte courant,60,Sétif,BTPH,Crédit personnel,11.6,490700.0,211400.0,3668000.0,92600.0,48,9.73,54.6,0.242,0,1,45,2,46.6,294700.0,52.1
BNA001880,Amrani,Karim,Particulier,Actif,Compte courant,38,Blida,BTPH,Crédit équipement,6.2,141400.0,93000.0,1500000.0,34400.0,48,4.81,53.1,0.27,3,1,180,2,33.9,71200.0,85.9
BNA001881,Chibani,Rachid,Particulier,Actif,Compte entreprise,27,Batna,Transport,Crédit personnel,1.6,97600.0,34000.0,442000.0,10700.0,48,7.57,96.5,0.591,2,0,180,3,33.0,-26000.0,100.0
BNA001882,Nouri,Islam,Professionnel,Actif,Compte courant,42,Laghouat,BTPH,Crédit personnel,9.0,127500.0,65000.0,1262000.0,40900.0,36,10.37,92.1,0.787,1,1,5,3,43.0,71400.0,89.9
BNA001883,Cherif,Karim,Particulier,Actif,Compte courant,41,Blida,Pharmacie,Crédit personnel,8.0,101500.0,47500.0,1026000.0,15400.0,84,6.76,79.9,0.163,3,1,5,2,38.5,-101400.0,50.6
BNA001884,Chibani,Islam,Particulier,Actif,Compte épargne,50,Laghouat,Commerce,Crédit personnel,4.2,247800.0,147100.0,2903000.0,124900.0,24,3.07,72.6,0.334,2,0,90,2,53.6,469100.0,55.2
BNA001885,Larbi,Rachid,Particulier,Actif,Compte courant,31,Biskra,Industrie,Crédit immobilier,4.1,56900.0,42400.0,505000.0,8900.0,72,8.14,74.9,0.203,3,0,60,4,51.8,35800.0,51.9
BNA001886,Yahiaoui,Bilal,PME,Actif,Compte courant,30,Constantine,Commerce,Crédit équipement,4.3,625200.0,436300.0,7909000.0,685900.0,12,7.44,94.6,0.642,2,0,90,2,48.8,517900.0,62.5
BNA001887,Brahimi,Adel,Professionnel,Actif,Compte courant,37,Biskra,Transport,Crédit personnel,9.1,98400.0,51500.0,1448000.0,24300.0,72,6.46,83.9,0.562,3,1,60,2,57.0,94700.0,76.5
BNA001888,Boudiaf,Islam,PME,Actif,Compte professionnel,52,Oran,Services,Crédit équipement,2.5,648100.0,465300.0,2401000.0,73400.0,36,6.36,62.6,0.616,6,1,120,3,60.6,522000.0,27.0
BNA001889,Rahmani,Riad,PME,Actif,Compte entreprise,47,Tlemcen,Transport,Crédit d'investissement,3.0,582900.0,379100.0,5085000.0,121300.0,48,6.8,70.3,0.432,4,1,30,2,53.0,-402000.0,78.1
BNA001890,Benali,Aymen,Particulier,Actif,Compte épargne,47,Alger,Transport,Crédit équipement,7.9,68500.0,45700.0,369000.0,8500.0,48,5.11,69.8,0.369,2,1,90,1,40.9,100800.0,71.4
BNA001891,Gacem,Ahmed,Particulier,Actif,Compte courant,63,Béjaïa,Agriculture,Crédit immobilier,3.7,91200.0,52600.0,828000.0,24600.0,36,4.37,82.0,0.456,1,1,45,3,52.6,121900.0,70.6
BNA001892,Hadji,Yacine,PME,Actif,Compte professionnel,64,Béjaïa,Santé,Crédit d'investissement,5.5,672200.0,369000.0,8040000.0,127500.0,72,4.46,89.0,0.249,0,3,15,2,58.2,-1402800.0,69.8
BNA001893,Guediri,Ahmed,Particulier,Actif,Compte courant,32,Batna,Agriculture,Crédit d'investissement,20.0,62900.0,21100.0,224000.0,5100.0,48,3.95,92.9,0.5,3,0,90,5,65.2,41100.0,90.5
BNA001894,Guediri,Imad,Grande Entreprise,Actif,Compte courant,57,Béjaïa,Transport,Crédit d'investissement,13.0,1386000.0,891000.0,12092000.0,255900.0,60,9.82,76.7,0.431,2,3,90,1,67.2,1832900.0,48.3
BNA001895,Khelifi,Amine,Professionnel,Actif,Compte courant,35,Annaba,Santé,Crédit immobilier,6.9,75200.0,36300.0,1303000.0,20000.0,84,7.44,77.6,0.17,1,0,45,4,37.9,155400.0,64.0
BNA001896,Brahimi,Tarek,Particulier,Actif,Compte courant,52,Tlemcen,Santé,Crédit d'investissement,20.0,77700.0,56800.0,640000.0,15100.0,48,6.33,71.5,0.491,2,1,0,3,34.8,53300.0,143.8
BNA001897,Dahmani,Mourad,Professionnel,Actif,Compte courant,28,Constantine,Services,Crédit équipement,7.6,246000.0,178800.0,2442000.0,44600.0,72,9.45,65.1,0.77,2,1,30,6,75.4,-76400.0,68.3
BNA001898,Ferhat,Salim,PME,Actif,Compte entreprise,40,Sétif,Industrie,Crédit équipement,1.2,332400.0,112300.0,1751000.0,53500.0,36,6.35,71.3,0.172,0,1,120,0,76.2,1066400.0,100.7
BNA001899,Haddad,Yacine,Professionnel,Actif,Compte courant,49,Béjaïa,Industrie,Crédit équipement,3.4,102500.0,56200.0,958000.0,21500.0,48,3.81,72.9,0.411,1,2,90,4,52.0,22200.0,73.7
BNA001900,Zerrouki,Sofiane,PME,Actif,Compte entreprise,31,Tlemcen,Services,Crédit équipement,6.0,823200.0,666900.0,3851000.0,113000.0,36,3.58,81.4,0.671,1,0,90,2,37.4,-307500.0,72.7
BNA001901,Benyahia,Salim,Grande Entreprise,Actif,Compte courant,60,Laghouat,Transport,Crédit d'investissement,2.5,881800.0,331600.0,5706000.0,121300.0,60,10.01,57.0,0.6,3,0,90,1,38.9,-1197600.0,80.9
BNA001902,Nouri,Zakaria,Professionnel,Actif,Compte courant,62,Biskra,Industrie,Crédit d'investissement,8.9,158600.0,59900.0,1713000.0,35300.0,60,8.72,54.4,0.713,2,4,150,1,35.5,62300.0,31.9
BNA001903,Boudiaf,Rachid,PME,Actif,Compte courant,52,Tlemcen,Commerce,Crédit immobilier,6.7,983400.0,188800.0,2963000.0,90100.0,36,5.94,31.1,0.993,1,0,0,0,19.6,2761400.0,28.5
BNA001904,Djelloul,Zakaria,PME,Actif,Compte entreprise,53,Oran,Services,Crédit d'investissement,2.9,267500.0,152700.0,2738000.0,64700.0,48,6.28,61.8,0.324,4,0,0,2,40.6,-170100.0,34.9
BNA001905,Ferhat,Hichem,Particulier,Actif,Compte courant,63,Laghouat,Transport,Crédit personnel,7.9,81900.0,32600.0,741000.0,14500.0,60,6.6,41.9,0.515,2,0,0,0,29.4,99900.0,36.5
BNA001906,Belaid,Ibrahim,Particulier,Actif,Compte épargne,49,Annaba,BTPH,Crédit d'investissement,11.7,64900.0,24800.0,519000.0,13100.0,48,9.64,21.7,0.39,0,0,0,0,4.0,75900.0,141.0
BNA001907,Ferhat,Anis,PME,Actif,Compte professionnel,30,Tlemcen,Agriculture,Crédit équipement,6.0,1031700.0,516100.0,3718000.0,82800.0,48,3.31,83.3,0.305,3,1,10,1,43.2,-182000.0,48.8
BNA001908,Belaid,Ilyes,Grande Entreprise,Actif,Compte courant,24,Tlemcen,Agriculture,Crédit immobilier,20.0,1523500.0,143700.0,9149000.0,166800.0,72,9.41,9.1,0.633,0,0,0,0,23.5,4250700.0,99.4
BNA001909,Gacem,Nassim,PME,Actif,Compte courant,54,Djelfa,Agriculture,Crédit d'exploitation,6.7,1170700.0,548100.0,5439000.0,108500.0,60,7.31,80.9,0.387,2,2,30,1,60.2,660200.0,74.8
BNA001910,Slimani,Islam,Particulier,Actif,Compte courant,55,Batna,Commerce,Crédit d'investissement,8.3,59900.0,45400.0,340000.0,7900.0,48,5.25,69.7,0.197,2,0,60,3,19.9,-87600.0,10.5
BNA001911,Dahmani,Rachid,Professionnel,Actif,Compte épargne,41,Annaba,Commerce,Crédit d'investissement,2.9,80500.0,37500.0,1111000.0,28300.0,48,10.27,88.4,0.421,2,3,90,3,29.3,-76800.0,108.8
BNA001912,Amrani,Tarek,Professionnel,Actif,Compte épargne,54,Batna,Pharmacie,Crédit d'investissement,5.4,131000.0,26000.0,1234000.0,54700.0,24,6.0,14.0,0.958,0,0,0,0,27.0,558900.0,119.8
BNA001913,Chibani,Youcef,Particulier,Actif,Compte entreprise,60,Blida,Santé,Crédit d'exploitation,4.8,75500.0,48800.0,265000.0,8000.0,36,5.22,97.3,0.314,2,0,30,3,38.6,-27800.0,77.8
BNA001914,Guediri,Hichem,Particulier,Actif,Compte courant,61,Tlemcen,Services,Crédit personnel,1.0,192500.0,116000.0,1099000.0,25900.0,48,6.19,71.0,0.063,0,4,30,0,41.5,-174700.0,25.2
BNA001915,Rahmani,Oussama,Particulier,Actif,Compte professionnel,54,Béjaïa,Santé,Crédit d'exploitation,7.0,108000.0,16000.0,911000.0,15700.0,72,7.38,25.1,0.75,1,0,0,0,26.2,144100.0,135.6
BNA001916,Bensalem,Riad,Particulier,Actif,Compte épargne,29,Biskra,Santé,Crédit immobilier,7.8,76400.0,60500.0,654000.0,15600.0,48,6.81,73.6,0.184,2,1,120,0,76.4,-26600.0,73.1
BNA001917,Boudiaf,Mourad,Particulier,Actif,Compte entreprise,42,Batna,Industrie,Crédit équipement,5.7,134000.0,63600.0,973000.0,20200.0,60,8.97,52.0,0.61,0,0,0,0,32.2,479100.0,98.6
BNA001918,Zerrouki,Ilyes,Particulier,Actif,Compte épargne,28,Djelfa,Industrie,Crédit immobilier,13.2,69000.0,46500.0,531000.0,13300.0,48,9.51,93.9,0.262,1,1,15,1,41.8,19500.0,77.2
BNA001919,Nouri,Sofiane,Particulier,Actif,Compte courant,47,Blida,Santé,Crédit d'exploitation,5.3,133200.0,86300.0,2800000.0,66100.0,48,6.28,68.9,0.077,3,1,60,1,45.0,-116300.0,46.7
BNA001920,Khelifi,Mourad,Particulier,Actif,Compte épargne,54,Béjaïa,Transport,Crédit d'exploitation,3.3,113600.0,28900.0,634000.0,19100.0,36,5.28,21.0,0.862,0,0,0,0,4.0,350300.0,151.7
BNA001921,Bensalem,Ibrahim,Particulier,Actif,Compte épargne,51,Batna,Services,Crédit d'exploitation,4.1,131800.0,97200.0,928000.0,18500.0,60,7.26,69.3,0.516,2,1,0,3,41.4,-241200.0,63.3
BNA001922,Hadji,Nassim,PME,Actif,Compte épargne,52,Tlemcen,Santé,Crédit d'investissement,0.9,354500.0,188000.0,2570000.0,63100.0,48,8.28,58.7,0.296,2,2,15,0,44.8,65900.0,8.1
BNA001923,Larbi,Mohamed,Grande Entreprise,Actif,Compte entreprise,62,Sétif,Santé,Crédit personnel,7.8,2459700.0,604600.0,8733000.0,198000.0,48,4.22,12.7,0.714,0,0,15,0,15.2,1359200.0,119.2
BNA001924,Djelloul,Aymen,Particulier,Actif,Compte courant,43,Constantine,Agriculture,Crédit immobilier,5.3,115700.0,26900.0,1422000.0,24100.0,72,6.85,31.1,0.604,0,0,0,0,28.8,358400.0,150.3
BNA001925,Touati,Bilal,Particulier,Actif,Compte courant,24,Annaba,Pharmacie,Crédit d'exploitation,12.5,64100.0,23900.0,409000.0,17600.0,24,3.33,12.4,0.756,0,0,0,0,27.5,130400.0,101.4
BNA001926,Dahmani,Bilal,Professionnel,Actif,Compte entreprise,23,Alger,Transport,Crédit équipement,4.8,171100.0,107400.0,2510000.0,59000.0,48,6.07,58.7,0.667,0,1,60,2,55.8,-173800.0,61.9
BNA001927,Djelloul,Riad,Particulier,Actif,Compte entreprise,39,Annaba,Pharmacie,Crédit d'investissement,7.0,103900.0,31100.0,545000.0,11500.0,60,9.88,50.5,0.352,0,0,90,0,33.6,-60200.0,16.8
BNA001928,Bensalem,Islam,PME,Actif,Compte courant,31,Biskra,Transport,Crédit d'exploitation,4.0,452900.0,287600.0,3904000.0,174600.0,24,6.92,56.2,0.331,1,0,45,1,46.3,621300.0,37.1
BNA001929,Bensalem,Mohamed,PME,Actif,Compte courant,41,Constantine,BTPH,Crédit d'investissement,8.0,698700.0,213100.0,8136000.0,376200.0,24,10.19,37.3,0.941,1,0,0,1,23.8,2644200.0,164.8
BNA001930,Slimani,Sofiane,Particulier,Actif,Compte épargne,49,Laghouat,Industrie,Crédit personnel,5.2,69000.0,24300.0,1015000.0,18700.0,60,4.11,45.1,0.547,2,0,15,2,27.5,194400.0,85.4
BNA001931,Chibani,Salim,PME,Inactif,Compte professionnel,54,Constantine,Industrie,Crédit d'exploitation,10.7,919400.0,543000.0,5090000.0,230000.0,24,7.93,81.2,0.031,1,2,45,1,53.4,621700.0,64.2
BNA001932,Brahimi,Walid,Professionnel,Inactif,Compte courant,51,Annaba,Pharmacie,Crédit d'investissement,1.4,211000.0,145200.0,1523000.0,36600.0,48,7.23,87.8,0.368,0,1,30,1,37.8,128300.0,80.0
BNA001933,Khelifi,Zakaria,PME,Actif,Compte courant,38,Blida,Santé,Crédit d'exploitation,5.5,249100.0,131900.0,1416000.0,30400.0,60,10.4,42.3,0.196,0,0,180,1,63.5,410300.0,71.9
BNA001934,Ferhat,Islam,PME,Actif,Compte courant,65,Oran,Services,Crédit d'investissement,8.2,395000.0,56800.0,2921000.0,53100.0,72,9.29,25.2,0.709,0,0,0,0,14.7,1043500.0,90.6
BNA001935,Boudiaf,Mourad,PME,Actif,Compte courant,46,Biskra,Agriculture,Crédit personnel,5.7,488800.0,162700.0,7238000.0,101200.0,84,4.69,84.0,0.273,1,3,5,0,36.2,261800.0,80.0
BNA001936,Amrani,Walid,Particulier,Actif,Compte courant,30,Tlemcen,BTPH,Crédit immobilier,8.7,52300.0,31400.0,445000.0,19800.0,24,6.4,84.6,0.595,3,1,0,3,30.1,-97200.0,66.3
BNA001937,Hadji,Walid,Particulier,Actif,Compte courant,49,Annaba,Transport,Crédit immobilier,5.2,87000.0,57500.0,803000.0,15300.0,60,5.29,67.2,0.586,1,0,30,1,43.1,-125900.0,68.7
BNA001938,Bensalem,Imad,Particulier,Actif,Compte professionnel,29,Djelfa,Agriculture,Crédit équipement,6.4,241600.0,136800.0,3084000.0,62200.0,60,7.74,72.6,0.177,1,1,90,1,63.0,488800.0,47.6
BNA001939,Mansouri,Ahmed,Professionnel,Actif,Compte entreprise,53,Blida,Santé,Crédit personnel,6.1,149500.0,95100.0,2374000.0,71600.0,36,5.45,77.8,0.353,0,1,10,3,25.2,68000.0,46.4
BNA001940,Dahmani,Yacine,Particulier,Actif,Compte professionnel,52,Annaba,Commerce,Crédit immobilier,6.5,162800.0,24300.0,731000.0,10300.0,84,5.0,48.3,0.696,1,0,0,0,31.6,402600.0,143.8
BNA001941,Benyahia,Samir,Particulier,Actif,Compte épargne,56,Batna,Industrie,Crédit personnel,5.6,387600.0,146200.0,3086000.0,57700.0,72,10.36,72.0,0.042,3,0,30,1,35.0,2500.0,50.1
BNA001942,Benyahia,Ilyes,PME,Actif,Compte épargne,36,Sétif,Santé,Crédit d'exploitation,12.1,823000.0,228900.0,4069000.0,100200.0,48,8.44,55.6,0.952,0,0,0,1,23.7,2720700.0,79.4
BNA001943,Haddad,Abdelkader,Particulier,Actif,Compte courant,28,Alger,Services,Crédit d'exploitation,4.7,75700.0,58700.0,635000.0,14100.0,48,3.01,80.1,0.518,1,1,150,2,39.6,-70600.0,73.5
BNA001944,Benyahia,Aymen,PME,Actif,Compte professionnel,24,Oran,Services,Crédit d'investissement,9.5,753500.0,465500.0,8393000.0,136400.0,72,5.32,79.4,0.602,2,0,15,2,69.4,-11000.0,60.8
BNA001945,Nouri,Ahmed,Professionnel,Actif,Compte professionnel,39,Constantine,Services,Crédit d'exploitation,6.0,175800.0,128000.0,2079000.0,31900.0,84,7.47,66.6,0.11,3,0,30,6,57.7,274300.0,114.4
BNA001946,Djelloul,Anis,Particulier,Actif,Compte épargne,63,Tlemcen,Commerce,Crédit d'investissement,16.6,45800.0,32000.0,229000.0,5600.0,48,8.52,79.7,0.428,2,2,60,5,10.5,24000.0,47.4
BNA001947,Bensalem,Oussama,Professionnel,Actif,Compte professionnel,63,Laghouat,Santé,Crédit équipement,5.3,257400.0,49500.0,1496000.0,27600.0,60,4.12,31.2,0.866,1,0,0,0,17.6,127300.0,111.7
BNA001948,Mebarki,Aymen,PME,Actif,Compte entreprise,54,Sétif,BTPH,Crédit équipement,7.9,367800.0,246600.0,2995000.0,48600.0,72,5.27,78.0,0.403,2,0,180,1,57.5,109900.0,127.1
BNA001949,Zerrouki,Mourad,Particulier,Actif,Compte courant,57,Alger,Santé,Crédit équipement,11.6,89800.0,31200.0,522000.0,23700.0,24,8.32,37.9,0.719,0,0,0,0,18.8,174600.0,87.0
BNA001950,Guediri,Abdelkader,Particulier,Actif,Compte entreprise,55,Constantine,Transport,Crédit d'exploitation,5.5,103100.0,53900.0,670000.0,20300.0,36,5.87,54.5,0.51,2,0,120,1,44.5,-85600.0,51.2
BNA001951,Brahimi,Anis,Particulier,Actif,Compte courant,60,Laghouat,BTPH,Crédit d'investissement,3.8,46400.0,26200.0,261000.0,4100.0,72,4.18,76.7,0.255,1,0,90,0,30.9,22500.0,56.9
BNA001952,Rahmani,Yacine,Particulier,Actif,Compte courant,53,Annaba,Pharmacie,Crédit immobilier,5.0,105700.0,21700.0,1099000.0,48800.0,24,6.25,28.5,0.905,0,1,0,0,32.1,352700.0,105.0
BNA001953,Chibani,Zakaria,Particulier,Actif,Compte courant,32,Béjaïa,Pharmacie,Crédit personnel,16.6,77700.0,15200.0,360000.0,8700.0,48,7.69,48.7,0.805,0,0,0,1,7.9,144400.0,117.3
BNA001954,Benyahia,Walid,Particulier,Actif,Compte épargne,34,Batna,Santé,Crédit équipement,4.9,112900.0,50500.0,1159000.0,27500.0,48,6.58,82.4,0.372,2,0,45,1,30.6,-75900.0,37.3
BNA001955,Belaid,Ahmed,Particulier,Actif,Compte courant,55,Tlemcen,Industrie,Crédit d'exploitation,11.3,126200.0,57200.0,1213000.0,27500.0,48,4.19,90.3,0.273,2,1,15,1,50.4,-141600.0,66.5
BNA001956,Belkacem,Karim,Particulier,Actif,Compte entreprise,49,Laghouat,Santé,Crédit d'exploitation,8.9,73600.0,25800.0,325000.0,5700.0,72,8.02,71.4,0.721,2,3,60,2,59.9,-35700.0,71.9
BNA001957,Cherif,Adel,Particulier,Actif,Compte entreprise,59,Tlemcen,Commerce,Crédit d'exploitation,10.5,66300.0,41500.0,398000.0,5500.0,84,4.33,100.0,0.526,3,0,45,0,63.1,-41600.0,55.9
BNA001958,Haddad,Ilyes,Particulier,Actif,Compte entreprise,40,Annaba,Industrie,Crédit immobilier,8.6,52800.0,27800.0,385000.0,9200.0,48,6.83,79.8,0.298,0,1,45,1,40.8,63100.0,75.0
BNA001959,Touati,Bilal,Particulier,Actif,Compte courant,54,Biskra,Santé,Crédit équipement,9.2,131000.0,44000.0,710000.0,31300.0,24,5.4,85.9,0.273,1,0,60,1,40.4,-68200.0,62.8
BNA001960,Djelloul,Abdelkader,Particulier,Actif,Compte épargne,28,Sétif,Santé,Crédit d'investissement,13.5,55400.0,19600.0,418000.0,7400.0,72,8.14,28.9,0.808,0,0,0,1,24.2,124200.0,54.3
BNA001961,Mokhtar,Farid,Particulier,Actif,Compte courant,51,Blida,Commerce,Crédit d'exploitation,9.7,77100.0,33800.0,406000.0,7800.0,60,5.58,85.6,0.608,1,0,30,3,70.9,-75900.0,60.3
BNA001962,Rahmani,Yacine,PME,Actif,Compte épargne,43,Constantine,BTPH,Crédit personnel,8.3,992100.0,721800.0,18010000.0,1534500.0,12,4.11,94.2,0.48,1,0,60,1,48.0,-491900.0,43.7
BNA001963,Chibani,Walid,Particulier,Actif,Compte entreprise,48,Sétif,Services,Crédit d'exploitation,13.2,124200.0,71600.0,801000.0,24700.0,36,6.82,38.6,0.27,3,0,45,2,54.1,1700.0,48.3
BNA001964,Boudiaf,Rachid,PME,Actif,Compte professionnel,43,Sétif,Santé,Crédit personnel,3.3,861400.0,642100.0,9101000.0,185100.0,60,8.14,82.0,0.265,1,3,30,1,16.3,457900.0,85.6
BNA001965,Yahiaoui,Sofiane,Grande Entreprise,Actif,Compte courant,24,Oran,Industrie,Crédit immobilier,5.1,2065700.0,1422500.0,11620000.0,227600.0,60,6.55,77.3,0.622,3,0,60,0,29.2,2063200.0,47.7
BNA001966,Touati,Hichem,Particulier,Actif,Compte professionnel,24,Biskra,BTPH,Crédit personnel,11.9,155900.0,106500.0,1067000.0,20200.0,60,5.21,63.7,0.172,2,0,150,0,51.3,88000.0,57.1
BNA001967,Guediri,Zakaria,PME,Actif,Compte épargne,59,Annaba,Transport,Crédit d'investissement,2.7,699400.0,328100.0,11245000.0,161700.0,84,5.52,62.4,0.893,0,0,0,0,23.4,1470500.0,93.6
BNA001968,Mebarki,Abdelkader,Particulier,Actif,Compte professionnel,34,Sétif,Agriculture,Crédit d'exploitation,3.8,96500.0,61900.0,871000.0,21700.0,48,9.04,84.4,0.214,2,2,90,4,34.0,115400.0,101.1
BNA001969,Benyahia,Yacine,Particulier,Actif,Compte courant,42,Djelfa,BTPH,Crédit personnel,3.2,65100.0,40000.0,706000.0,16500.0,48,5.61,78.1,0.533,1,0,45,0,45.1,1800.0,91.9
BNA001970,Brahimi,Zakaria,Particulier,Actif,Compte épargne,55,Annaba,Services,Crédit équipement,8.8,202800.0,87500.0,2743000.0,57900.0,60,9.75,79.4,0.653,1,1,90,0,38.1,78700.0,40.6
BNA001971,Brahimi,Walid,PME,Actif,Compte courant,60,Constantine,Agriculture,Crédit équipement,6.0,520400.0,395800.0,2786000.0,56700.0,60,8.15,72.4,0.477,2,0,30,4,50.3,-241600.0,42.3
BNA001972,Guediri,Imad,Particulier,Actif,Compte courant,60,Tlemcen,BTPH,Crédit personnel,7.5,184100.0,128400.0,907000.0,21500.0,48,6.5,73.7,0.422,1,2,120,4,21.6,-61700.0,83.9
BNA001973,Mansouri,Islam,Particulier,Actif,Compte courant,30,Laghouat,Commerce,Crédit d'exploitation,3.5,35000.0,25900.0,511000.0,11600.0,48,4.06,46.2,0.37,4,1,5,2,33.2,15600.0,84.4
BNA001974,Djelloul,Samir,PME,Actif,Compte courant,35,Béjaïa,Transport,Crédit d'exploitation,7.1,396200.0,212500.0,2980000.0,254800.0,12,4.76,98.4,0.421,2,1,45,1,30.0,521600.0,66.4
BNA001975,Belkacem,Bilal,PME,Inactif,Compte épargne,48,Blida,Transport,Crédit immobilier,12.7,809200.0,222000.0,7289000.0,163400.0,48,3.64,63.3,0.27,2,1,150,5,44.2,-349100.0,38.3
BNA001976,Khelifi,Sofiane,Professionnel,Actif,Compte courant,52,Alger,Services,Crédit d'exploitation,9.4,208300.0,112700.0,2738000.0,52000.0,60,5.26,68.7,0.523,2,1,150,0,69.4,42100.0,58.7
BNA001977,Djelloul,Ilyes,Particulier,Actif,Compte entreprise,23,Blida,Transport,Crédit immobilier,7.5,91300.0,48200.0,644000.0,11600.0,60,3.1,71.6,0.774,3,1,60,3,4.0,97200.0,26.3
BNA001978,Gacem,Farid,Professionnel,Actif,Compte courant,26,Constantine,Services,Crédit d'investissement,2.2,423200.0,242500.0,1942000.0,38700.0,60,7.23,78.5,0.512,0,1,90,2,19.0,450200.0,14.1
BNA001979,Cherif,Walid,Particulier,Actif,Compte courant,47,Djelfa,Transport,Crédit d'exploitation,9.1,203400.0,124600.0,828000.0,26000.0,36,8.17,89.0,0.165,2,4,120,3,24.6,-61200.0,76.0
BNA001980,Belkacem,Hichem,Particulier,Actif,Compte courant,30,Oran,Pharmacie,Crédit d'exploitation,5.8,74200.0,36500.0,747000.0,22000.0,36,3.74,70.2,0.229,4,1,180,2,36.8,-56400.0,48.8
BNA001981,Chibani,Abdelkader,Particulier,Actif,Compte courant,53,Biskra,Services,Crédit d'exploitation,1.7,69200.0,47700.0,583000.0,11500.0,60,6.71,51.0,0.302,6,1,45,4,34.4,91600.0,80.7
BNA001982,Zerrouki,Adel,PME,Actif,Compte épargne,47,Blida,Santé,Crédit personnel,3.6,301100.0,43400.0,2941000.0,88100.0,36,4.96,23.2,0.676,0,0,0,1,23.2,242300.0,17.4
BNA001983,Amrani,Mohamed,Particulier,Actif,Compte courant,50,Biskra,BTPH,Crédit d'exploitation,1.2,95400.0,56700.0,1296000.0,42000.0,36,10.35,55.9,0.111,1,1,120,2,60.3,61700.0,37.1
BNA001984,Amrani,Zakaria,Particulier,Actif,Compte professionnel,30,Biskra,BTPH,Crédit d'investissement,3.7,90200.0,23800.0,1709000.0,75800.0,24,6.01,13.5,0.689,3,0,0,0,17.6,156300.0,101.0
BNA001985,Amrani,Oussama,Particulier,Inactif,Compte courant,52,Djelfa,Agriculture,Crédit personnel,10.1,60900.0,15000.0,1176000.0,21200.0,60,3.08,28.8,0.729,0,0,0,1,23.4,164900.0,84.6
BNA001986,Benali,Ilyes,Grande Entreprise,Actif,Compte courant,28,Alger,Commerce,Crédit d'exploitation,8.1,2826800.0,1714900.0,15040000.0,272100.0,72,9.14,54.5,0.544,3,0,45,1,45.1,338600.0,99.1
BNA001987,Larbi,Oussama,PME,Actif,Compte professionnel,61,Laghouat,BTPH,Crédit d'exploitation,4.8,660100.0,216900.0,2016000.0,90600.0,24,7.39,16.6,0.802,0,0,0,0,29.9,808200.0,157.9
BNA001988,Yahiaoui,Imad,Particulier,Actif,Compte épargne,57,Oran,Agriculture,Crédit d'exploitation,4.3,154000.0,114000.0,1186000.0,27000.0,48,4.45,66.5,0.128,7,0,60,0,27.9,-170100.0,55.2
BNA001989,Yahiaoui,Mohamed,Particulier,Actif,Compte courant,51,Constantine,BTPH,Crédit personnel,7.9,104100.0,55500.0,545000.0,12200.0,48,3.51,65.0,0.109,1,4,60,2,23.7,57500.0,0.0
BNA001990,Khelifi,Yacine,Professionnel,Actif,Compte épargne,54,Béjaïa,BTPH,Crédit d'exploitation,11.3,145600.0,65300.0,1785000.0,57100.0,36,9.4,68.5,0.026,6,0,45,3,43.2,4500.0,101.7
BNA001991,Belkacem,Kamel,Professionnel,Actif,Compte épargne,49,Oran,Commerce,Crédit d'investissement,2.6,221900.0,23600.0,2660000.0,49200.0,60,4.16,17.5,0.775,0,0,15,2,18.5,435200.0,85.2
BNA001992,Dahmani,Amine,Particulier,Actif,Compte épargne,57,Biskra,Santé,Crédit d'exploitation,1.5,105600.0,55000.0,374000.0,8000.0,60,10.05,64.8,0.355,1,3,90,4,34.0,191300.0,47.9
BNA001993,Gacem,Hichem,Particulier,Actif,Compte courant,48,Blida,BTPH,Crédit personnel,7.4,113900.0,15700.0,1002000.0,19200.0,60,5.53,25.4,0.843,0,0,0,1,10.2,73400.0,138.6
BNA001994,Bensalem,Mohamed,PME,Actif,Compte courant,29,Biskra,Santé,Crédit équipement,5.7,651800.0,353200.0,6013000.0,124800.0,60,9.0,38.0,0.442,2,0,30,2,53.8,894000.0,56.4
BNA001995,Meziane,Ahmed,PME,Actif,Compte courant,45,Alger,Services,Crédit immobilier,1.2,430000.0,151500.0,5011000.0,126100.0,48,9.57,86.6,0.32,1,1,150,1,51.6,26900.0,106.0
BNA001996,Zerrouki,Bilal,Grande Entreprise,Actif,Compte courant,38,Constantine,Industrie,Crédit immobilier,8.5,1479700.0,943200.0,5689000.0,175700.0,36,7.0,65.1,0.542,1,1,90,1,63.6,687300.0,25.9
BNA001997,Cherif,Riad,Particulier,Actif,Compte entreprise,24,Constantine,Agriculture,Crédit immobilier,7.7,57200.0,28700.0,455000.0,9800.0,60,10.38,86.5,0.572,2,3,150,1,24.8,-37000.0,64.5
BNA001998,Cherif,Youcef,Particulier,Actif,Compte courant,24,Sétif,BTPH,Crédit immobilier,9.3,96900.0,45400.0,1760000.0,28000.0,72,4.62,57.4,0.283,3,1,60,1,33.4,-151200.0,90.1
BNA001999,Belkacem,Bilal,Particulier,Actif,Compte courant,31,Alger,Pharmacie,Crédit équipement,11.7,83400.0,47500.0,1517000.0,23200.0,84,7.42,79.5,0.297,2,2,5,0,33.4,34600.0,64.2
BNA002000,Haddad,Riad,Particulier,Actif,Compte courant,44,Alger,Commerce,Crédit d'exploitation,4.2,83400.0,25100.0,807000.0,15100.0,72,10.41,42.5,0.564,0,0,0,0,9.3,172200.0,110.9
BNA002001,Larbi,Tarek,Professionnel,Actif,Compte courant,38,Batna,Agriculture,Crédit immobilier,3.1,276500.0,88700.0,1012000.0,18600.0,60,3.83,28.2,0.681,0,0,0,0,38.9,527800.0,180.3
BNA002002,Rahmani,Aymen,Particulier,Actif,Compte épargne,56,Tlemcen,Transport,Crédit d'investissement,6.3,64400.0,40500.0,773000.0,18000.0,48,5.51,79.0,0.308,1,1,90,3,50.9,-9200.0,87.3
BNA002003,Gacem,Samir,Particulier,Actif,Compte courant,50,Alger,Industrie,Crédit immobilier,6.1,44800.0,27600.0,430000.0,7200.0,84,10.16,67.1,0.536,3,4,30,3,27.7,24700.0,72.6
BNA002004,Meziane,Zakaria,Particulier,Actif,Compte épargne,59,Blida,Pharmacie,Crédit équipement,1.6,58300.0,15000.0,336000.0,5400.0,72,4.68,51.0,0.675,0,0,0,1,7.9,16700.0,71.9
BNA002005,Saidi,Kamel,Professionnel,Actif,Compte courant,24,Tlemcen,Santé,Crédit personnel,10.1,566300.0,344700.0,5421000.0,164900.0,36,5.99,87.9,0.193,3,2,180,2,54.2,-226600.0,91.9
BNA002006,Larbi,Kamel,PME,Actif,Compte entreprise,23,Biskra,Transport,Crédit d'investissement,20.0,604100.0,374300.0,1823000.0,35600.0,60,6.43,71.0,0.298,0,0,60,3,41.3,-17400.0,57.5
BNA002007,Mansouri,Sofiane,Particulier,Actif,Compte professionnel,36,Tlemcen,Transport,Crédit d'exploitation,4.9,157300.0,49300.0,947000.0,81400.0,12,5.78,26.2,0.628,1,0,10,1,25.9,359100.0,120.5
BNA002008,Hadji,Mohamed,Particulier,Actif,Compte professionnel,41,Biskra,Transport,Crédit d'exploitation,13.8,105400.0,64300.0,1157000.0,19600.0,72,6.78,42.3,0.402,3,2,90,3,39.1,78300.0,60.4
BNA002009,Saidi,Ilyes,Particulier,Actif,Compte courant,29,Constantine,Transport,Crédit d'exploitation,6.8,59500.0,31100.0,248000.0,4400.0,72,8.36,87.0,0.571,2,1,15,2,33.8,-11700.0,39.9
BNA002010,Nouri,Ahmed,Particulier,Actif,Compte professionnel,51,Djelfa,Agriculture,Crédit d'investissement,11.9,111300.0,19900.0,856000.0,20400.0,48,6.83,6.5,0.825,0,0,0,0,15.6,341400.0,137.7
BNA002011,Brahimi,Riad,PME,Actif,Compte courant,58,Blida,Transport,Crédit d'investissement,7.3,358100.0,148900.0,4451000.0,80100.0,60,3.08,76.0,0.293,1,0,0,1,34.0,273100.0,85.2
BNA002012,Dahmani,Youcef,Grande Entreprise,Actif,Compte courant,39,Tlemcen,Agriculture,Crédit personnel,19.7,1715300.0,378500.0,7071000.0,180500.0,48,10.34,27.5,0.656,0,0,0,1,18.6,5074700.0,64.5
BNA002013,Djelloul,Ilyes,PME,Actif,Compte épargne,26,Laghouat,Industrie,Crédit d'exploitation,6.6,347900.0,140800.0,4727000.0,141900.0,36,5.11,62.5,0.362,3,2,0,3,46.7,-98000.0,64.1
BNA002014,Amrani,Ibrahim,Particulier,Actif,Compte épargne,49,Oran,Agriculture,Crédit personnel,6.6,149200.0,40800.0,1157000.0,22100.0,60,5.57,35.2,0.525,0,1,0,1,26.5,85000.0,70.2
BNA002015,Meziane,Oussama,Particulier,Actif,Compte courant,64,Alger,Transport,Crédit personnel,0.4,172400.0,142400.0,633000.0,11600.0,60,3.93,91.6,0.407,1,1,45,3,31.3,167000.0,55.2
BNA002016,Benyahia,Mourad,Particulier,Actif,Compte courant,52,Sétif,BTPH,Crédit d'exploitation,10.9,84500.0,24800.0,464000.0,8300.0,60,3.06,20.0,0.833,0,0,0,1,14.0,162100.0,72.8
BNA002017,Mansouri,Sofiane,Particulier,Actif,Compte épargne,63,Blida,Industrie,Crédit personnel,3.1,175200.0,132900.0,1940000.0,34700.0,72,8.75,65.6,0.414,3,0,60,1,45.8,-142200.0,88.5
BNA002018,Dahmani,Walid,Particulier,Actif,Compte épargne,34,Alger,Transport,Crédit d'investissement,4.8,81700.0,42500.0,328000.0,4600.0,84,4.59,61.1,0.613,4,4,10,0,51.5,57900.0,74.6
BNA002019,Touati,Mohamed,Professionnel,Actif,Compte courant,27,Blida,Services,Crédit immobilier,3.3,255800.0,110200.0,3209000.0,54900.0,72,7.15,79.7,0.393,3,2,90,2,60.3,389600.0,75.8
BNA002020,Yahiaoui,Islam,Grande Entreprise,Actif,Compte courant,43,Biskra,Transport,Crédit d'exploitation,9.4,570200.0,354000.0,3659000.0,77100.0,60,9.63,88.8,0.101,1,2,120,5,50.4,-365100.0,37.2
BNA002021,Benyahia,Aymen,Particulier,Actif,Compte entreprise,57,Batna,Transport,Crédit d'exploitation,8.5,96500.0,26300.0,1203000.0,53500.0,24,6.42,28.3,0.809,1,0,0,0,25.7,113500.0,107.6
BNA002022,Saidi,Yacine,Particulier,Actif,Compte courant,59,Sétif,Services,Crédit équipement,6.1,58900.0,35900.0,540000.0,12500.0,48,5.29,91.4,0.459,2,1,60,0,32.5,-57600.0,46.8
BNA002023,Khelifi,Samir,Particulier,Actif,Compte courant,34,Annaba,Agriculture,Crédit d'exploitation,7.5,63700.0,25200.0,429000.0,13600.0,36,8.83,94.1,0.187,0,0,30,1,17.6,106300.0,49.5
BNA002024,Khelifi,Kamel,Particulier,Actif,Compte courant,55,Laghouat,Pharmacie,Crédit équipement,10.1,121300.0,66600.0,862000.0,17900.0,60,8.98,42.4,0.507,0,1,150,2,49.6,23600.0,67.2
BNA002025,Mokhtar,Bilal,Professionnel,Inactif,Compte épargne,25,Constantine,BTPH,Crédit d'exploitation,4.3,127600.0,72000.0,957000.0,21500.0,48,3.75,77.1,0.427,0,0,15,1,27.8,14600.0,41.2
BNA002026,Mebarki,Ibrahim,Professionnel,Actif,Compte épargne,45,Djelfa,Commerce,Crédit d'exploitation,5.2,308200.0,129900.0,7403000.0,149800.0,60,7.9,71.3,0.291,1,0,5,1,61.7,-73400.0,57.4
BNA002027,Brahimi,Farid,Particulier,Actif,Compte entreprise,55,Laghouat,BTPH,Crédit immobilier,4.3,125900.0,42300.0,391000.0,12100.0,36,7.23,75.2,0.411,1,0,10,2,31.2,-47000.0,54.8
BNA002028,Boudiaf,Imad,PME,Actif,Compte professionnel,29,Constantine,Pharmacie,Crédit équipement,9.4,705000.0,193100.0,3940000.0,127400.0,36,10.16,47.6,0.947,2,0,0,0,36.5,1989200.0,116.5
BNA002029,Benyahia,Tarek,Professionnel,Actif,Compte courant,36,Blida,Industrie,Crédit équipement,5.4,226300.0,137200.0,2598000.0,51200.0,60,6.8,70.0,0.611,0,1,150,2,81.9,-163800.0,102.9
BNA002030,Ferhat,Hichem,Professionnel,Actif,Compte épargne,39,Tlemcen,Agriculture,Crédit d'investissement,20.0,225900.0,133800.0,4065000.0,83500.0,60,8.54,41.9,0.302,3,1,60,0,51.4,-34000.0,97.9
BNA002031,Hadji,Ibrahim,Particulier,Actif,Compte entreprise,26,Djelfa,Commerce,Crédit d'exploitation,2.8,63500.0,32200.0,515000.0,15400.0,36,4.72,56.6,0.307,1,2,10,4,33.6,-114100.0,47.8
BNA002032,Khelifi,Mohamed,Particulier,Actif,Compte courant,26,Blida,Commerce,Crédit d'exploitation,6.6,171400.0,69200.0,943000.0,40700.0,24,3.39,72.0,0.386,3,1,10,2,18.4,52300.0,47.4
BNA002033,Ferhat,Walid,PME,Actif,Compte professionnel,40,Batna,Services,Crédit personnel,4.7,600400.0,303400.0,3905000.0,177200.0,24,8.31,71.9,0.491,1,2,45,2,55.0,-581800.0,37.3
BNA002034,Zerrouki,Anis,Particulier,Actif,Compte courant,28,Sétif,Services,Crédit d'investissement,5.4,133500.0,40500.0,1036000.0,45300.0,24,4.67,13.6,0.651,1,0,0,0,20.1,323800.0,111.0
BNA002035,Brahimi,Ilyes,Particulier,Actif,Compte entreprise,59,Sétif,Agriculture,Crédit d'investissement,8.3,89700.0,15000.0,1026000.0,31300.0,36,6.1,38.4,0.85,0,0,0,0,46.8,346900.0,139.3
BNA002036,Mansouri,Islam,Particulier,Actif,Compte courant,57,Biskra,Industrie,Crédit immobilier,3.1,59700.0,19100.0,385000.0,7600.0,60,6.82,27.5,0.668,0,0,0,1,33.7,149800.0,121.3
BNA002037,Haddad,Tarek,PME,Actif,Compte courant,55,Sétif,Pharmacie,Crédit d'investissement,5.3,488900.0,266000.0,1386000.0,25800.0,72,10.18,67.7,0.247,1,2,45,0,46.2,591500.0,56.8
BNA002038,Dahmani,Zakaria,Professionnel,Actif,Compte professionnel,31,Laghouat,Transport,Crédit personnel,4.8,161700.0,90000.0,1130000.0,23100.0,60,8.32,55.2,0.348,1,2,60,1,25.9,83300.0,64.7
BNA002039,Larbi,Salim,Particulier,Actif,Compte entreprise,65,Blida,Agriculture,Crédit personnel,2.9,192500.0,142700.0,996000.0,31900.0,36,9.45,55.7,0.078,2,1,90,3,20.6,-42700.0,84.9
BNA002040,Khelifi,Imad,Particulier,Inactif,Compte courant,46,Laghouat,Pharmacie,Crédit équipement,11.0,50400.0,17700.0,224000.0,9600.0,24,3.14,74.8,0.38,0,0,30,0,48.2,46200.0,69.3
BNA002041,Yahiaoui,Mourad,Particulier,Actif,Compte courant,64,Constantine,Pharmacie,Crédit personnel,15.1,103000.0,61300.0,433000.0,12700.0,36,3.47,88.7,0.551,2,1,45,1,52.2,-28700.0,53.4
BNA002042,Boudiaf,Adel,Professionnel,Actif,Compte professionnel,23,Oran,Agriculture,Crédit d'exploitation,5.0,72300.0,32700.0,1399000.0,43000.0,36,6.66,77.1,0.531,5,0,60,1,25.5,-28300.0,82.3
BNA002043,Mebarki,Abdelkader,PME,Actif,Compte courant,62,Biskra,Industrie,Crédit personnel,3.3,427100.0,138900.0,7703000.0,239900.0,36,7.58,2.0,0.307,0,0,0,0,14.6,951900.0,134.5
BNA002044,Mebarki,Nassim,Particulier,Actif,Compte entreprise,61,Laghouat,Pharmacie,Crédit d'investissement,7.5,80900.0,22700.0,661000.0,12000.0,60,3.49,12.7,0.892,0,0,0,1,13.4,132600.0,73.8
BNA002045,Meziane,Abdelkader,Particulier,Actif,Compte entreprise,35,Alger,Agriculture,Crédit d'exploitation,1.4,73900.0,40100.0,417000.0,5500.0,84,3.0,61.8,0.295,1,0,90,0,47.9,-77700.0,67.9
BNA002046,Yahiaoui,Sofiane,Grande Entreprise,Actif,Compte entreprise,44,Laghouat,Services,Crédit équipement,20.0,728900.0,442900.0,2682000.0,52600.0,60,6.56,61.1,0.461,5,3,45,0,41.6,1689500.0,60.9
BNA002047,Rahmani,Rachid,Particulier,Actif,Compte épargne,28,Annaba,Transport,Crédit immobilier,4.1,100200.0,24600.0,786000.0,23200.0,36,4.09,27.9,0.553,0,1,0,1,19.6,253100.0,151.5
BNA002048,Djelloul,Nabil,PME,Actif,Compte professionnel,39,Oran,BTPH,Crédit personnel,6.8,1039600.0,473000.0,14962000.0,277000.0,60,4.21,65.5,0.566,1,1,30,2,47.1,-804700.0,71.9
BNA002049,Chibani,Rachid,Particulier,Actif,Compte épargne,27,Oran,Santé,Crédit équipement,6.6,126500.0,42900.0,2413000.0,70500.0,36,3.28,36.1,0.789,0,1,5,0,35.9,441800.0,138.7
BNA002050,Benali,Riad,Particulier,Actif,Compte courant,64,Djelfa,Industrie,Crédit d'exploitation,4.3,74200.0,48900.0,841000.0,19000.0,48,3.96,63.4,0.477,0,1,90,2,42.7,101000.0,84.5
BNA002051,Larbi,Samir,Professionnel,Actif,Compte épargne,29,Laghouat,Transport,Crédit personnel,5.6,365500.0,138100.0,2743000.0,120000.0,24,4.69,23.8,0.789,2,0,0,0,18.3,836500.0,88.1
BNA002052,Larbi,Kamel,Particulier,Actif,Compte courant,28,Batna,Pharmacie,Crédit immobilier,3.7,174500.0,29200.0,731000.0,23100.0,36,8.6,15.1,0.77,0,0,0,0,23.7,398500.0,96.2
BNA002053,Benyahia,Adel,Particulier,Actif,Compte courant,38,Sétif,Pharmacie,Crédit équipement,10.6,123100.0,40100.0,738000.0,21700.0,36,3.86,43.6,0.864,0,1,0,0,31.1,266500.0,82.2
BNA002054,Gacem,Ilyes,PME,Actif,Compte courant,23,Alger,Services,Crédit d'exploitation,7.0,601700.0,253800.0,7446000.0,220200.0,36,4.11,21.9,0.836,0,0,0,0,36.9,3309300.0,79.0
BNA002055,Slimani,Sofiane,PME,Actif,Compte épargne,32,Blida,Commerce,Crédit d'investissement,8.5,287700.0,147700.0,1402000.0,43200.0,36,6.85,74.5,0.545,3,1,120,1,42.0,209600.0,90.9
BNA002056,Belaid,Amine,Particulier,Actif,Compte entreprise,37,Alger,Santé,Crédit d'investissement,9.3,185900.0,120300.0,931000.0,21800.0,48,5.83,83.9,0.462,1,0,15,1,40.7,67300.0,70.1
BNA002057,Mansouri,Bilal,Particulier,Actif,Compte courant,41,Alger,Transport,Crédit d'investissement,5.0,158200.0,112900.0,909000.0,20300.0,48,3.55,48.1,0.241,1,0,30,1,46.2,-239500.0,35.6
BNA002058,Haddad,Walid,Particulier,Actif,Compte courant,41,Laghouat,Transport,Crédit immobilier,3.4,78500.0,15000.0,658000.0,10400.0,84,8.29,21.0,0.755,0,0,0,0,11.1,178700.0,119.3
BNA002059,Yahiaoui,Ibrahim,PME,Actif,Compte courant,28,Laghouat,Transport,Crédit d'investissement,3.6,357500.0,258300.0,3582000.0,67400.0,60,4.91,64.1,0.473,5,1,30,0,60.5,91100.0,31.6
BNA002060,Rahmani,Adel,Professionnel,Actif,Compte courant,57,Sétif,Industrie,Crédit personnel,3.8,216600.0,28400.0,3208000.0,140600.0,24,4.93,16.5,1.0,0,0,0,1,24.5,523400.0,66.9
BNA002061,Slimani,Rachid,Particulier,Actif,Compte courant,56,Biskra,BTPH,Crédit immobilier,5.6,96500.0,22900.0,1292000.0,19500.0,84,7.04,29.0,0.818,1,0,0,0,28.5,483900.0,73.2
BNA002062,Mokhtar,Adel,Particulier,Actif,Compte courant,49,Djelfa,Pharmacie,Crédit équipement,13.7,97300.0,75600.0,975000.0,22200.0,48,4.43,64.7,0.554,0,4,180,2,57.3,-157900.0,9.0
BNA002063,Yahiaoui,Salim,Particulier,Actif,Compte courant,34,Oran,Transport,Crédit personnel,5.2,114200.0,92400.0,1023000.0,19000.0,60,4.28,79.6,0.495,4,1,45,2,56.6,10600.0,36.9
BNA002064,Benali,Riad,Particulier,Actif,Compte courant,36,Alger,Transport,Crédit immobilier,2.8,170900.0,59800.0,1160000.0,20900.0,72,8.99,45.0,0.855,0,0,0,0,23.8,801000.0,83.7
BNA002065,Amrani,Bilal,Particulier,Actif,Compte professionnel,49,Blida,Agriculture,Crédit immobilier,17.8,125100.0,39500.0,1065000.0,31000.0,36,3.14,31.5,0.902,0,0,0,0,29.9,630800.0,102.3
BNA002066,Boudiaf,Youcef,Professionnel,Actif,Compte courant,47,Alger,Services,Crédit d'exploitation,8.6,125100.0,64900.0,891000.0,14100.0,84,8.41,81.3,0.453,2,0,90,0,52.8,-147100.0,76.0
BNA002067,Haddad,Ilyes,Professionnel,Actif,Compte entreprise,64,Djelfa,Santé,Crédit d'exploitation,0.7,276000.0,96900.0,3351000.0,51300.0,84,7.45,85.0,0.265,1,0,45,1,22.5,410400.0,50.2
BNA002068,Benyahia,Mourad,Particulier,Actif,Compte entreprise,59,Béjaïa,Industrie,Crédit d'investissement,2.7,100900.0,63700.0,749000.0,65800.0,12,9.81,89.9,0.472,3,2,30,0,48.6,-169100.0,50.0
BNA002069,Mebarki,Karim,Particulier,Actif,Compte courant,60,Sétif,Commerce,Crédit d'exploitation,8.4,89000.0,41700.0,317000.0,5800.0,60,3.79,95.0,0.463,2,0,45,1,39.4,-9100.0,52.5
BNA002070,Slimani,Hichem,PME,Inactif,Compte entreprise,52,Djelfa,Transport,Crédit d'exploitation,1.4,743800.0,285600.0,4230000.0,102400.0,48,7.58,40.1,0.56,3,1,45,2,29.9,1145000.0,55.7
BNA002071,Benyahia,Walid,Particulier,Actif,Compte courant,49,Annaba,Commerce,Crédit d'investissement,4.4,97900.0,57100.0,349000.0,7800.0,48,3.54,46.8,0.82,3,1,60,2,52.5,-25900.0,62.8
BNA002072,Meziane,Oussama,Particulier,Actif,Compte professionnel,55,Blida,Transport,Crédit d'investissement,11.7,116000.0,57700.0,407000.0,11900.0,36,3.13,83.3,0.209,1,3,30,2,33.5,38100.0,77.4
BNA002073,Chibani,Ibrahim,PME,Actif,Compte courant,38,Oran,Transport,Crédit d'investissement,2.5,478700.0,73800.0,2620000.0,65600.0,48,9.33,21.4,0.681,0,0,0,0,21.6,822100.0,101.9
BNA002074,Chibani,Nabil,PME,Actif,Compte courant,28,Blida,Santé,Crédit d'exploitation,6.1,1113500.0,551000.0,10828000.0,347600.0,36,9.65,72.2,0.508,2,4,30,4,47.7,-760300.0,99.0
BNA002075,Haddad,Samir,PME,Actif,Compte professionnel,56,Laghouat,Pharmacie,Crédit immobilier,13.8,1149300.0,855700.0,4470000.0,69800.0,72,3.93,82.3,0.397,2,3,0,0,39.5,-24600.0,101.6
BNA002076,Brahimi,Oussama,Particulier,Actif,Compte courant,24,Alger,Transport,Crédit d'exploitation,16.5,76400.0,23700.0,1558000.0,27800.0,72,8.65,23.0,0.847,0,0,15,1,15.5,181900.0,112.2
BNA002077,Benyahia,Abdelkader,Particulier,Actif,Compte courant,50,Batna,Santé,Crédit d'exploitation,13.9,134600.0,36400.0,813000.0,24200.0,36,4.53,67.5,0.753,1,0,0,0,47.8,195700.0,79.3
BNA002078,Guediri,Sofiane,Grande Entreprise,Actif,Compte professionnel,47,Djelfa,BTPH,Crédit immobilier,13.6,2090000.0,1296500.0,22732000.0,513700.0,48,4.04,62.3,0.516,3,2,45,3,43.7,261200.0,71.5
BNA002079,Belkacem,Ibrahim,Particulier,Actif,Compte courant,60,Djelfa,Commerce,Crédit d'exploitation,3.9,217300.0,18600.0,1805000.0,42300.0,48,5.91,27.1,0.395,0,0,0,1,10.5,834700.0,28.9
BNA002080,Dahmani,Salim,Professionnel,Actif,Compte professionnel,47,Oran,Services,Crédit équipement,4.8,248200.0,130200.0,2003000.0,61200.0,36,6.29,85.6,0.373,2,0,120,2,44.5,475800.0,35.0
BNA002081,Saidi,Adel,Particulier,Actif,Compte courant,24,Batna,Transport,Crédit personnel,9.8,75400.0,37900.0,689000.0,12400.0,60,3.08,57.6,0.203,3,1,120,3,49.6,89900.0,35.9
BNA002082,Guediri,Imad,Particulier,Actif,Compte courant,44,Béjaïa,Agriculture,Crédit d'investissement,20.0,88700.0,61900.0,660000.0,14900.0,48,4.1,77.0,0.188,1,0,15,3,41.6,7100.0,95.8
BNA002083,Nouri,Ilyes,Professionnel,Actif,Compte courant,39,Oran,Services,Crédit d'investissement,8.5,128400.0,31900.0,1476000.0,36100.0,48,8.04,21.4,0.666,0,0,0,0,14.3,457500.0,72.5
BNA002084,Touati,Rachid,PME,Actif,Compte épargne,56,Oran,Industrie,Crédit immobilier,7.2,477800.0,297400.0,3747000.0,63800.0,72,6.94,80.9,0.489,1,1,30,2,40.2,-207000.0,95.0
BNA002085,Ferhat,Youcef,Particulier,Actif,Compte épargne,32,Annaba,BTPH,Crédit personnel,3.4,85100.0,57200.0,495000.0,7700.0,84,7.77,87.3,0.127,1,0,90,2,34.9,73700.0,78.9
BNA002086,Haddad,Zakaria,PME,Actif,Compte courant,24,Constantine,Santé,Crédit équipement,3.1,305300.0,222100.0,3049000.0,40900.0,84,3.47,97.5,0.094,3,0,30,3,34.7,-381200.0,64.3
BNA002087,Bensalem,Tarek,Professionnel,Inactif,Compte courant,55,Béjaïa,Industrie,Crédit personnel,14.8,261200.0,133100.0,1893000.0,46600.0,48,8.46,60.7,0.369,3,1,60,3,47.0,-10800.0,62.8
BNA002088,Nouri,Salim,PME,Actif,Compte épargne,46,Blida,Agriculture,Crédit d'exploitation,7.1,610900.0,259500.0,5681000.0,104500.0,60,3.94,66.3,0.366,1,0,90,2,37.8,288100.0,107.9
BNA002089,Gacem,Oussama,PME,Actif,Compte courant,23,Batna,Agriculture,Crédit immobilier,9.5,677200.0,120600.0,6640000.0,209900.0,36,8.6,2.0,0.732,2,0,0,0,18.2,1000200.0,71.4
BNA002090,Mansouri,Ahmed,Particulier,Actif,Compte courant,64,Alger,Transport,Crédit personnel,7.8,60600.0,21000.0,536000.0,10000.0,72,10.3,37.0,0.626,1,0,0,0,26.4,167200.0,163.0
BNA002091,Nouri,Mourad,PME,Actif,Compte courant,42,Alger,BTPH,Crédit équipement,9.4,800700.0,407300.0,6226000.0,199800.0,36,9.62,66.2,0.314,2,1,150,4,50.8,883700.0,58.4
BNA002092,Guediri,Oussama,Particulier,Actif,Compte courant,62,Oran,Santé,Crédit immobilier,7.1,93600.0,68900.0,444000.0,8800.0,60,6.89,64.8,0.345,0,0,90,1,30.1,80500.0,25.7
BNA002093,Boudiaf,Oussama,Professionnel,Actif,Compte courant,38,Laghouat,Industrie,Crédit immobilier,2.6,456400.0,81300.0,6360000.0,134800.0,60,9.88,43.5,0.97,0,0,0,0,18.4,231700.0,81.8
BNA002094,Guediri,Kamel,Professionnel,Actif,Compte professionnel,49,Annaba,Commerce,Crédit personnel,4.4,109500.0,63300.0,348000.0,6500.0,72,10.39,68.0,0.72,0,1,60,3,49.3,115900.0,70.0
BNA002095,Bensalem,Mohamed,Particulier,Actif,Compte entreprise,45,Béjaïa,Industrie,Crédit personnel,7.5,38500.0,15000.0,466000.0,7600.0,72,5.51,97.0,0.212,1,0,5,2,34.7,24100.0,0.0
BNA002096,Zerrouki,Imad,Particulier,Actif,Compte courant,40,Constantine,Pharmacie,Crédit d'exploitation,1.1,82500.0,44100.0,605000.0,18000.0,36,4.67,85.4,0.456,5,1,45,0,48.0,-41800.0,74.3
BNA002097,Mokhtar,Hichem,Particulier,Actif,Compte courant,63,Djelfa,Santé,Crédit d'exploitation,7.7,74200.0,37500.0,392000.0,18000.0,24,9.27,73.7,0.515,2,0,15,2,48.3,-69900.0,69.2
BNA002098,Mebarki,Imad,Particulier,Actif,Compte professionnel,36,Biskra,Santé,Crédit immobilier,0.5,87400.0,53800.0,1272000.0,39600.0,36,7.51,77.1,0.422,0,2,60,1,60.2,-136000.0,24.0
BNA002099,Ferhat,Abdelkader,PME,Actif,Compte courant,65,Biskra,Santé,Crédit immobilier,10.2,441200.0,278300.0,2902000.0,54100.0,72,10.22,75.9,0.161,3,3,60,1,37.2,214600.0,38.6
BNA002100,Rahmani,Hichem,PME,Actif,Compte entreprise,34,Batna,Transport,Crédit d'investissement,6.2,587600.0,187800.0,4089000.0,72200.0,72,8.23,84.5,0.576,2,1,180,0,40.7,-295400.0,106.0
BNA002101,Rahmani,Walid,Professionnel,Actif,Compte courant,40,Batna,Pharmacie,Crédit personnel,14.4,327600.0,191900.0,3417000.0,60400.0,72,8.31,80.4,0.229,2,2,30,2,44.4,645000.0,61.3
BNA002102,Guediri,Walid,Grande Entreprise,Inactif,Compte entreprise,58,Tlemcen,Industrie,Crédit personnel,10.7,1746300.0,425900.0,13672000.0,429600.0,36,8.19,29.5,0.827,0,0,0,1,16.2,543300.0,88.1
BNA002103,Belkacem,Riad,Particulier,Actif,Compte entreprise,28,Constantine,Services,Crédit immobilier,10.7,128500.0,16600.0,1313000.0,31900.0,48,7.75,26.4,0.609,0,0,0,0,40.0,625800.0,126.3
BNA002104,Gacem,Farid,Particulier,Actif,Compte entreprise,36,Blida,Pharmacie,Crédit d'investissement,2.5,110300.0,46400.0,672000.0,58800.0,12,9.25,78.8,0.504,1,0,0,2,23.5,122100.0,50.1
BNA002105,Rahmani,Mourad,PME,Inactif,Compte épargne,52,Tlemcen,Pharmacie,Crédit immobilier,4.8,253600.0,138100.0,1064000.0,91700.0,12,6.26,51.6,0.332,1,0,120,4,64.2,127400.0,44.3
BNA002106,Rahmani,Sofiane,Grande Entreprise,Actif,Compte entreprise,35,Sétif,Services,Crédit personnel,15.4,911800.0,588000.0,5739000.0,99300.0,72,7.54,88.8,0.07,1,1,90,0,41.4,1950000.0,85.6
BNA002107,Khelifi,Youcef,PME,Actif,Compte entreprise,40,Laghouat,Transport,Crédit personnel,8.0,757800.0,497900.0,4638000.0,86200.0,72,10.13,70.7,0.623,2,1,120,2,8.5,880000.0,90.1
BNA002108,Yahiaoui,Aymen,Particulier,Actif,Compte épargne,31,Oran,Transport,Crédit d'exploitation,12.5,62800.0,15000.0,850000.0,26800.0,36,8.38,8.0,0.9,0,0,0,0,18.2,199300.0,91.4
BNA002109,Belaid,Nassim,PME,Actif,Compte entreprise,50,Blida,Commerce,Crédit équipement,0.2,648900.0,260800.0,7883000.0,125400.0,84,8.65,62.3,0.315,3,0,180,3,70.1,893200.0,68.9
BNA002110,Meziane,Samir,PME,Actif,Compte courant,61,Biskra,BTPH,Crédit immobilier,13.6,1174300.0,691200.0,4283000.0,83200.0,60,6.21,68.4,0.603,1,0,45,3,40.9,347400.0,105.6
BNA002111,Yahiaoui,Zakaria,Professionnel,Actif,Compte épargne,63,Laghouat,Services,Crédit d'exploitation,1.5,94100.0,50000.0,842000.0,15600.0,60,4.3,58.9,0.128,1,2,120,0,47.7,86700.0,82.5
BNA002112,Rahmani,Ibrahim,Professionnel,Actif,Compte professionnel,54,Biskra,Agriculture,Crédit d'exploitation,5.8,77300.0,41400.0,928000.0,28900.0,36,7.52,81.1,0.597,3,1,120,1,26.6,-135100.0,61.7
BNA002113,Rahmani,Islam,Professionnel,Actif,Compte entreprise,54,Tlemcen,Pharmacie,Crédit personnel,7.7,262700.0,86400.0,2093000.0,51500.0,48,8.37,24.2,0.923,0,0,0,0,16.8,1004400.0,75.6
BNA002114,Saidi,Youcef,Particulier,Actif,Compte courant,56,Batna,BTPH,Crédit d'investissement,8.2,86800.0,46800.0,954000.0,17600.0,60,4.1,56.1,0.925,2,0,0,1,10.7,166700.0,96.8
BNA002115,Belkacem,Rachid,Particulier,Actif,Compte entreprise,50,Annaba,Services,Crédit d'exploitation,3.4,58300.0,36600.0,732000.0,10000.0,84,3.99,59.2,0.32,2,1,90,0,36.7,16900.0,98.7
BNA002116,Cherif,Ilyes,Particulier,Actif,Compte courant,53,Biskra,Services,Crédit d'investissement,1.1,91100.0,46200.0,658000.0,16100.0,48,8.22,100.0,0.236,2,1,15,1,52.9,142100.0,32.0
BNA002117,Zerrouki,Zakaria,Particulier,Actif,Compte courant,48,Batna,Agriculture,Crédit d'investissement,13.5,84700.0,54400.0,968000.0,21500.0,48,3.24,65.5,0.135,3,1,150,1,20.5,7200.0,86.5
BNA002118,Hadji,Kamel,Particulier,Actif,Compte professionnel,25,Sétif,Santé,Crédit personnel,15.6,107400.0,47800.0,2066000.0,47500.0,48,4.91,32.1,0.74,1,0,0,0,24.1,188900.0,21.0
BNA002119,Yahiaoui,Kamel,Particulier,Actif,Compte courant,50,Béjaïa,Commerce,Crédit immobilier,3.0,92000.0,17000.0,437000.0,8200.0,60,4.66,32.7,0.915,0,0,0,0,15.6,302200.0,80.2
BNA002120,Meziane,Rachid,PME,Actif,Compte entreprise,30,Batna,Industrie,Crédit personnel,3.5,353000.0,188700.0,1762000.0,32400.0,72,9.75,87.5,0.384,3,1,30,1,35.3,-256400.0,94.4
BNA002121,Djelloul,Amine,Professionnel,Actif,Compte entreprise,43,Béjaïa,Santé,Crédit personnel,10.6,83200.0,59700.0,1023000.0,21900.0,60,10.4,68.7,0.272,4,1,15,2,59.7,116700.0,64.6
BNA002122,Saidi,Bilal,PME,Actif,Compte professionnel,55,Biskra,Commerce,Crédit d'investissement,2.5,616000.0,281000.0,4177000.0,89700.0,60,10.47,37.7,0.646,0,0,10,0,25.0,1317500.0,114.3
BNA002123,Cherif,Abdelkader,Particulier,Actif,Compte courant,25,Oran,Santé,Crédit immobilier,9.5,137200.0,67100.0,2097000.0,36800.0,72,8.03,71.6,0.195,2,2,15,1,32.6,132600.0,7.7
BNA002124,Haddad,Bilal,Particulier,Actif,Compte courant,65,Béjaïa,Santé,Crédit d'exploitation,7.1,68200.0,23200.0,571000.0,14500.0,48,9.97,37.1,0.808,1,0,0,0,22.1,182500.0,38.1
BNA002125,Meziane,Karim,Particulier,Actif,Compte courant,41,Djelfa,Transport,Crédit équipement,9.2,116600.0,58700.0,2052000.0,38900.0,60,5.15,71.0,0.27,1,0,60,1,26.5,99400.0,73.8
BNA002126,Hadji,Riad,Professionnel,Actif,Compte entreprise,39,Constantine,Agriculture,Crédit immobilier,9.7,287600.0,206400.0,4108000.0,177300.0,24,3.43,67.9,0.597,1,1,15,0,51.7,38800.0,92.9
BNA002127,Boudiaf,Aymen,PME,Actif,Compte épargne,59,Alger,Transport,Crédit d'exploitation,2.9,1574100.0,567400.0,7478000.0,155200.0,60,8.99,89.9,0.663,3,1,60,1,46.4,1624600.0,82.3
BNA002128,Brahimi,Abdelkader,Particulier,Actif,Compte entreprise,53,Béjaïa,Commerce,Crédit équipement,14.9,49100.0,15000.0,532000.0,11300.0,60,10.0,41.4,0.633,0,0,0,1,32.3,98600.0,163.1
BNA002129,Cherif,Salim,Particulier,Suspendu,Compte épargne,29,Annaba,Agriculture,Crédit d'exploitation,3.5,87100.0,35700.0,586000.0,11400.0,60,6.21,38.8,0.674,2,0,0,2,32.3,317700.0,88.6
BNA002130,Brahimi,Nabil,PME,Actif,Compte courant,58,Alger,Santé,Crédit personnel,20.0,1171700.0,438000.0,18991000.0,363600.0,60,5.6,48.5,1.0,0,0,0,1,16.5,3443300.0,200.0
BNA002131,Benyahia,Samir,Particulier,Actif,Compte courant,41,Béjaïa,BTPH,Crédit d'exploitation,3.9,84500.0,17000.0,802000.0,70200.0,12,9.24,32.5,0.912,0,0,0,0,45.0,274200.0,72.1
BNA002132,Mokhtar,Karim,Particulier,Actif,Compte entreprise,24,Oran,Santé,Crédit immobilier,18.4,62400.0,23400.0,490000.0,9500.0,60,6.01,20.5,0.882,0,0,10,0,22.9,255800.0,142.5
BNA002133,Belaid,Youcef,PME,Actif,Compte entreprise,37,Djelfa,Commerce,Crédit équipement,8.1,537700.0,230800.0,4502000.0,73800.0,72,5.61,53.8,0.163,1,0,45,0,56.3,375800.0,75.0
BNA002134,Gacem,Hichem,PME,Actif,Compte professionnel,43,Alger,Santé,Crédit immobilier,5.1,132800.0,60800.0,999000.0,30100.0,36,5.46,2.0,0.84,1,0,0,0,25.3,164900.0,86.8
BNA002135,Slimani,Islam,PME,Actif,Compte professionnel,64,Alger,Services,Crédit personnel,9.7,507400.0,215100.0,4483000.0,96200.0,60,10.45,85.1,0.505,0,0,30,3,35.9,-1010600.0,70.7
BNA002136,Touati,Ilyes,PME,Actif,Compte courant,51,Djelfa,Industrie,Crédit équipement,14.2,702800.0,131300.0,6211000.0,528800.0,12,3.99,43.1,0.68,0,0,0,0,20.7,2450300.0,139.2
BNA002137,Touati,Hichem,Particulier,Actif,Compte épargne,53,Biskra,Services,Crédit d'investissement,5.9,144600.0,82400.0,1030000.0,15900.0,72,3.46,79.9,0.501,3,0,150,0,54.5,127100.0,68.6
BNA002138,Gacem,Islam,PME,Actif,Compte courant,41,Oran,BTPH,Crédit d'investissement,5.3,801900.0,504000.0,5194000.0,129700.0,48,9.19,92.5,0.891,2,0,60,2,41.9,841900.0,33.1
BNA002139,Djelloul,Amine,PME,Actif,Compte courant,65,Biskra,Commerce,Crédit équipement,6.3,738800.0,75800.0,12272000.0,222900.0,60,3.44,18.1,0.718,0,0,0,0,7.7,2121600.0,63.7
BNA002140,Nouri,Mohamed,Particulier,Actif,Compte épargne,44,Oran,Santé,Crédit d'investissement,4.2,152000.0,27800.0,1423000.0,25600.0,60,3.1,27.6,0.77,0,0,0,1,29.1,400400.0,96.4
BNA002141,Benyahia,Samir,Particulier,Actif,Compte courant,63,Batna,Industrie,Crédit équipement,8.6,49200.0,28900.0,241000.0,4800.0,60,7.6,94.2,0.648,3,1,15,1,40.9,-90000.0,102.2
BNA002142,Mokhtar,Hichem,PME,Actif,Compte épargne,51,Biskra,BTPH,Crédit personnel,2.8,565500.0,346400.0,4365000.0,70400.0,72,5.03,68.3,0.509,1,2,90,1,57.3,-54300.0,60.3
BNA002143,Benali,Walid,Particulier,Actif,Compte courant,42,Alger,Industrie,Crédit d'exploitation,6.0,94700.0,70800.0,492000.0,7700.0,84,8.21,78.4,0.028,2,0,60,1,23.7,78900.0,53.1
BNA002144,Chibani,Riad,PME,Actif,Compte courant,39,Béjaïa,Services,Crédit d'exploitation,1.8,592400.0,435500.0,3957000.0,97000.0,48,8.23,68.0,0.565,3,1,60,4,68.6,-784500.0,48.1
BNA002145,Chibani,Samir,PME,Actif,Compte courant,36,Biskra,BTPH,Crédit personnel,6.3,935400.0,695400.0,4651000.0,99900.0,60,10.47,87.7,0.38,1,1,45,1,42.5,74700.0,81.0
BNA002146,Djelloul,Aymen,PME,Actif,Compte épargne,43,Alger,Services,Crédit personnel,8.3,223500.0,123400.0,2020000.0,33000.0,84,9.48,63.2,0.26,4,0,45,1,24.8,413900.0,77.0
BNA002147,Slimani,Walid,Particulier,Actif,Compte entreprise,23,Biskra,Santé,Crédit équipement,5.7,35000.0,25900.0,565000.0,11000.0,60,6.15,80.4,0.46,0,1,120,1,46.4,5200.0,90.2
BNA002148,Djelloul,Sofiane,Grande Entreprise,Actif,Compte courant,62,Alger,Services,Crédit d'exploitation,7.6,1384700.0,667500.0,7615000.0,236500.0,36,7.39,66.1,0.189,3,0,30,1,31.5,-2138300.0,63.4
BNA002149,Djelloul,Karim,PME,Actif,Compte entreprise,24,Sétif,Transport,Crédit d'exploitation,4.0,561500.0,119500.0,4223000.0,129200.0,36,6.38,57.2,0.953,0,0,0,0,30.7,1466900.0,67.6
BNA002150,Amrani,Walid,PME,Actif,Compte courant,35,Tlemcen,BTPH,Crédit personnel,6.1,891500.0,687000.0,8701000.0,207500.0,48,6.78,64.9,0.634,3,4,30,4,21.6,1592300.0,75.0
BNA002151,Amrani,Rachid,PME,Actif,Compte courant,24,Oran,Services,Crédit d'investissement,18.6,388300.0,54200.0,2171000.0,99200.0,24,9.03,40.3,0.815,0,0,0,0,28.1,875700.0,87.9
BNA002152,Chibani,Farid,Professionnel,Actif,Compte courant,42,Constantine,Industrie,Crédit équipement,2.0,164800.0,63200.0,1374000.0,34900.0,48,10.14,16.6,0.868,0,0,0,2,6.2,589500.0,91.5
BNA002153,Mansouri,Farid,Professionnel,Actif,Compte courant,27,Tlemcen,Industrie,Crédit d'exploitation,6.3,95600.0,33000.0,1246000.0,25400.0,60,8.26,9.7,0.684,0,0,0,0,4.0,176100.0,125.7
BNA002154,Mansouri,Zakaria,Particulier,Actif,Compte épargne,40,Batna,Transport,Crédit équipement,4.9,129600.0,34500.0,877000.0,26800.0,36,6.24,40.3,0.49,0,0,0,0,32.0,460700.0,89.6
BNA002155,Khelifi,Amine,PME,Actif,Compte épargne,50,Sétif,Industrie,Crédit personnel,4.9,717600.0,359600.0,2592000.0,38300.0,84,6.33,77.3,0.077,2,1,60,4,38.6,1076000.0,80.4
BNA002156,Belkacem,Ahmed,Particulier,Actif,Compte entreprise,65,Batna,Industrie,Crédit personnel,11.2,149900.0,97000.0,685000.0,14600.0,60,10.03,60.8,0.377,2,0,120,2,45.2,57400.0,10.0
BNA002157,Cherif,Mourad,Particulier,Actif,Compte épargne,55,Batna,Transport,Crédit personnel,2.6,98900.0,57700.0,703000.0,12800.0,72,9.38,69.2,0.493,1,1,90,2,32.0,-90800.0,112.1
BNA002158,Gacem,Oussama,Particulier,Actif,Compte entreprise,44,Blida,Industrie,Crédit d'exploitation,2.9,121200.0,62700.0,775000.0,16000.0,60,8.88,98.0,0.084,3,0,120,1,20.5,-54900.0,102.5
BNA002159,Cherif,Ahmed,PME,Actif,Compte entreprise,26,Batna,Agriculture,Crédit d'exploitation,1.4,2016200.0,921100.0,10583000.0,251800.0,48,6.68,73.5,0.267,2,1,150,2,24.3,190800.0,61.9
BNA002160,Amrani,Anis,Particulier,Actif,Compte courant,63,Béjaïa,BTPH,Crédit immobilier,20.0,66700.0,25900.0,401000.0,7800.0,60,6.1,70.6,0.212,0,2,5,1,54.3,-22200.0,84.6
BNA002161,Yahiaoui,Ahmed,PME,Actif,Compte courant,62,Sétif,Commerce,Crédit équipement,18.4,1559800.0,480400.0,12666000.0,260300.0,60,8.57,31.4,0.882,0,0,0,1,33.3,7257100.0,86.8
BNA002162,Bensalem,Zakaria,Particulier,Actif,Compte courant,43,Oran,Santé,Crédit équipement,3.4,96600.0,32400.0,516000.0,16500.0,36,9.27,91.6,0.673,2,0,5,1,39.5,-170300.0,60.4
BNA002163,Amrani,Nassim,Particulier,Actif,Compte courant,29,Biskra,Santé,Crédit immobilier,2.5,95000.0,60500.0,284000.0,4300.0,84,7.44,95.2,0.242,7,2,45,4,31.7,-28900.0,49.8
BNA002164,Brahimi,Oussama,Particulier,Actif,Compte entreprise,65,Batna,Pharmacie,Crédit personnel,4.0,59200.0,18900.0,966000.0,23500.0,48,7.72,58.5,0.492,0,0,45,0,52.6,19900.0,36.4
BNA002165,Gacem,Nassim,Professionnel,Actif,Compte entreprise,61,Laghouat,Santé,Crédit équipement,9.4,140100.0,27500.0,2001000.0,60200.0,36,5.27,28.5,0.988,0,0,0,1,22.4,562100.0,144.8
BNA002166,Chibani,Mourad,PME,Actif,Compte entreprise,55,Oran,Transport,Crédit équipement,8.9,326900.0,164300.0,1552000.0,36300.0,48,5.72,54.5,0.35,2,0,60,5,38.8,-232800.0,58.2
BNA002167,Bensalem,Salim,Grande Entreprise,Actif,Compte professionnel,23,Djelfa,Industrie,Crédit d'investissement,5.3,1461500.0,1051500.0,5170000.0,87900.0,72,6.9,59.0,0.369,3,1,120,2,42.2,-845000.0,28.7
BNA002168,Meziane,Samir,Particulier,Actif,Compte courant,56,Biskra,Santé,Crédit immobilier,6.5,151900.0,27300.0,870000.0,26400.0,36,5.8,6.8,0.509,1,1,0,0,13.0,47500.0,146.8
BNA002169,Belaid,Abdelkader,Particulier,Actif,Compte épargne,51,Tlemcen,Transport,Crédit personnel,2.7,95000.0,68400.0,558000.0,11700.0,60,9.28,93.1,0.442,0,0,0,3,46.0,-85700.0,69.9
BNA002170,Haddad,Yacine,Professionnel,Actif,Compte courant,59,Biskra,Transport,Crédit d'exploitation,15.1,123200.0,79500.0,1810000.0,45900.0,48,10.04,82.1,0.529,0,0,120,1,54.3,107900.0,17.6
BNA002171,Gacem,Bilal,Particulier,Inactif,Compte courant,32,Batna,Agriculture,Crédit d'exploitation,4.1,128500.0,77700.0,1016000.0,19600.0,60,5.96,69.8,0.248,3,1,60,3,49.7,-164700.0,7.3
BNA002172,Nouri,Tarek,Particulier,Actif,Compte entreprise,48,Batna,Services,Crédit immobilier,8.3,117100.0,60500.0,1190000.0,53000.0,24,6.47,86.8,0.291,3,0,90,2,47.4,-41300.0,99.1
BNA002173,Rahmani,Rachid,Particulier,Actif,Compte professionnel,39,Sétif,Transport,Crédit personnel,9.5,56000.0,16300.0,685000.0,13600.0,60,7.19,39.2,0.646,0,0,0,0,17.0,214800.0,40.1
BNA002174,Larbi,Ahmed,Particulier,Actif,Compte épargne,59,Annaba,Transport,Crédit équipement,12.8,122700.0,45900.0,1466000.0,34500.0,48,6.14,19.1,0.932,0,0,0,0,13.9,242300.0,76.6
BNA002175,Boudiaf,Ilyes,Professionnel,Inactif,Compte courant,44,Biskra,Santé,Crédit d'investissement,3.1,142900.0,51500.0,1348000.0,43500.0,36,10.05,74.8,0.64,1,1,45,1,71.4,376100.0,92.0
BNA002176,Touati,Oussama,PME,Actif,Compte courant,32,Batna,Pharmacie,Crédit personnel,1.8,640500.0,333100.0,11580000.0,361600.0,36,7.76,71.1,0.645,2,0,45,1,54.3,69200.0,89.2
BNA002177,Belaid,Mohamed,Particulier,Actif,Compte épargne,39,Béjaïa,Agriculture,Crédit d'exploitation,5.0,89800.0,59800.0,526000.0,23200.0,24,5.41,82.2,0.657,2,1,150,0,16.4,180400.0,4.8
BNA002178,Khelifi,Zakaria,PME,Actif,Compte épargne,25,Batna,Pharmacie,Crédit d'exploitation,6.7,1887600.0,922400.0,20532000.0,422900.0,60,8.67,91.0,0.328,2,1,10,0,6.4,-3000000.0,84.1
BNA002179,Ferhat,Amine,Particulier,Actif,Compte professionnel,38,Constantine,Agriculture,Crédit d'investissement,10.3,110000.0,29000.0,850000.0,16200.0,60,5.33,92.5,0.467,2,2,5,0,51.0,129400.0,24.2
BNA002180,Haddad,Ilyes,Particulier,Actif,Compte courant,47,Sétif,Pharmacie,Crédit personnel,1.0,89100.0,24200.0,855000.0,14000.0,72,5.6,28.4,0.767,0,0,0,0,14.5,296600.0,117.4
BNA002181,Djelloul,Mohamed,PME,Actif,Compte courant,46,Annaba,Transport,Crédit immobilier,9.4,923600.0,528000.0,10244000.0,305300.0,36,4.63,75.6,0.529,2,2,30,1,36.9,74200.0,121.0
BNA002182,Guediri,Oussama,PME,Actif,Compte épargne,24,Sétif,BTPH,Crédit d'investissement,4.4,542100.0,223600.0,4979000.0,97000.0,60,6.31,57.9,0.165,2,1,90,1,34.5,136900.0,69.1
BNA002183,Brahimi,Ilyes,Particulier,Actif,Compte courant,36,Laghouat,Commerce,Crédit équipement,18.7,78000.0,46700.0,1209000.0,105500.0,12,8.61,69.6,0.399,3,1,90,1,31.7,-90400.0,123.0
BNA002184,Bensalem,Islam,Professionnel,Actif,Compte épargne,38,Djelfa,Pharmacie,Crédit personnel,7.8,137000.0,25900.0,1245000.0,24200.0,60,6.21,4.9,0.707,0,0,15,0,15.7,337500.0,125.1
BNA002185,Djelloul,Sofiane,Grande Entreprise,Actif,Compte épargne,65,Tlemcen,Transport,Crédit d'investissement,3.5,1192200.0,860900.0,9702000.0,428300.0,24,5.62,60.8,0.318,2,2,60,3,41.0,1511900.0,66.0
BNA002186,Mebarki,Kamel,PME,Actif,Compte courant,59,Biskra,BTPH,Crédit personnel,8.8,685100.0,393500.0,8501000.0,139700.0,72,5.7,76.8,0.45,1,1,90,0,32.4,-179000.0,43.8
BNA002187,Haddad,Ilyes,Particulier,Inactif,Compte courant,51,Laghouat,Agriculture,Crédit personnel,7.3,110100.0,23100.0,1354000.0,115600.0,12,4.55,14.3,0.885,0,0,0,0,24.5,4300.0,98.2
BNA002188,Slimani,Walid,Professionnel,Actif,Compte entreprise,43,Biskra,BTPH,Crédit d'investissement,5.0,187800.0,133600.0,2789000.0,125300.0,24,7.33,87.1,0.239,0,1,45,4,30.6,-106800.0,118.8
BNA002189,Meziane,Riad,Particulier,Actif,Compte courant,57,Biskra,Commerce,Crédit équipement,4.6,207400.0,142400.0,1261000.0,31700.0,48,9.61,94.8,0.231,4,0,150,1,55.6,-178200.0,33.0
BNA002190,Benali,Zakaria,Particulier,Actif,Compte courant,25,Alger,Transport,Crédit immobilier,9.0,67800.0,51300.0,373000.0,6700.0,60,3.27,90.8,0.684,1,2,90,2,26.5,70400.0,58.7
BNA002191,Cherif,Farid,Particulier,Actif,Compte courant,42,Biskra,Santé,Crédit équipement,19.6,224500.0,167300.0,649000.0,12000.0,60,4.05,72.8,0.436,2,0,60,2,22.0,-164400.0,63.2
BNA002192,Larbi,Oussama,PME,Actif,Compte courant,44,Oran,Pharmacie,Crédit immobilier,5.9,1218600.0,603300.0,4046000.0,79200.0,60,6.5,87.1,0.734,4,0,30,1,37.5,1175400.0,114.7
BNA002193,Nouri,Mohamed,Particulier,Actif,Compte entreprise,42,Béjaïa,Santé,Crédit d'investissement,4.5,163800.0,103300.0,1924000.0,39500.0,60,8.51,42.8,0.25,3,1,15,0,30.9,61600.0,52.1
BNA002194,Belaid,Rachid,Particulier,Actif,Compte courant,26,Blida,BTPH,Crédit d'exploitation,0.9,99600.0,51200.0,1168000.0,52300.0,24,6.98,77.5,0.749,1,0,120,1,33.6,232200.0,58.5
BNA002195,Djelloul,Amine,Particulier,Actif,Compte entreprise,45,Béjaïa,Transport,Crédit d'exploitation,15.5,117000.0,21600.0,593000.0,10400.0,72,8.11,13.7,0.749,0,0,5,0,32.6,306900.0,114.4
BNA002196,Mansouri,Ahmed,Professionnel,Actif,Compte courant,35,Blida,Services,Crédit personnel,8.0,223200.0,153900.0,2082000.0,50700.0,48,7.92,77.4,0.296,2,0,90,0,49.2,-76800.0,97.2
BNA002197,Yahiaoui,Nabil,Particulier,Actif,Compte professionnel,32,Laghouat,Agriculture,Crédit personnel,9.7,68100.0,47400.0,697000.0,21100.0,36,5.51,60.9,0.541,2,1,5,4,43.1,6600.0,58.1
BNA002198,Khelifi,Samir,Particulier,Actif,Compte courant,52,Constantine,Pharmacie,Crédit d'investissement,12.3,98500.0,25700.0,668000.0,15000.0,48,3.69,74.2,0.508,0,1,120,1,50.8,-84000.0,32.4
BNA002199,Cherif,Samir,Particulier,Actif,Compte courant,24,Batna,Services,Crédit d'exploitation,18.4,223100.0,38300.0,1726000.0,50700.0,36,3.64,35.7,0.882,2,0,0,1,28.4,411600.0,11.8
BNA002200,Benali,Bilal,Particulier,Actif,Compte courant,38,Alger,Commerce,Crédit immobilier,8.2,83100.0,24300.0,538000.0,9700.0,60,3.31,36.5,0.973,0,0,0,2,26.3,74000.0,145.8
BNA002201,Hadji,Aymen,Professionnel,Actif,Compte épargne,29,Blida,BTPH,Crédit équipement,7.6,280400.0,35300.0,2050000.0,48000.0,48,5.89,27.4,0.945,0,0,0,0,15.5,289300.0,36.7
BNA002202,Khelifi,Rachid,PME,Actif,Compte entreprise,27,Sétif,Commerce,Crédit personnel,11.4,239300.0,54300.0,1251000.0,26600.0,60,10.03,32.9,0.807,0,0,10,2,18.5,530200.0,92.3
BNA002203,Nouri,Adel,PME,Actif,Compte épargne,61,Annaba,Commerce,Crédit d'exploitation,19.5,877500.0,686700.0,7271000.0,335400.0,24,9.96,89.9,0.167,2,0,30,3,25.2,-616600.0,100.3
BNA002204,Belaid,Anis,PME,Actif,Compte courant,55,Laghouat,Transport,Crédit personnel,6.4,1007200.0,290700.0,11082000.0,147500.0,84,3.21,77.6,0.208,3,1,90,4,32.4,-1052300.0,80.2
BNA002205,Meziane,Mourad,Particulier,Inactif,Compte courant,45,Béjaïa,Commerce,Crédit immobilier,11.9,71900.0,19600.0,561000.0,17000.0,36,5.63,96.7,0.343,1,1,10,2,19.6,94800.0,57.2
BNA002206,Nouri,Abdelkader,Professionnel,Actif,Compte entreprise,27,Alger,Santé,Crédit équipement,2.4,437300.0,219500.0,3286000.0,144000.0,24,4.9,62.4,0.405,2,1,90,2,45.2,-396300.0,53.9
BNA002207,Rahmani,Anis,Particulier,Actif,Compte courant,33,Constantine,Services,Crédit d'exploitation,20.0,82500.0,31200.0,499000.0,9100.0,72,9.56,78.8,0.451,0,1,0,0,58.4,-20000.0,94.1
BNA002208,Amrani,Nassim,Particulier,Actif,Compte entreprise,23,Annaba,Agriculture,Crédit d'investissement,3.4,44200.0,15000.0,612000.0,17800.0,36,3.06,43.9,0.784,1,0,5,0,26.0,40200.0,129.2
BNA002209,Touati,Samir,Particulier,Actif,Compte épargne,60,Blida,Services,Crédit équipement,13.5,66600.0,30400.0,624000.0,15900.0,48,10.13,58.4,0.313,0,0,90,2,63.8,-37400.0,54.3
BNA002210,Saidi,Walid,PME,Actif,Compte épargne,49,Djelfa,Commerce,Crédit d'exploitation,4.3,1407700.0,228300.0,9444000.0,210700.0,48,3.4,14.5,0.808,0,0,0,0,15.5,4313900.0,90.4
BNA002211,Yahiaoui,Hichem,Particulier,Actif,Compte entreprise,33,Sétif,Transport,Crédit immobilier,11.3,50300.0,38300.0,214000.0,9600.0,24,7.45,57.8,0.087,1,2,150,1,26.5,7900.0,22.7
BNA002212,Mansouri,Mourad,PME,Actif,Compte entreprise,36,Alger,Agriculture,Crédit d'exploitation,8.3,874200.0,397800.0,11963000.0,283500.0,48,6.47,91.7,0.209,1,0,15,0,70.7,915000.0,70.7
BNA002213,Nouri,Amine,PME,Actif,Compte courant,58,Blida,BTPH,Crédit équipement,12.5,555900.0,157500.0,1634000.0,24800.0,84,7.21,10.3,0.577,0,0,0,0,28.9,362200.0,58.3
BNA002214,Brahimi,Kamel,Particulier,Actif,Compte épargne,56,Oran,Services,Crédit équipement,5.0,151700.0,77100.0,2423000.0,51000.0,60,9.59,69.1,0.806,2,2,30,3,44.7,-27200.0,96.1
BNA002215,Nouri,Bilal,Professionnel,Actif,Compte courant,40,Laghouat,Services,Crédit équipement,9.5,152700.0,90200.0,718000.0,17500.0,48,7.9,82.9,0.664,1,1,0,3,21.4,81900.0,68.0
BNA002216,Benali,Walid,Particulier,Actif,Compte épargne,60,Oran,BTPH,Crédit immobilier,13.0,80100.0,37800.0,722000.0,17900.0,48,8.74,82.3,0.282,1,0,30,2,37.2,-50000.0,100.4
BNA002217,Benali,Imad,PME,Actif,Compte professionnel,29,Biskra,Transport,Crédit d'exploitation,4.8,712400.0,459500.0,3847000.0,57600.0,84,6.75,81.8,0.22,2,1,5,2,46.0,-865400.0,71.2
BNA002218,Larbi,Youcef,Particulier,Actif,Compte courant,51,Béjaïa,Agriculture,Crédit d'investissement,4.7,60700.0,32000.0,212000.0,5100.0,48,7.02,94.0,0.494,0,1,5,3,24.3,85300.0,61.1
BNA002219,Ferhat,Salim,Particulier,Actif,Compte courant,34,Laghouat,Pharmacie,Crédit d'exploitation,3.1,168400.0,41200.0,1191000.0,26800.0,48,3.74,40.3,0.697,0,0,0,0,26.0,321600.0,100.1
BNA002220,Bensalem,Nassim,Professionnel,Actif,Compte courant,57,Béjaïa,Transport,Crédit personnel,6.7,144700.0,52700.0,1039000.0,18700.0,60,3.14,82.2,0.505,1,1,5,0,39.4,-228200.0,83.0
BNA002221,Khelifi,Farid,PME,Actif,Compte courant,49,Tlemcen,Transport,Crédit d'exploitation,4.7,937200.0,155400.0,10144000.0,182900.0,60,3.14,34.8,0.737,0,0,0,0,4.0,2101500.0,90.8
BNA002222,Slimani,Samir,PME,Actif,Compte épargne,48,Blida,Pharmacie,Crédit équipement,11.2,466000.0,182700.0,2135000.0,40300.0,60,5.05,85.3,0.636,1,0,10,2,34.0,721600.0,71.8
BNA002223,Belkacem,Hichem,PME,Actif,Compte courant,38,Blida,Services,Crédit personnel,2.1,776300.0,540500.0,3944000.0,64000.0,84,9.29,53.5,0.12,2,0,45,0,48.5,895100.0,51.6
BNA002224,Mebarki,Karim,Particulier,Actif,Compte professionnel,42,Oran,Pharmacie,Crédit personnel,2.6,176000.0,71600.0,1503000.0,38200.0,48,10.16,87.1,0.281,1,0,30,4,26.1,121300.0,57.7
BNA002225,Khelifi,Karim,Particulier,Actif,Compte courant,36,Sétif,Santé,Crédit personnel,3.7,53600.0,27500.0,219000.0,9700.0,24,5.83,74.6,0.514,4,1,150,0,37.0,-17600.0,50.4
BNA002226,Meziane,Mourad,PME,Actif,Compte courant,58,Constantine,Santé,Crédit personnel,7.1,332300.0,58100.0,1440000.0,34500.0,48,7.09,26.0,0.905,0,1,5,0,17.5,721500.0,112.0
BNA002227,Belkacem,Walid,Particulier,Actif,Compte entreprise,43,Tlemcen,BTPH,Crédit équipement,7.8,138700.0,19700.0,592000.0,18900.0,36,9.37,39.4,0.806,0,0,0,0,24.3,83100.0,100.8
BNA002228,Meziane,Samir,Grande Entreprise,Actif,Compte épargne,42,Batna,Transport,Crédit immobilier,11.7,2839000.0,1282000.0,27345000.0,683000.0,48,9.19,74.0,0.329,3,0,90,0,45.1,-2880100.0,53.0
BNA002229,Gacem,Zakaria,PME,Actif,Compte professionnel,63,Laghouat,Transport,Crédit d'investissement,3.5,3582500.0,1321800.0,8630000.0,383800.0,24,6.34,59.2,0.204,0,0,90,1,36.2,4534600.0,100.2
BNA002230,Amrani,Ilyes,PME,Actif,Compte courant,33,Biskra,Santé,Crédit personnel,4.0,921000.0,478100.0,5165000.0,105900.0,60,8.49,85.0,0.516,5,1,90,4,41.1,580900.0,92.3
BNA002231,Benali,Imad,Particulier,Actif,Compte courant,51,Annaba,Santé,Crédit d'investissement,4.0,99700.0,41000.0,564000.0,25100.0,24,6.6,2.0,0.652,2,0,0,0,9.9,77200.0,131.2
BNA002232,Saidi,Hichem,Particulier,Actif,Compte professionnel,50,Constantine,Santé,Crédit d'investissement,5.2,216900.0,134600.0,1685000.0,51400.0,36,6.17,78.1,0.433,3,1,15,4,43.7,-75900.0,62.9
BNA002233,Brahimi,Farid,PME,Actif,Compte courant,39,Batna,Pharmacie,Crédit personnel,20.0,355200.0,239100.0,3154000.0,65900.0,60,9.3,56.5,0.293,1,1,180,3,59.6,959300.0,53.0
BNA002234,Gacem,Mohamed,Particulier,Actif,Compte professionnel,53,Biskra,Commerce,Crédit d'investissement,3.7,67300.0,26100.0,819000.0,19300.0,48,6.28,39.5,0.11,0,1,30,1,52.7,41500.0,50.3
BNA002235,Amrani,Riad,Particulier,Actif,Compte épargne,64,Djelfa,Commerce,Crédit personnel,11.3,97700.0,66500.0,221000.0,3600.0,84,9.02,80.7,0.454,3,0,30,0,39.7,-169500.0,40.4
BNA002236,Yahiaoui,Samir,Professionnel,Actif,Compte épargne,40,Alger,Services,Crédit d'investissement,4.5,172200.0,63600.0,1176000.0,29500.0,48,9.5,19.0,0.683,0,0,10,0,30.3,-16100.0,113.6
BNA002237,Mokhtar,Sofiane,Particulier,Actif,Compte courant,52,Blida,Industrie,Crédit d'investissement,9.8,86700.0,25200.0,470000.0,11900.0,48,9.73,14.0,0.839,0,0,0,0,4.0,186700.0,77.5
BNA002238,Larbi,Salim,PME,Actif,Compte courant,25,Annaba,Transport,Crédit personnel,4.7,712700.0,144900.0,2924000.0,74100.0,48,9.95,15.7,0.702,0,0,0,0,26.7,1229700.0,158.2
BNA002239,Nouri,Adel,Particulier,Actif,Compte courant,50,Djelfa,Commerce,Crédit d'investissement,2.9,67700.0,20100.0,701000.0,14900.0,60,9.93,23.4,0.666,1,0,10,0,10.2,150000.0,123.5
BNA002240,Khelifi,Nassim,Particulier,Actif,Compte courant,47,Constantine,Commerce,Crédit d'exploitation,1.3,98300.0,40700.0,297000.0,6000.0,60,7.93,84.9,0.035,2,2,15,0,52.6,8500.0,36.4
BNA002241,Dahmani,Tarek,PME,Actif,Compte épargne,44,Alger,Transport,Crédit personnel,4.9,340800.0,77600.0,1702000.0,41800.0,48,8.28,50.0,0.955,0,1,0,0,17.9,901900.0,112.6
BNA002242,Saidi,Salim,Particulier,Actif,Compte courant,55,Biskra,Agriculture,Crédit immobilier,12.7,116800.0,85200.0,3215000.0,79100.0,48,8.41,80.3,0.166,2,1,180,0,32.4,-98500.0,53.8
BNA002243,Yahiaoui,Nabil,PME,Actif,Compte courant,51,Blida,Industrie,Crédit immobilier,4.9,1359500.0,542600.0,11158000.0,228400.0,60,8.4,90.0,0.433,2,0,30,4,48.1,-1275300.0,63.5
BNA002244,Mokhtar,Nabil,Particulier,Actif,Compte professionnel,38,Constantine,Services,Crédit d'investissement,1.4,127600.0,42200.0,1057000.0,89600.0,12,3.17,40.4,0.55,0,0,0,0,24.9,233900.0,174.2
BNA002245,Rahmani,Rachid,Particulier,Actif,Compte professionnel,46,Sétif,Transport,Crédit immobilier,4.4,98000.0,33900.0,998000.0,86800.0,12,7.97,44.3,0.929,1,0,0,0,9.9,157600.0,164.3
BNA002246,Ferhat,Ibrahim,PME,Actif,Compte professionnel,34,Laghouat,Commerce,Crédit d'exploitation,2.5,724400.0,175700.0,2635000.0,51400.0,60,6.37,23.2,0.788,0,0,0,0,11.0,1118100.0,93.2
BNA002247,Gacem,Zakaria,Particulier,Actif,Compte entreprise,30,Constantine,Transport,Crédit équipement,5.8,205000.0,119100.0,1291000.0,26600.0,60,8.62,65.6,0.449,2,0,180,1,43.6,248000.0,27.6
BNA002248,Djelloul,Mohamed,Particulier,Actif,Compte épargne,41,Laghouat,BTPH,Crédit équipement,5.0,47700.0,24800.0,609000.0,12900.0,60,9.81,86.6,0.165,2,0,5,1,27.1,71900.0,65.2
BNA002249,Rahmani,Walid,Particulier,Actif,Compte courant,42,Oran,Agriculture,Crédit équipement,2.7,218600.0,94700.0,1933000.0,39200.0,60,8.02,68.2,0.282,2,1,180,0,58.9,241300.0,77.8
BNA002250,Chibani,Nabil,PME,Actif,Compte épargne,36,Béjaïa,Industrie,Crédit d'exploitation,2.8,556300.0,252000.0,2686000.0,64600.0,48,7.2,92.9,0.439,2,0,60,2,60.1,-181300.0,65.0
BNA002251,Brahimi,Amine,PME,Actif,Compte courant,29,Alger,Agriculture,Crédit immobilier,2.1,491900.0,209000.0,4842000.0,94800.0,60,6.52,90.9,0.549,3,0,5,0,45.9,309700.0,55.3
BNA002252,Gacem,Tarek,Particulier,Actif,Compte courant,25,Annaba,Transport,Crédit équipement,3.6,160700.0,113500.0,1811000.0,46100.0,48,10.23,73.5,0.254,2,1,150,3,25.8,174200.0,0.0
BNA002253,Chibani,Ilyes,Grande Entreprise,Actif,Compte courant,45,Blida,BTPH,Crédit personnel,6.2,865300.0,513100.0,6548000.0,160100.0,48,8.09,88.1,0.534,1,2,0,4,36.1,-189900.0,121.4
BNA002254,Djelloul,Mourad,Professionnel,Actif,Compte entreprise,40,Djelfa,Transport,Crédit d'investissement,1.7,160500.0,115400.0,1102000.0,18300.0,72,6.13,77.6,0.454,0,1,0,1,62.2,-89700.0,79.2
BNA002255,Guediri,Ibrahim,Grande Entreprise,Actif,Compte entreprise,48,Djelfa,Industrie,Crédit immobilier,9.1,2579300.0,1337300.0,9266000.0,199100.0,60,10.48,77.3,0.158,1,0,15,0,27.2,1966000.0,69.0
BNA002256,Cherif,Amine,Professionnel,Actif,Compte courant,32,Béjaïa,Commerce,Crédit équipement,7.3,329500.0,67300.0,1201000.0,35900.0,36,4.8,2.0,0.873,0,0,15,0,5.3,544100.0,98.9
BNA002257,Ferhat,Adel,Professionnel,Actif,Compte entreprise,64,Djelfa,Agriculture,Crédit d'exploitation,5.3,165000.0,30800.0,2244000.0,65800.0,36,3.55,19.1,0.663,0,0,0,0,15.7,369100.0,116.4
BNA002258,Mansouri,Abdelkader,PME,Actif,Compte épargne,62,Annaba,Pharmacie,Crédit d'investissement,6.3,461400.0,94300.0,5153000.0,167200.0,36,10.39,33.8,0.895,0,0,0,1,12.5,1765000.0,177.0
BNA002259,Rahmani,Adel,PME,Actif,Compte épargne,37,Sétif,BTPH,Crédit équipement,4.6,166200.0,78200.0,1043000.0,18600.0,72,8.64,85.5,0.451,1,2,60,3,48.3,83600.0,61.6
BNA002260,Djelloul,Tarek,PME,Actif,Compte courant,51,Djelfa,Industrie,Crédit d'investissement,0.7,727500.0,425000.0,3218000.0,60500.0,60,4.81,70.8,0.14,1,3,45,2,31.4,1017400.0,45.6
BNA002261,Dahmani,Hichem,Particulier,Actif,Compte professionnel,37,Annaba,Services,Crédit immobilier,15.9,141200.0,72000.0,2397000.0,47500.0,60,7.0,79.0,0.634,1,0,90,1,56.9,77000.0,49.4
BNA002262,Slimani,Ilyes,Professionnel,Inactif,Compte épargne,63,Béjaïa,Industrie,Crédit personnel,5.5,218900.0,61000.0,7217000.0,143300.0,60,7.12,9.2,0.411,0,0,5,1,15.0,934200.0,140.5
BNA002263,Khelifi,Rachid,Particulier,Actif,Compte entreprise,52,Blida,Industrie,Crédit d'investissement,18.0,120300.0,24700.0,703000.0,14400.0,60,8.38,24.6,0.37,0,0,0,0,24.1,488600.0,124.2
BNA002264,Haddad,Yacine,PME,Actif,Compte courant,35,Alger,Transport,Crédit équipement,4.3,1221800.0,674900.0,9533000.0,183500.0,60,5.82,96.2,0.57,1,1,60,2,29.3,-487400.0,74.5
BNA002265,Mokhtar,Imad,Particulier,Actif,Compte courant,53,Blida,Commerce,Crédit équipement,1.8,102600.0,18800.0,567000.0,10200.0,72,9.07,11.8,0.615,0,0,0,1,23.3,214600.0,55.3
BNA002266,Brahimi,Youcef,Grande Entreprise,Actif,Compte courant,47,Biskra,Transport,Crédit d'exploitation,4.6,766400.0,471500.0,2794000.0,66200.0,48,6.42,83.7,0.082,4,2,90,3,21.6,1083900.0,21.8
BNA002267,Chibani,Karim,Particulier,Actif,Compte épargne,40,Tlemcen,Pharmacie,Crédit personnel,7.0,36700.0,15000.0,311000.0,7800.0,48,9.38,67.0,0.573,1,1,45,3,44.7,-22700.0,109.7
BNA002268,Cherif,Samir,Particulier,Actif,Compte courant,53,Blida,BTPH,Crédit d'investissement,6.0,48500.0,20400.0,200000.0,3100.0,84,7.86,32.3,0.936,1,0,0,0,15.4,168700.0,72.1
BNA002269,Belaid,Nabil,Particulier,Actif,Compte professionnel,23,Laghouat,Pharmacie,Crédit d'exploitation,8.7,73600.0,56800.0,542000.0,9200.0,72,6.79,73.0,0.527,0,0,90,4,40.0,-33000.0,86.3
BNA002270,Dahmani,Ibrahim,Particulier,Actif,Compte courant,53,Sétif,Pharmacie,Crédit immobilier,5.0,181600.0,100200.0,1942000.0,48400.0,48,9.1,80.0,0.247,4,1,15,4,50.6,23800.0,70.2
BNA002271,Slimani,Amine,PME,Actif,Compte courant,52,Constantine,Agriculture,Crédit immobilier,11.0,227600.0,160500.0,2483000.0,59700.0,48,7.23,100.0,0.818,3,0,30,1,11.9,61200.0,78.1
BNA002272,Amrani,Oussama,Particulier,Actif,Compte professionnel,23,Constantine,Services,Crédit équipement,7.9,183600.0,107700.0,1410000.0,42700.0,36,5.66,74.6,0.294,0,1,30,3,50.1,-109000.0,65.2
BNA002273,Boudiaf,Karim,Particulier,Actif,Compte épargne,29,Oran,Santé,Crédit personnel,1.9,55100.0,15000.0,1226000.0,37800.0,36,6.98,14.9,0.713,0,0,0,0,17.4,7100.0,164.0
BNA002274,Amrani,Ahmed,Professionnel,Actif,Compte courant,39,Laghouat,Agriculture,Crédit d'exploitation,8.9,161600.0,39500.0,2884000.0,72800.0,48,9.74,43.7,0.771,0,0,0,0,13.3,218400.0,110.0
BNA002275,Dahmani,Farid,Particulier,Actif,Compte épargne,43,Sétif,BTPH,Crédit d'exploitation,0.4,92300.0,38800.0,658000.0,9600.0,84,6.09,69.4,0.161,3,2,90,0,55.0,-16400.0,78.2
BNA002276,Meziane,Riad,Particulier,Actif,Compte courant,28,Sétif,Commerce,Crédit d'investissement,5.3,89500.0,52300.0,1065000.0,26100.0,48,8.12,40.4,0.374,1,0,15,3,34.6,-23700.0,110.0
BNA002277,Zerrouki,Ilyes,Particulier,Actif,Compte courant,47,Sétif,Agriculture,Crédit personnel,11.1,149600.0,82500.0,1271000.0,19700.0,72,3.72,60.4,0.215,1,1,150,1,56.8,-38200.0,84.9
BNA002278,Bensalem,Karim,Professionnel,Actif,Compte courant,40,Djelfa,BTPH,Crédit d'exploitation,2.4,155200.0,58800.0,2690000.0,52100.0,60,6.11,27.1,0.753,0,0,0,0,13.3,393000.0,138.8
BNA002279,Slimani,Mohamed,Particulier,Inactif,Compte courant,26,Alger,Industrie,Crédit d'exploitation,10.5,48800.0,36100.0,570000.0,12800.0,48,3.69,78.7,0.546,4,0,45,1,32.0,6700.0,64.8
BNA002280,Mokhtar,Farid,PME,Actif,Compte courant,50,Béjaïa,Commerce,Crédit immobilier,2.6,494300.0,217400.0,3525000.0,75200.0,60,10.17,23.2,0.807,1,0,0,0,23.2,961600.0,166.8
BNA002281,Boudiaf,Zakaria,PME,Actif,Compte courant,44,Constantine,Agriculture,Crédit immobilier,13.5,568000.0,199000.0,3642000.0,63400.0,72,7.74,44.5,0.728,0,0,0,0,38.5,1770500.0,108.7
BNA002282,Belkacem,Farid,PME,Actif,Compte courant,46,Constantine,Commerce,Crédit équipement,4.6,412800.0,271400.0,1798000.0,34200.0,60,5.28,75.8,0.567,1,0,120,0,30.9,224700.0,58.6
BNA002283,Zerrouki,Oussama,Particulier,Actif,Compte courant,53,Annaba,Pharmacie,Crédit personnel,6.1,75400.0,40000.0,806000.0,24400.0,36,5.76,76.1,0.16,0,1,60,2,29.9,6600.0,81.0
BNA002284,Belaid,Abdelkader,PME,Actif,Compte épargne,27,Djelfa,Services,Crédit d'investissement,2.1,298700.0,187300.0,2413000.0,206200.0,12,4.67,85.9,0.315,1,0,90,1,31.7,-75400.0,70.1
BNA002285,Benyahia,Tarek,Grande Entreprise,Actif,Compte courant,44,Alger,Pharmacie,Crédit d'exploitation,4.4,2611500.0,1632600.0,15397000.0,480100.0,36,7.66,64.3,0.2,1,2,0,3,39.5,2455100.0,31.7
BNA002286,Bensalem,Sofiane,Particulier,Actif,Compte épargne,54,Constantine,Industrie,Crédit immobilier,8.2,84200.0,22200.0,762000.0,24200.0,36,8.83,20.7,0.895,2,0,0,0,24.5,202000.0,61.7
BNA002287,Chibani,Kamel,Particulier,Actif,Compte courant,33,Djelfa,Industrie,Crédit personnel,9.2,93100.0,67600.0,632000.0,18900.0,36,5.01,69.8,0.566,0,0,120,1,52.2,-17700.0,52.9
BNA002288,Mebarki,Farid,Particulier,Actif,Compte entreprise,35,Sétif,BTPH,Crédit d'exploitation,9.8,94600.0,66800.0,573000.0,11300.0,60,6.92,87.1,0.401,1,1,90,0,4.0,25700.0,50.8
BNA002289,Brahimi,Samir,Particulier,Actif,Compte courant,28,Sétif,Santé,Crédit d'exploitation,10.7,74600.0,52600.0,740000.0,13600.0,72,9.84,69.6,0.483,5,1,10,1,25.9,59700.0,17.9
BNA002290,Mansouri,Oussama,PME,Actif,Compte épargne,27,Béjaïa,Pharmacie,Crédit immobilier,4.3,437600.0,324400.0,1883000.0,25500.0,84,3.7,80.5,0.475,0,1,90,0,33.3,-809300.0,10.4
BNA002291,Belaid,Walid,Particulier,Actif,Compte courant,26,Biskra,Agriculture,Crédit immobilier,1.9,122500.0,34200.0,1018000.0,19700.0,60,6.11,73.6,0.718,0,0,15,0,43.7,-233800.0,92.5
BNA002292,Boudiaf,Ahmed,Professionnel,Actif,Compte courant,33,Béjaïa,BTPH,Crédit d'investissement,4.2,159800.0,73700.0,2084000.0,39000.0,60,4.64,84.5,0.172,2,1,15,1,36.2,-45500.0,79.3
BNA002293,Meziane,Abdelkader,Particulier,Actif,Compte entreprise,59,Djelfa,Industrie,Crédit d'exploitation,1.8,62000.0,38100.0,440000.0,7200.0,72,5.54,72.7,0.225,2,0,180,4,57.2,-80700.0,67.5
BNA002294,Slimani,Ibrahim,Particulier,Actif,Compte épargne,25,Constantine,Commerce,Crédit immobilier,2.0,145400.0,86300.0,2998000.0,41800.0,84,4.56,50.8,0.258,3,0,30,1,35.0,112500.0,88.3
BNA002295,Mebarki,Walid,Professionnel,Actif,Compte entreprise,47,Alger,Industrie,Crédit personnel,3.3,305600.0,136700.0,1879000.0,34800.0,72,9.99,48.6,0.259,0,0,30,1,37.8,21000.0,83.7
BNA002296,Bensalem,Zakaria,Particulier,Actif,Compte professionnel,32,Sétif,Commerce,Crédit immobilier,9.5,107400.0,60500.0,689000.0,12700.0,72,9.81,71.9,0.519,5,0,15,1,63.4,-25900.0,136.5
BNA002297,Mansouri,Zakaria,Particulier,Actif,Compte épargne,42,Béjaïa,Commerce,Crédit personnel,7.3,136700.0,66300.0,1201000.0,21700.0,60,3.24,80.6,0.322,2,2,10,2,44.0,277100.0,59.6
BNA002298,Bensalem,Yacine,Particulier,Actif,Compte courant,34,Blida,Services,Crédit personnel,9.1,80000.0,44300.0,526000.0,8700.0,72,5.97,64.1,0.318,0,1,60,1,35.3,15700.0,68.9
BNA002299,Saidi,Walid,Professionnel,Actif,Compte courant,52,Tlemcen,Transport,Crédit d'exploitation,8.8,109700.0,18800.0,1241000.0,24100.0,60,6.19,52.6,0.538,0,0,0,2,30.0,155100.0,68.6
BNA002300,Belaid,Ibrahim,Particulier,Actif,Compte entreprise,24,Biskra,Transport,Crédit personnel,1.5,130800.0,92300.0,1068000.0,17300.0,84,9.26,66.5,0.352,1,0,120,2,64.4,18800.0,83.8
BNA002301,Rahmani,Mourad,Particulier,Actif,Compte courant,54,Blida,Industrie,Crédit d'investissement,1.2,66000.0,35800.0,467000.0,8500.0,72,9.32,62.9,0.198,1,1,90,3,46.9,-57900.0,96.6
BNA002302,Mokhtar,Karim,Professionnel,Actif,Compte professionnel,61,Oran,Services,Crédit d'exploitation,11.9,455200.0,125800.0,3467000.0,56400.0,72,5.33,21.7,0.79,0,0,0,2,26.1,1966300.0,75.9
BNA002303,Saidi,Oussama,Professionnel,Actif,Compte courant,60,Blida,Pharmacie,Crédit d'investissement,13.9,219700.0,159400.0,2384000.0,72600.0,36,6.04,67.6,0.229,3,2,0,2,58.4,128900.0,19.0
BNA002304,Saidi,Nassim,Grande Entreprise,Actif,Compte épargne,52,Batna,Industrie,Crédit immobilier,5.5,1427300.0,467600.0,6970000.0,147400.0,60,9.79,57.4,0.364,2,0,60,1,43.4,1273600.0,45.2
BNA002305,Bensalem,Samir,PME,Actif,Compte courant,62,Annaba,Commerce,Crédit immobilier,13.0,547600.0,211400.0,3181000.0,138700.0,24,4.4,27.8,0.819,0,0,0,0,24.5,306900.0,87.4
BNA002306,Touati,Tarek,Particulier,Actif,Compte courant,49,Laghouat,Industrie,Crédit équipement,3.1,83300.0,37300.0,1226000.0,56000.0,24,8.95,83.4,0.383,1,2,90,1,51.2,65900.0,81.4
BNA002307,Guediri,Anis,Professionnel,Actif,Compte courant,23,Biskra,Transport,Crédit équipement,5.9,173100.0,73700.0,634000.0,12400.0,60,6.33,76.7,0.409,1,1,150,0,49.7,265300.0,37.7
BNA002308,Cherif,Kamel,Particulier,Actif,Compte courant,59,Batna,Agriculture,Crédit d'exploitation,5.6,61500.0,38800.0,552000.0,8300.0,84,7.04,66.7,0.196,1,2,5,1,37.5,33300.0,55.2
BNA002309,Saidi,Zakaria,PME,Actif,Compte épargne,54,Annaba,BTPH,Crédit d'investissement,10.7,390800.0,254800.0,1941000.0,60000.0,36,7.1,82.5,0.678,0,0,30,0,38.8,-152300.0,80.6
BNA002310,Rahmani,Zakaria,Professionnel,Actif,Compte professionnel,54,Annaba,Agriculture,Crédit d'investissement,12.5,190000.0,87000.0,1208000.0,55500.0,24,9.56,78.3,0.693,3,0,10,0,31.9,60500.0,82.8
BNA002311,Bensalem,Imad,Particulier,Actif,Compte courant,35,Sétif,Commerce,Crédit immobilier,5.8,52800.0,15000.0,400000.0,7100.0,72,8.59,25.1,0.534,0,0,0,0,25.1,129000.0,114.9
BNA002312,Yahiaoui,Aymen,Particulier,Inactif,Compte courant,43,Batna,Transport,Crédit équipement,9.6,123700.0,31400.0,1486000.0,45900.0,36,6.97,30.2,0.717,0,0,0,0,24.4,195900.0,95.1
BNA002313,Slimani,Abdelkader,Particulier,Actif,Compte courant,56,Sétif,Transport,Crédit d'exploitation,4.1,44200.0,30200.0,369000.0,10700.0,36,3.04,82.6,0.464,2,0,0,2,29.4,-26600.0,69.7
BNA002314,Cherif,Anis,Professionnel,Actif,Compte épargne,32,Béjaïa,Pharmacie,Crédit d'exploitation,6.9,353800.0,129700.0,2291000.0,53200.0,48,5.38,37.1,0.915,0,0,0,0,28.0,1110800.0,108.7
BNA002315,Gacem,Walid,Particulier,Actif,Compte entreprise,63,Djelfa,Pharmacie,Crédit d'exploitation,5.0,152300.0,28100.0,1111000.0,25000.0,48,3.84,57.8,0.183,1,1,60,1,56.4,-72800.0,47.9
BNA002316,Benyahia,Hichem,PME,Actif,Compte épargne,29,Oran,Industrie,Crédit équipement,6.1,921600.0,135800.0,16015000.0,332400.0,60,8.99,40.8,0.75,0,0,0,0,25.7,2890000.0,135.9
BNA002317,Brahimi,Oussama,Particulier,Actif,Compte épargne,59,Djelfa,Transport,Crédit d'exploitation,9.0,43800.0,15000.0,500000.0,10400.0,60,8.96,15.8,0.73,0,0,0,0,39.6,39200.0,64.4
BNA002318,Mokhtar,Salim,PME,Actif,Compte courant,24,Tlemcen,Agriculture,Crédit d'investissement,4.1,1444100.0,1193600.0,8082000.0,350100.0,24,3.77,74.8,0.451,3,0,0,7,60.7,802000.0,74.4
BNA002319,Belkacem,Oussama,Particulier,Actif,Compte courant,26,Sétif,Services,Crédit personnel,11.8,114400.0,79100.0,1128000.0,33700.0,36,4.88,53.2,0.224,1,0,60,2,52.0,-174500.0,20.1
BNA002320,Slimani,Ilyes,Professionnel,Actif,Compte entreprise,29,Blida,Santé,Crédit équipement,2.2,245000.0,76400.0,4017000.0,119600.0,36,4.56,13.8,0.813,1,0,0,0,6.5,943100.0,117.4
BNA002321,Benyahia,Islam,PME,Actif,Compte épargne,25,Tlemcen,Agriculture,Crédit personnel,4.0,850900.0,300800.0,7507000.0,156900.0,60,9.29,36.7,0.475,1,0,0,0,11.2,3119000.0,88.5
BNA002322,Bensalem,Hichem,Professionnel,Actif,Compte épargne,33,Oran,Industrie,Crédit d'exploitation,9.5,301800.0,156200.0,5109000.0,95500.0,60,4.62,76.1,0.354,0,1,120,2,33.9,363600.0,70.5
BNA002323,Saidi,Nassim,Particulier,Actif,Compte professionnel,33,Annaba,Transport,Crédit d'exploitation,8.6,95200.0,30500.0,529000.0,12400.0,48,5.98,37.4,0.785,1,0,0,0,23.6,292600.0,85.2
BNA002324,Djelloul,Ibrahim,Professionnel,Actif,Compte épargne,64,Blida,Services,Crédit équipement,6.7,228600.0,87900.0,1729000.0,28300.0,72,5.56,17.9,0.692,1,0,10,0,16.5,636500.0,53.8
BNA002325,Zerrouki,Ibrahim,PME,Actif,Compte courant,40,Blida,Services,Crédit d'exploitation,6.6,801400.0,339300.0,6133000.0,126300.0,60,8.66,81.0,0.429,2,0,90,3,71.1,-437700.0,78.1
BNA002326,Saidi,Adel,Particulier,Actif,Compte professionnel,34,Biskra,Transport,Crédit d'investissement,5.3,104800.0,70300.0,2365000.0,71400.0,36,5.45,90.5,0.852,2,1,60,3,58.2,99500.0,74.9
BNA002327,Haddad,Samir,Particulier,Actif,Compte courant,51,Béjaïa,BTPH,Crédit personnel,1.1,67900.0,46200.0,486000.0,15100.0,36,7.21,87.0,0.27,1,2,10,1,60.4,67600.0,69.5
BNA002328,Meziane,Anis,Grande Entreprise,Actif,Compte courant,57,Laghouat,Services,Crédit personnel,3.0,3879400.0,2014400.0,24555000.0,754700.0,36,6.69,58.3,0.574,4,1,60,2,30.0,569300.0,89.7
BNA002329,Gacem,Bilal,PME,Actif,Compte professionnel,41,Alger,Commerce,Crédit d'exploitation,8.1,1374300.0,811500.0,5801000.0,141700.0,48,8.03,100.0,0.421,1,0,45,0,35.8,-1553000.0,29.2
BNA002330,Chibani,Abdelkader,Grande Entreprise,Actif,Compte entreprise,48,Laghouat,Industrie,Crédit immobilier,8.3,3313600.0,1760300.0,31371000.0,435000.0,84,4.42,89.4,0.245,2,1,15,3,48.5,2615800.0,74.9
BNA002331,Belaid,Hichem,Particulier,Actif,Compte courant,65,Alger,Pharmacie,Crédit personnel,0.8,71700.0,51900.0,347000.0,8400.0,48,7.39,90.9,0.342,1,2,0,2,44.3,84500.0,100.0
BNA002332,Touati,Aymen,Particulier,Actif,Compte courant,59,Djelfa,Industrie,Crédit personnel,9.0,62400.0,20900.0,497000.0,12200.0,48,8.28,40.6,0.362,0,1,30,1,54.1,116500.0,46.7
BNA002333,Djelloul,Mohamed,Particulier,Actif,Compte professionnel,23,Laghouat,Services,Crédit d'exploitation,8.8,89500.0,64700.0,389000.0,17200.0,24,5.83,68.0,0.664,1,1,0,2,52.9,-3400.0,69.0
BNA002334,Larbi,Ahmed,PME,Actif,Compte courant,29,Batna,BTPH,Crédit d'investissement,3.2,315600.0,131000.0,2203000.0,97000.0,24,5.36,82.3,0.842,1,1,120,3,31.3,-43700.0,21.2
BNA002335,Meziane,Adel,PME,Actif,Compte courant,64,Béjaïa,Industrie,Crédit immobilier,6.0,405900.0,316700.0,6308000.0,111900.0,72,8.43,80.6,0.137,0,0,90,2,38.3,74100.0,60.3
BNA002336,Dahmani,Oussama,Particulier,Actif,Compte épargne,30,Laghouat,Agriculture,Crédit immobilier,7.6,116000.0,71400.0,2861000.0,126000.0,24,5.35,61.6,0.542,5,0,0,6,52.9,-71800.0,48.6
BNA002337,Meziane,Aymen,Particulier,Actif,Compte entreprise,41,Alger,BTPH,Crédit personnel,6.1,150300.0,58900.0,1191000.0,29100.0,48,8.09,21.1,0.663,0,0,0,1,22.7,562300.0,169.1
BNA002338,Gacem,Islam,Particulier,Actif,Compte entreprise,28,Laghouat,Industrie,Crédit immobilier,7.0,140300.0,31200.0,1167000.0,52700.0,24,7.8,25.0,0.768,0,0,30,0,7.1,32200.0,75.7
BNA002339,Rahmani,Youcef,Professionnel,Inactif,Compte courant,44,Laghouat,Transport,Crédit immobilier,4.8,146100.0,34300.0,1928000.0,49200.0,48,10.38,27.5,0.798,0,0,0,0,30.5,372000.0,112.5
BNA002340,Ferhat,Riad,PME,Actif,Compte épargne,46,Blida,Commerce,Crédit personnel,8.9,836200.0,600700.0,4866000.0,122500.0,48,9.62,65.5,0.236,1,0,45,2,58.4,-941200.0,52.6
BNA002341,Nouri,Adel,Particulier,Actif,Compte épargne,63,Alger,Santé,Crédit équipement,4.8,84700.0,17100.0,889000.0,77600.0,12,8.66,41.6,0.651,0,0,0,0,19.2,213000.0,83.5
BNA002342,Haddad,Bilal,Particulier,Actif,Compte épargne,38,Blida,Services,Crédit d'investissement,0.9,73500.0,44600.0,1628000.0,52300.0,36,9.74,61.8,0.315,2,1,90,2,33.1,63600.0,0.0
BNA002343,Chibani,Rachid,Particulier,Actif,Compte épargne,52,Laghouat,Santé,Crédit équipement,0.8,68900.0,15000.0,663000.0,11800.0,72,8.42,40.4,0.72,1,0,0,1,8.4,24700.0,108.2
BNA002344,Saidi,Mourad,Particulier,Actif,Compte courant,35,Batna,Agriculture,Crédit d'investissement,2.9,76100.0,45100.0,286000.0,5800.0,60,7.67,79.7,0.399,4,2,30,6,36.3,44200.0,69.3
BNA002345,Mansouri,Nabil,PME,Actif,Compte courant,26,Oran,Services,Crédit d'investissement,13.0,318400.0,217900.0,1906000.0,37000.0,60,6.18,80.1,0.096,4,1,90,1,43.6,85400.0,80.0
BNA002346,Nouri,Youcef,PME,Actif,Compte courant,41,Djelfa,BTPH,Crédit d'exploitation,5.0,343000.0,81400.0,2204000.0,40100.0,72,9.38,34.6,0.855,0,0,5,1,21.7,771000.0,20.1
BNA002347,Mebarki,Aymen,Particulier,Actif,Compte épargne,34,Sétif,Commerce,Crédit d'exploitation,13.9,102800.0,57500.0,1150000.0,22800.0,60,7.03,66.1,0.54,2,0,45,1,42.3,78100.0,39.8
BNA002348,Benyahia,Kamel,Professionnel,Actif,Compte courant,38,Sétif,Transport,Crédit personnel,3.9,91600.0,60300.0,1041000.0,24600.0,48,6.39,72.4,0.43,2,2,60,3,41.9,-159000.0,76.4
BNA002349,Belkacem,Riad,Particulier,Actif,Compte courant,28,Blida,Services,Crédit d'exploitation,11.5,66200.0,34900.0,406000.0,6300.0,72,3.74,100.0,0.051,3,0,90,5,39.3,64000.0,36.5
BNA002350,Haddad,Hichem,PME,Actif,Compte entreprise,42,Alger,Transport,Crédit personnel,7.7,1862100.0,538100.0,25894000.0,827000.0,36,9.3,61.1,0.329,2,2,10,2,62.0,379000.0,93.2
BNA002351,Mansouri,Mourad,Particulier,Actif,Compte courant,24,Tlemcen,Commerce,Crédit d'investissement,12.9,48600.0,15000.0,759000.0,13800.0,72,9.43,94.6,0.162,0,0,120,2,44.5,9400.0,69.9
BNA002352,Brahimi,Oussama,Particulier,Actif,Compte courant,48,Batna,Santé,Crédit personnel,6.8,127600.0,80700.0,754000.0,18200.0,48,7.38,70.3,0.897,1,1,150,4,45.8,137700.0,83.2
BNA002353,Benyahia,Salim,Particulier,Actif,Compte professionnel,39,Blida,Services,Crédit équipement,7.7,157400.0,108600.0,1987000.0,90600.0,24,8.86,79.7,0.387,0,0,45,0,46.8,-292500.0,54.1
BNA002354,Mebarki,Mourad,PME,Actif,Compte courant,63,Annaba,Agriculture,Crédit équipement,6.5,647000.0,323200.0,3187000.0,137800.0,24,3.6,84.1,0.312,3,0,90,1,24.7,986400.0,90.4
BNA002355,Haddad,Rachid,PME,Actif,Compte entreprise,26,Alger,Commerce,Crédit d'investissement,5.3,616600.0,183100.0,3458000.0,52400.0,84,7.13,87.1,0.136,4,1,60,1,29.7,-1034000.0,104.6
BNA002356,Guediri,Kamel,Particulier,Actif,Compte courant,31,Alger,Agriculture,Crédit d'exploitation,1.5,230700.0,45000.0,2588000.0,47100.0,60,3.55,24.5,0.854,0,0,0,0,11.8,835300.0,128.0
BNA002357,Brahimi,Tarek,Particulier,Actif,Compte courant,40,Alger,Agriculture,Crédit personnel,4.7,35900.0,26500.0,261000.0,4000.0,84,7.27,83.5,0.488,3,1,60,0,20.4,16800.0,65.6
BNA002358,Ferhat,Farid,Particulier,Actif,Compte courant,33,Constantine,Industrie,Crédit équipement,9.4,80600.0,62800.0,889000.0,19900.0,48,3.53,51.5,0.495,0,0,120,1,39.1,-104200.0,65.3
BNA002359,Benali,Aymen,PME,Inactif,Compte courant,47,Djelfa,Industrie,Crédit d'exploitation,9.1,1926700.0,1067600.0,16263000.0,360700.0,48,3.11,72.8,0.182,3,0,180,2,44.3,1490900.0,85.0
BNA002360,Benali,Nabil,Particulier,Actif,Compte courant,48,Sétif,Santé,Crédit d'exploitation,2.3,102700.0,15000.0,1062000.0,23800.0,48,3.58,40.1,0.842,2,0,0,0,41.2,400900.0,59.7
BNA002361,Mokhtar,Aymen,Particulier,Actif,Compte entreprise,52,Tlemcen,Services,Crédit personnel,7.5,66800.0,47800.0,1430000.0,31700.0,48,3.04,65.2,0.48,1,0,15,1,43.2,-1700.0,80.5
BNA002362,Brahimi,Samir,Particulier,Actif,Compte entreprise,64,Laghouat,Services,Crédit d'exploitation,6.8,73000.0,44500.0,522000.0,9400.0,60,3.18,77.5,0.912,0,1,30,1,46.8,-42400.0,51.4
BNA002363,Cherif,Bilal,Particulier,Actif,Compte courant,59,Djelfa,Commerce,Crédit personnel,3.8,132700.0,61100.0,1075000.0,21700.0,60,7.72,56.9,0.363,4,1,30,2,67.7,172800.0,84.1
BNA002364,Dahmani,Riad,Professionnel,Actif,Compte courant,56,Alger,Services,Crédit d'investissement,14.2,130800.0,73700.0,1798000.0,40200.0,48,3.52,83.2,0.217,1,2,90,2,27.2,-119400.0,62.1
BNA002365,Nouri,Hichem,Particulier,Actif,Compte professionnel,39,Batna,Commerce,Crédit personnel,5.0,55000.0,22100.0,844000.0,19700.0,48,5.67,95.4,0.348,2,0,30,0,40.7,44600.0,48.1
BNA002366,Nouri,Yacine,PME,Actif,Compte professionnel,38,Sétif,Industrie,Crédit d'exploitation,3.5,1174000.0,705600.0,3863000.0,95200.0,48,8.47,73.0,0.494,2,0,90,4,67.5,2498500.0,66.6
BNA002367,Mokhtar,Zakaria,Particulier,Actif,Compte courant,30,Constantine,Transport,Crédit immobilier,13.7,65200.0,23400.0,525000.0,16200.0,36,7.02,21.0,0.996,2,0,0,0,19.4,190800.0,60.1
BNA002368,Mebarki,Ilyes,Particulier,Inactif,Compte épargne,46,Tlemcen,Commerce,Crédit d'exploitation,16.4,150000.0,58100.0,1057000.0,34300.0,36,10.46,83.2,0.552,1,1,10,1,49.2,-81500.0,36.8
BNA002369,Brahimi,Islam,Particulier,Actif,Compte entreprise,48,Biskra,Santé,Crédit d'exploitation,1.4,101900.0,57900.0,1423000.0,34100.0,48,7.1,83.9,0.442,2,1,90,1,52.6,-72400.0,44.0
BNA002370,Meziane,Amine,Professionnel,Actif,Compte entreprise,52,Batna,Services,Crédit équipement,16.4,123500.0,56700.0,1013000.0,30600.0,36,5.42,58.6,0.366,1,1,0,1,63.3,-66400.0,44.8
BNA002371,Chibani,Amine,Particulier,Actif,Compte entreprise,41,Laghouat,Transport,Crédit d'investissement,1.1,116800.0,73700.0,1088000.0,49100.0,24,7.77,59.6,0.108,1,2,90,3,24.1,157400.0,81.7
BNA002372,Yahiaoui,Tarek,Grande Entreprise,Actif,Compte professionnel,56,Alger,Transport,Crédit équipement,2.1,2192100.0,980400.0,18945000.0,602100.0,36,8.97,24.2,0.82,0,0,0,0,26.4,5725500.0,49.4
BNA002373,Brahimi,Tarek,Particulier,Actif,Compte entreprise,57,Laghouat,Commerce,Crédit d'exploitation,7.5,89600.0,36300.0,945000.0,21400.0,48,4.11,74.6,0.283,0,2,60,2,45.5,9800.0,52.6
BNA002374,Belkacem,Mohamed,PME,Actif,Compte épargne,50,Djelfa,Santé,Crédit personnel,11.1,667300.0,170900.0,4398000.0,89700.0,60,8.27,16.4,0.578,0,0,0,0,33.8,1200900.0,116.8
BNA002375,Benali,Walid,Particulier,Actif,Compte professionnel,52,Béjaïa,Commerce,Crédit personnel,10.2,75900.0,58600.0,1156000.0,29500.0,48,10.4,81.9,0.446,1,1,30,3,23.4,-97400.0,74.6
BNA002376,Bensalem,Adel,PME,Actif,Compte courant,63,Alger,Commerce,Crédit d'investissement,11.0,476100.0,301700.0,7145000.0,152500.0,60,10.18,66.6,0.576,4,2,45,1,26.0,428900.0,51.2
BNA002377,Nouri,Imad,Particulier,Actif,Compte courant,64,Biskra,Transport,Crédit d'investissement,6.8,63800.0,19200.0,459000.0,9300.0,60,7.76,79.0,0.419,3,3,60,4,27.0,-148700.0,89.7
BNA002378,Hadji,Nabil,Particulier,Actif,Compte épargne,40,Sétif,BTPH,Crédit d'exploitation,9.8,100500.0,45200.0,1845000.0,33600.0,60,3.5,69.9,0.0,4,0,60,1,52.9,6000.0,99.4
BNA002379,Haddad,Ilyes,PME,Actif,Compte épargne,39,Annaba,Santé,Crédit personnel,2.6,765900.0,360900.0,3058000.0,50600.0,72,5.92,62.9,0.207,3,0,30,4,38.1,422300.0,45.0
BNA002380,Amrani,Mourad,Professionnel,Actif,Compte épargne,41,Biskra,Santé,Crédit immobilier,20.0,108700.0,41100.0,999000.0,19500.0,60,6.34,62.1,0.707,0,0,0,0,23.2,209000.0,125.7
BNA002381,Mokhtar,Anis,Professionnel,Actif,Compte professionnel,36,Djelfa,Santé,Crédit équipement,14.8,111900.0,55500.0,1219000.0,36900.0,36,5.73,36.6,0.314,3,0,90,2,28.2,46000.0,93.6
BNA002382,Mansouri,Ilyes,Particulier,Actif,Compte courant,49,Laghouat,Agriculture,Crédit immobilier,5.9,163400.0,22800.0,3613000.0,65700.0,72,9.3,24.5,0.607,0,0,0,1,20.8,197600.0,123.7
BNA002383,Rahmani,Farid,Particulier,Actif,Compte professionnel,61,Oran,Santé,Crédit d'investissement,6.5,150900.0,90700.0,997000.0,23200.0,48,5.51,56.2,0.164,2,1,90,0,40.3,113200.0,44.7
BNA002384,Mokhtar,Walid,PME,Actif,Compte entreprise,60,Biskra,Transport,Crédit personnel,8.7,434500.0,133500.0,1964000.0,87600.0,24,6.65,30.5,0.428,1,0,0,0,31.6,832300.0,105.8
BNA002385,Ferhat,Hichem,Particulier,Actif,Compte courant,46,Djelfa,Santé,Crédit d'investissement,12.5,60400.0,18100.0,492000.0,22500.0,24,9.11,64.8,0.668,3,0,45,1,39.9,3200.0,65.8
BNA002386,Belaid,Ahmed,Professionnel,Actif,Compte courant,55,Sétif,Commerce,Crédit immobilier,3.6,155600.0,24900.0,1982000.0,32300.0,84,9.38,39.5,0.84,0,1,5,0,29.5,434400.0,107.9
BNA002387,Meziane,Nabil,Particulier,Actif,Compte courant,43,Oran,Pharmacie,Crédit personnel,3.2,105000.0,77500.0,931000.0,41200.0,24,5.84,71.5,0.465,1,0,10,1,31.2,-37500.0,38.0
BNA002388,Touati,Nassim,PME,Actif,Compte professionnel,33,Alger,Transport,Crédit immobilier,5.0,901200.0,370500.0,5865000.0,96100.0,84,9.59,64.2,0.608,0,1,60,1,29.6,-1674600.0,37.3
BNA002389,Slimani,Yacine,Particulier,Actif,Compte courant,24,Blida,BTPH,Crédit personnel,3.2,113600.0,25100.0,2756000.0,51700.0,72,10.5,85.1,0.107,1,1,15,1,67.6,27000.0,85.9
BNA002390,Nouri,Zakaria,Particulier,Actif,Compte épargne,28,Constantine,Santé,Crédit équipement,7.2,117100.0,46600.0,792000.0,14900.0,60,4.75,23.5,0.682,0,0,0,0,20.6,308600.0,200.0
BNA002391,Guediri,Riad,Particulier,Actif,Compte professionnel,27,Laghouat,Agriculture,Crédit personnel,7.3,85000.0,58000.0,1480000.0,27400.0,60,4.22,74.4,0.551,3,0,30,0,27.7,-20800.0,54.1
BNA002392,Haddad,Ilyes,PME,Actif,Compte professionnel,29,Tlemcen,Agriculture,Crédit d'investissement,4.2,894200.0,624000.0,4205000.0,361400.0,12,5.74,75.0,0.463,3,3,30,3,65.7,-1005400.0,60.7
BNA002393,Nouri,Hichem,Particulier,Actif,Compte courant,56,Tlemcen,Industrie,Crédit personnel,17.4,113900.0,81300.0,1238000.0,23400.0,60,4.98,87.0,0.481,1,2,90,2,41.1,50300.0,112.0
BNA002394,Belaid,Youcef,PME,Actif,Compte courant,41,Alger,Agriculture,Crédit d'exploitation,4.4,495100.0,336000.0,3289000.0,52000.0,84,8.42,83.6,0.911,3,1,60,1,55.5,748200.0,57.3
BNA002395,Haddad,Yacine,Grande Entreprise,Actif,Compte courant,62,Alger,BTPH,Crédit d'investissement,1.2,2573800.0,242200.0,13076000.0,384700.0,36,3.77,25.4,0.759,0,0,0,0,18.5,8542000.0,62.6
BNA002396,Zerrouki,Riad,PME,Actif,Compte courant,58,Laghouat,Santé,Crédit immobilier,8.9,630400.0,241200.0,1680000.0,28900.0,72,7.31,70.0,0.076,1,2,150,2,33.2,644600.0,43.6
BNA002397,Zerrouki,Sofiane,Particulier,Actif,Compte entreprise,48,Sétif,Industrie,Crédit personnel,3.7,50200.0,36100.0,328000.0,10500.0,36,9.72,49.4,0.413,2,0,5,0,16.6,32000.0,67.6
BNA002398,Ferhat,Mourad,Particulier,Actif,Compte épargne,37,Annaba,Services,Crédit équipement,4.2,143600.0,97300.0,1059000.0,21500.0,60,7.99,54.6,0.014,2,2,90,0,41.3,-183200.0,82.0
BNA002399,Boudiaf,Kamel,Professionnel,Actif,Compte professionnel,25,Oran,Transport,Crédit personnel,7.1,139100.0,78100.0,1414000.0,43000.0,36,5.94,61.7,0.046,0,1,5,2,19.8,-51900.0,52.0
BNA002400,Haddad,Bilal,Particulier,Actif,Compte courant,28,Sétif,Agriculture,Crédit personnel,4.8,103300.0,56200.0,340000.0,6600.0,60,6.13,79.4,0.516,2,0,150,3,36.8,47200.0,44.2
BNA002401,Dahmani,Yacine,Particulier,Actif,Compte courant,24,Batna,Services,Crédit personnel,10.1,154400.0,28900.0,750000.0,14300.0,60,5.5,13.0,0.903,0,1,0,0,23.6,385400.0,87.4
BNA002402,Yahiaoui,Farid,PME,Actif,Compte professionnel,35,Laghouat,BTPH,Crédit équipement,7.1,672300.0,512500.0,6307000.0,105000.0,72,6.14,84.9,0.085,0,0,90,1,54.5,879100.0,27.0
BNA002403,Zerrouki,Ilyes,PME,Actif,Compte courant,54,Blida,Agriculture,Crédit immobilier,6.6,192900.0,103400.0,1097000.0,23200.0,60,9.75,91.0,0.576,2,2,120,3,43.5,-54300.0,55.1
BNA002404,Boudiaf,Nassim,PME,Actif,Compte professionnel,61,Constantine,Transport,Crédit personnel,2.6,559100.0,424800.0,3885000.0,72600.0,60,4.59,55.6,0.417,3,1,30,1,56.5,252800.0,79.4
BNA002405,Zerrouki,Hichem,Professionnel,Actif,Compte professionnel,56,Tlemcen,Commerce,Crédit d'exploitation,7.2,101200.0,62800.0,660000.0,15100.0,48,4.53,74.6,0.384,5,2,60,5,39.7,55900.0,92.1
BNA002406,Yahiaoui,Karim,Particulier,Actif,Compte épargne,47,Constantine,Agriculture,Crédit immobilier,8.5,71500.0,39700.0,549000.0,16000.0,36,3.1,75.6,0.57,1,1,90,1,32.4,-120100.0,71.8
BNA002407,Meziane,Oussama,Particulier,Actif,Compte courant,42,Béjaïa,Agriculture,Crédit d'exploitation,9.3,88800.0,62000.0,1010000.0,20800.0,60,8.58,89.3,0.26,4,0,10,2,37.6,-36500.0,58.6
BNA002408,Ferhat,Islam,Particulier,Actif,Compte entreprise,36,Blida,Transport,Crédit d'exploitation,7.1,95400.0,43500.0,252000.0,3900.0,72,3.25,52.0,0.44,1,2,45,6,70.3,72700.0,23.7
BNA002409,Belaid,Adel,Particulier,Actif,Compte épargne,48,Djelfa,BTPH,Crédit personnel,3.9,75300.0,15000.0,550000.0,47100.0,12,5.26,39.9,0.917,0,0,0,0,15.7,100400.0,122.0
BNA002410,Chibani,Oussama,Particulier,Actif,Compte professionnel,30,Oran,Transport,Crédit personnel,5.5,47200.0,31600.0,200000.0,3700.0,60,4.47,83.6,0.565,0,1,90,3,30.3,44100.0,90.3
BNA002411,Mansouri,Ibrahim,Particulier,Actif,Compte professionnel,63,Alger,Pharmacie,Crédit immobilier,19.9,174700.0,84600.0,1676000.0,33700.0,60,7.6,54.5,0.256,4,4,180,4,31.0,125200.0,42.8
BNA002412,Benali,Imad,PME,Inactif,Compte entreprise,28,Constantine,Transport,Crédit personnel,2.9,499300.0,163900.0,2723000.0,62300.0,48,4.65,69.0,0.639,2,0,15,0,24.3,-468800.0,50.0
BNA002413,Chibani,Imad,Particulier,Actif,Compte courant,46,Tlemcen,Transport,Crédit d'exploitation,5.5,99500.0,54500.0,616000.0,15200.0,48,8.64,57.5,0.534,4,0,90,1,41.1,-34400.0,73.2
BNA002414,Dahmani,Tarek,Particulier,Actif,Compte courant,62,Biskra,Pharmacie,Crédit personnel,4.2,244000.0,108600.0,2236000.0,34600.0,84,7.75,68.0,0.556,3,0,90,1,52.5,644400.0,95.0
BNA002415,Meziane,Zakaria,Professionnel,Actif,Compte entreprise,59,Tlemcen,Services,Crédit personnel,4.9,140100.0,83800.0,930000.0,17300.0,72,10.1,71.6,0.171,2,0,60,3,43.1,154600.0,72.4
BNA002416,Khelifi,Zakaria,Professionnel,Actif,Compte entreprise,65,Batna,Agriculture,Crédit d'exploitation,2.6,124900.0,78400.0,1060000.0,46400.0,24,4.7,78.6,0.473,4,5,60,1,65.2,-80800.0,99.4
BNA002417,Benali,Ibrahim,Particulier,Actif,Compte professionnel,48,Constantine,Agriculture,Crédit d'investissement,4.1,88800.0,43500.0,1264000.0,39300.0,36,7.49,75.2,0.658,3,2,120,1,43.9,-41600.0,56.8
BNA002418,Zerrouki,Imad,Particulier,Inactif,Compte épargne,54,Djelfa,Transport,Crédit immobilier,2.2,160300.0,64800.0,1642000.0,49500.0,36,5.35,31.3,0.489,0,0,0,0,12.7,391800.0,100.9
BNA002419,Touati,Rachid,Particulier,Actif,Compte courant,61,Sétif,Commerce,Crédit d'investissement,6.3,94300.0,51700.0,581000.0,25700.0,24,5.63,85.8,0.513,3,1,15,2,24.8,-109400.0,45.8
BNA002420,Chibani,Farid,Professionnel,Actif,Compte épargne,54,Oran,Commerce,Crédit personnel,19.7,87000.0,55200.0,935000.0,16900.0,72,9.1,93.6,0.171,3,2,30,0,54.1,7900.0,86.3
BNA002421,Cherif,Mourad,Professionnel,Actif,Compte professionnel,40,Djelfa,Services,Crédit immobilier,2.9,126200.0,34100.0,1486000.0,21600.0,84,5.8,42.6,0.913,1,0,0,0,24.3,310600.0,89.1
BNA002422,Chibani,Nabil,Professionnel,Actif,Compte entreprise,28,Blida,Transport,Crédit d'investissement,2.5,368900.0,100800.0,2026000.0,38800.0,60,5.63,15.4,0.914,0,0,0,0,29.9,1325700.0,95.2
BNA002423,Ferhat,Rachid,PME,Actif,Compte épargne,41,Béjaïa,Agriculture,Crédit personnel,8.5,880900.0,382900.0,3965000.0,171900.0,24,3.83,36.1,0.885,0,0,0,0,29.0,1227200.0,40.3
BNA002424,Hadji,Aymen,PME,Actif,Compte courant,59,Annaba,Services,Crédit d'investissement,2.9,456900.0,115100.0,1117000.0,21800.0,60,6.49,20.5,0.709,0,0,0,0,16.1,1377200.0,95.1
BNA002425,Benali,Ibrahim,Particulier,Actif,Compte entreprise,55,Annaba,Santé,Crédit d'exploitation,11.0,95900.0,19300.0,1181000.0,37000.0,36,8.06,18.5,0.797,0,0,0,0,18.7,77000.0,93.7
BNA002426,Saidi,Youcef,Particulier,Actif,Compte courant,51,Constantine,Services,Crédit d'exploitation,2.5,74900.0,32400.0,644000.0,9400.0,84,5.81,18.2,0.863,1,0,5,1,34.7,192000.0,110.6
BNA002427,Mansouri,Rachid,Particulier,Actif,Compte épargne,37,Batna,Transport,Crédit d'investissement,0.9,62500.0,27100.0,446000.0,19400.0,24,4.19,62.4,0.673,5,0,60,0,26.5,24300.0,49.8
BNA002428,Bensalem,Amine,PME,Inactif,Compte courant,23,Constantine,Commerce,Crédit personnel,10.3,787300.0,597200.0,16507000.0,223400.0,84,3.71,95.8,0.821,4,2,90,0,58.0,888000.0,34.9
BNA002429,Dahmani,Mourad,Professionnel,Actif,Compte courant,65,Batna,Transport,Crédit immobilier,7.9,222200.0,112700.0,3285000.0,51400.0,84,8.14,60.9,0.175,2,1,120,4,44.4,-118400.0,57.2
BNA002430,Belkacem,Zakaria,PME,Actif,Compte entreprise,35,Béjaïa,BTPH,Crédit personnel,5.5,531100.0,190400.0,3074000.0,94800.0,36,6.95,35.1,0.726,0,0,0,0,4.0,1832400.0,54.6
BNA002431,Guediri,Farid,PME,Actif,Compte épargne,32,Blida,Transport,Crédit personnel,8.5,422900.0,310100.0,2195000.0,45400.0,60,8.88,67.2,0.073,1,1,45,1,62.4,153300.0,37.5
BNA002432,Gacem,Imad,Particulier,Actif,Compte courant,63,Constantine,BTPH,Crédit d'investissement,9.0,75700.0,53600.0,503000.0,10400.0,60,8.94,55.2,0.221,0,1,15,0,56.2,89500.0,67.1
BNA002433,Boudiaf,Imad,Particulier,Actif,Compte professionnel,23,Djelfa,Agriculture,Crédit d'exploitation,9.3,39300.0,15000.0,908000.0,16900.0,60,4.54,31.5,0.889,1,0,0,0,25.6,27300.0,76.9
BNA002434,Cherif,Nassim,Particulier,Actif,Compte courant,65,Sétif,Industrie,Crédit personnel,9.0,134000.0,30500.0,909000.0,13700.0,84,6.93,38.1,0.929,0,0,0,0,18.8,249500.0,113.7
BNA002435,Slimani,Islam,Particulier,Actif,Compte courant,24,Tlemcen,Agriculture,Crédit personnel,7.2,103400.0,78500.0,921000.0,18900.0,60,8.4,82.7,0.307,1,1,150,5,49.3,-30500.0,74.9
BNA002436,Ferhat,Imad,Particulier,Actif,Compte courant,64,Annaba,Santé,Crédit personnel,3.2,65600.0,22900.0,889000.0,14600.0,72,5.79,45.0,0.18,0,0,60,1,11.8,123700.0,66.3
BNA002437,Haddad,Zakaria,Particulier,Actif,Compte épargne,36,Laghouat,Services,Crédit équipement,11.6,100400.0,52200.0,874000.0,38300.0,24,4.92,84.0,0.432,1,1,10,0,47.6,251000.0,50.5
BNA002438,Saidi,Kamel,Particulier,Actif,Compte courant,46,Djelfa,Pharmacie,Crédit immobilier,20.0,89400.0,44300.0,601000.0,51300.0,12,4.5,62.6,0.218,1,2,90,1,29.3,3000.0,123.6
BNA002439,Meziane,Anis,Particulier,Actif,Compte professionnel,56,Annaba,Transport,Crédit personnel,2.5,110600.0,55300.0,1026000.0,21200.0,60,8.84,83.0,0.413,1,0,60,0,45.7,36500.0,109.4
BNA002440,Yahiaoui,Ibrahim,PME,Actif,Compte professionnel,39,Blida,Santé,Crédit immobilier,3.4,1029300.0,619500.0,12025000.0,378500.0,36,8.3,74.7,0.304,0,0,180,2,29.2,2093700.0,54.9
BNA002441,Chibani,Riad,Particulier,Actif,Compte courant,29,Biskra,Services,Crédit personnel,12.9,48000.0,15000.0,253000.0,4700.0,72,9.88,34.8,0.738,0,0,0,0,15.6,122900.0,48.5
BNA002442,Chibani,Samir,PME,Actif,Compte courant,46,Tlemcen,Transport,Crédit personnel,2.2,1384300.0,716800.0,10540000.0,150000.0,84,5.2,82.4,0.388,0,0,60,1,25.9,-1425500.0,150.0
BNA002443,Belkacem,Oussama,Particulier,Actif,Compte épargne,49,Annaba,Services,Crédit immobilier,9.3,70800.0,32000.0,527000.0,15700.0,36,4.8,27.1,0.338,1,0,5,0,28.8,245900.0,64.0
BNA002444,Benyahia,Bilal,Particulier,Actif,Compte courant,47,Blida,Services,Crédit d'exploitation,9.4,63000.0,36000.0,203000.0,4100.0,60,8.34,75.1,0.438,0,1,10,3,48.9,38000.0,73.5
BNA002445,Saidi,Karim,Particulier,Actif,Compte épargne,32,Batna,Services,Crédit personnel,20.0,116900.0,92200.0,394000.0,11800.0,36,5.08,81.8,0.5,1,0,30,4,68.5,-75000.0,62.4
BNA002446,Dahmani,Ahmed,Professionnel,Actif,Compte courant,59,Constantine,Santé,Crédit d'investissement,6.5,178200.0,91200.0,1805000.0,55200.0,36,6.35,66.5,0.698,0,3,60,0,45.6,47600.0,32.2
BNA002447,Belaid,Youcef,PME,Actif,Compte courant,47,Béjaïa,Services,Crédit immobilier,1.1,1217900.0,991800.0,15178000.0,280600.0,60,4.16,59.7,0.374,1,1,30,3,13.7,525400.0,39.9
BNA002448,Gacem,Imad,Particulier,Actif,Compte courant,30,Oran,Santé,Crédit d'exploitation,19.4,103800.0,72100.0,419000.0,18900.0,24,7.94,86.2,0.533,1,2,90,1,39.1,82400.0,39.7
BNA002449,Gacem,Oussama,Particulier,Actif,Compte professionnel,31,Tlemcen,Agriculture,Crédit immobilier,9.8,140500.0,31800.0,513000.0,15000.0,36,3.53,18.4,0.772,0,0,0,0,43.0,289500.0,179.9
BNA002450,Yahiaoui,Islam,PME,Actif,Compte courant,36,Sétif,Santé,Crédit d'exploitation,20.0,840800.0,594500.0,6521000.0,285300.0,24,4.72,30.5,0.364,2,0,45,2,27.8,409300.0,22.4
BNA002451,Meziane,Ahmed,Professionnel,Actif,Compte courant,49,Blida,Agriculture,Crédit d'exploitation,12.9,130400.0,84300.0,2089000.0,40700.0,60,6.28,78.2,0.354,1,1,30,2,60.5,5800.0,59.4
BNA002452,Meziane,Oussama,Professionnel,Actif,Compte courant,48,Batna,Commerce,Crédit immobilier,4.0,362600.0,214900.0,2943000.0,56000.0,60,5.33,49.5,0.025,1,3,30,4,31.9,-500.0,69.2
BNA002453,Belaid,Yacine,Particulier,Actif,Compte épargne,30,Annaba,Industrie,Crédit d'exploitation,3.0,104900.0,25100.0,1356000.0,21200.0,84,8.1,44.8,0.828,0,0,0,0,29.3,412500.0,167.0
BNA002454,Yahiaoui,Tarek,PME,Actif,Compte courant,24,Sétif,Transport,Crédit d'investissement,8.6,885000.0,541500.0,3749000.0,57900.0,72,3.55,60.3,0.36,3,2,120,2,37.5,-694700.0,33.6
BNA002455,Rahmani,Abdelkader,Particulier,Actif,Compte professionnel,32,Béjaïa,BTPH,Crédit d'exploitation,11.7,117700.0,33700.0,1074000.0,17600.0,84,9.51,51.7,1.0,0,0,0,2,15.3,79300.0,133.9
BNA002456,Dahmani,Zakaria,Particulier,Actif,Compte courant,41,Blida,Pharmacie,Crédit d'exploitation,7.8,152800.0,116200.0,840000.0,36900.0,24,5.02,64.7,0.828,1,0,120,2,38.2,85400.0,80.5
BNA002457,Touati,Adel,Particulier,Actif,Compte épargne,65,Constantine,Transport,Crédit immobilier,20.0,86600.0,15000.0,771000.0,34100.0,24,5.9,34.0,0.786,1,0,0,0,4.5,150600.0,117.3
BNA002458,Hadji,Mohamed,PME,Actif,Compte courant,23,Tlemcen,Pharmacie,Crédit équipement,7.9,492200.0,291800.0,3826000.0,86800.0,48,4.27,65.2,0.492,3,3,15,3,40.8,236800.0,80.3
BNA002459,Nouri,Imad,Grande Entreprise,Actif,Compte entreprise,33,Annaba,BTPH,Crédit immobilier,1.3,3277000.0,1968700.0,18591000.0,457500.0,48,8.42,67.2,0.382,3,2,120,4,48.2,2328300.0,70.4
BNA002460,Slimani,Karim,PME,Actif,Compte entreprise,40,Laghouat,BTPH,Crédit d'exploitation,6.0,385200.0,219300.0,2317000.0,45600.0,60,6.79,56.8,0.234,5,1,60,2,33.2,296800.0,77.0
BNA002461,Zerrouki,Kamel,Professionnel,Actif,Compte courant,58,Biskra,BTPH,Crédit immobilier,6.7,147300.0,99900.0,917000.0,18100.0,60,6.8,84.5,0.456,2,0,5,0,43.1,-11200.0,53.5
BNA002462,Khelifi,Oussama,Professionnel,Actif,Compte courant,35,Béjaïa,Transport,Crédit d'exploitation,13.6,189900.0,27200.0,2840000.0,53300.0,60,4.74,12.3,0.733,0,0,0,0,20.1,315700.0,56.0
BNA002463,Ferhat,Salim,Particulier,Actif,Compte courant,50,Oran,Industrie,Crédit d'investissement,3.9,41700.0,20700.0,639000.0,11300.0,72,8.44,63.7,0.488,0,0,45,4,34.5,29000.0,49.8
BNA002464,Zerrouki,Bilal,Particulier,Actif,Compte courant,52,Sétif,Transport,Crédit d'exploitation,7.4,117400.0,74300.0,974000.0,18000.0,60,4.18,83.9,0.034,3,1,45,3,30.1,103200.0,17.8
BNA002465,Benyahia,Yacine,PME,Actif,Compte courant,58,Biskra,Services,Crédit immobilier,1.8,1036300.0,506100.0,6192000.0,528700.0,12,4.5,83.7,0.335,3,1,150,2,63.1,351200.0,45.3
BNA002466,Mebarki,Anis,Professionnel,Actif,Compte épargne,57,Sétif,Pharmacie,Crédit équipement,11.6,108900.0,33400.0,1008000.0,19900.0,60,6.82,31.0,0.588,0,0,0,0,20.4,233000.0,124.3
BNA002467,Khelifi,Ibrahim,Particulier,Actif,Compte professionnel,30,Djelfa,Commerce,Crédit d'exploitation,8.6,121400.0,24800.0,1092000.0,17000.0,72,3.78,26.4,0.708,0,0,0,0,19.0,193400.0,102.4
BNA002468,Brahimi,Rachid,Particulier,Actif,Compte courant,54,Constantine,Industrie,Crédit d'investissement,3.2,47700.0,29000.0,344000.0,5400.0,72,3.95,81.5,0.422,1,1,120,1,58.5,-16900.0,66.5
BNA002469,Mokhtar,Tarek,Particulier,Actif,Compte courant,64,Laghouat,Commerce,Crédit d'investissement,3.7,109000.0,56200.0,534000.0,9500.0,72,8.6,92.7,0.065,3,1,30,2,60.7,202300.0,53.6
BNA002470,Belaid,Amine,Particulier,Actif,Compte épargne,43,Oran,Transport,Crédit équipement,7.8,113700.0,64100.0,462000.0,10900.0,48,6.14,78.3,0.292,1,2,120,0,52.1,4900.0,58.6
BNA002471,Ferhat,Samir,Particulier,Actif,Compte courant,26,Constantine,Transport,Crédit d'exploitation,9.5,67000.0,38900.0,771000.0,12600.0,72,5.56,80.2,0.249,0,0,30,0,33.6,40700.0,66.6
BNA002472,Yahiaoui,Bilal,Particulier,Actif,Compte courant,61,Constantine,Transport,Crédit d'exploitation,8.3,130500.0,62100.0,1487000.0,65900.0,24,6.06,85.0,0.427,3,2,30,0,49.9,-42600.0,85.7
BNA002473,Rahmani,Ibrahim,Particulier,Actif,Compte professionnel,58,Sétif,Industrie,Crédit d'exploitation,8.7,66800.0,39200.0,794000.0,16200.0,60,8.26,73.7,0.271,0,1,60,0,60.2,-27200.0,58.0
BNA002474,Chibani,Walid,Particulier,Actif,Compte épargne,63,Sétif,Pharmacie,Crédit d'investissement,5.5,59300.0,32300.0,606000.0,26400.0,24,4.35,77.5,0.612,1,0,5,1,37.9,126200.0,50.1
BNA002475,Gacem,Salim,Particulier,Actif,Compte courant,34,Annaba,Pharmacie,Crédit d'exploitation,5.6,78900.0,59000.0,310000.0,6300.0,60,8.19,92.8,0.763,3,3,90,2,50.6,-81500.0,63.0
BNA002476,Belkacem,Islam,Particulier,Actif,Compte professionnel,64,Djelfa,BTPH,Crédit immobilier,8.6,126200.0,29900.0,722000.0,11700.0,72,5.27,14.8,0.675,0,0,0,1,23.0,534500.0,76.8
BNA002477,Hadji,Salim,Professionnel,Actif,Compte courant,25,Biskra,Pharmacie,Crédit équipement,20.0,188200.0,119900.0,1218000.0,17900.0,84,6.18,90.6,0.615,2,1,45,0,74.4,89000.0,56.3
BNA002478,Saidi,Riad,Particulier,Actif,Compte courant,24,Laghouat,Santé,Crédit équipement,8.5,51700.0,35100.0,402000.0,7300.0,72,9.27,93.1,0.604,0,1,60,2,33.5,24100.0,85.1
BNA002479,Chibani,Tarek,Particulier,Actif,Compte courant,43,Sétif,Commerce,Crédit d'investissement,9.7,159000.0,103700.0,1347000.0,41100.0,36,6.25,88.7,0.392,2,0,120,1,53.3,-111900.0,53.8
BNA002480,Yahiaoui,Nassim,Particulier,Actif,Compte épargne,52,Oran,Agriculture,Crédit personnel,6.1,96800.0,16500.0,714000.0,13100.0,72,9.58,50.7,0.89,1,0,0,0,11.1,256600.0,81.7
BNA002481,Benyahia,Mohamed,Particulier,Actif,Compte professionnel,34,Oran,BTPH,Crédit immobilier,11.9,305200.0,214400.0,2688000.0,36700.0,84,3.99,79.1,0.827,3,0,30,3,56.8,-361800.0,38.1
BNA002482,Cherif,Abdelkader,Professionnel,Actif,Compte courant,32,Laghouat,Commerce,Crédit d'investissement,2.9,216000.0,87100.0,9940000.0,201900.0,60,8.08,67.4,0.146,3,0,60,2,33.9,-361900.0,72.9
BNA002483,Saidi,Anis,Particulier,Actif,Compte professionnel,60,Djelfa,Santé,Crédit immobilier,3.8,136900.0,85100.0,1243000.0,23500.0,60,5.02,94.5,0.61,0,1,150,2,69.2,-259800.0,35.3
BNA002484,Brahimi,Rachid,Particulier,Actif,Compte professionnel,24,Laghouat,Pharmacie,Crédit d'exploitation,5.5,132600.0,33200.0,870000.0,20600.0,48,6.37,38.0,0.376,0,0,15,1,13.8,366600.0,59.1
BNA002485,Zerrouki,Rachid,Particulier,Actif,Compte courant,62,Djelfa,Services,Crédit d'investissement,3.7,308200.0,129200.0,3221000.0,71900.0,48,3.43,69.4,0.597,2,0,180,1,73.2,-369200.0,44.9
BNA002486,Touati,Salim,PME,Actif,Compte épargne,44,Sétif,Transport,Crédit équipement,6.1,211200.0,88500.0,1405000.0,27800.0,60,6.94,82.0,0.5,2,0,150,0,21.7,-360800.0,70.8
BNA002487,Yahiaoui,Islam,PME,Actif,Compte courant,25,Batna,Transport,Crédit d'exploitation,7.3,1108000.0,579600.0,8904000.0,182000.0,60,8.35,66.2,0.593,1,2,60,0,47.9,2023200.0,101.6
BNA002488,Yahiaoui,Ilyes,Grande Entreprise,Inactif,Compte courant,59,Alger,Commerce,Crédit d'exploitation,10.9,4767400.0,2203300.0,17911000.0,324500.0,60,3.34,78.7,0.574,1,1,90,1,38.5,10940100.0,61.5
BNA002489,Dahmani,Ilyes,PME,Actif,Compte entreprise,55,Sétif,Transport,Crédit d'exploitation,5.4,902400.0,342600.0,4292000.0,102300.0,48,6.74,91.2,0.682,0,0,120,1,31.4,1243100.0,61.1
BNA002490,Hadji,Aymen,PME,Actif,Compte entreprise,26,Alger,Transport,Crédit immobilier,10.1,219700.0,136500.0,875000.0,17200.0,60,6.62,82.9,0.682,1,0,60,5,51.2,24200.0,78.4
BNA002491,Mebarki,Nassim,Particulier,Suspendu,Compte courant,43,Blida,Commerce,Crédit d'exploitation,11.3,109900.0,15000.0,693000.0,16200.0,48,5.84,39.9,0.647,0,0,0,2,35.8,-8700.0,101.2
BNA002492,Guediri,Adel,PME,Actif,Compte professionnel,59,Blida,Transport,Crédit immobilier,7.6,844500.0,407100.0,5543000.0,113100.0,60,8.28,79.2,0.774,1,0,15,4,66.3,568400.0,98.2
BNA002493,Chibani,Nabil,Particulier,Actif,Compte courant,41,Tlemcen,Santé,Crédit d'exploitation,4.5,142900.0,49400.0,940000.0,18100.0,60,5.79,31.8,0.656,0,0,0,0,12.1,513800.0,49.2
BNA002494,Khelifi,Samir,PME,Actif,Compte professionnel,38,Constantine,BTPH,Crédit d'exploitation,6.2,1273700.0,664900.0,10736000.0,186200.0,72,7.6,98.4,0.264,3,3,45,3,57.0,-205000.0,58.0
BNA002495,Belkacem,Karim,Particulier,Actif,Compte épargne,51,Tlemcen,Services,Crédit équipement,5.9,89800.0,57200.0,671000.0,16800.0,48,9.24,68.3,0.632,1,1,60,0,38.9,-37700.0,106.8
BNA002496,Haddad,Karim,Particulier,Actif,Compte courant,56,Sétif,Santé,Crédit équipement,2.7,89100.0,49100.0,375000.0,11100.0,36,4.2,78.3,0.175,2,0,60,0,51.8,-99300.0,70.2
BNA002497,Boudiaf,Nassim,Particulier,Actif,Compte courant,44,Batna,Transport,Crédit d'investissement,9.5,50000.0,26200.0,388000.0,33200.0,12,5.19,90.8,0.571,5,1,90,5,26.0,59800.0,75.6
BNA002498,Belkacem,Amine,PME,Actif,Compte professionnel,61,Batna,BTPH,Crédit immobilier,1.0,888800.0,456700.0,7440000.0,341000.0,24,9.33,66.4,0.423,2,0,15,3,41.2,-358200.0,114.6
BNA002499,Yahiaoui,Farid,Particulier,Actif,Compte courant,64,Constantine,BTPH,Crédit d'exploitation,0.3,107000.0,43800.0,614000.0,11600.0,60,5.18,67.3,0.215,0,2,60,1,41.8,91100.0,82.8
BNA002500,Rahmani,Salim,Particulier,Actif,Compte courant,48,Batna,Commerce,Crédit d'exploitation,20.0,82000.0,55700.0,1380000.0,22400.0,72,5.26,75.0,0.687,0,1,90,1,40.6,111300.0,100.4
BNA002501,Bensalem,Adel,Particulier,Actif,Compte courant,46,Biskra,Santé,Crédit équipement,5.5,93000.0,24900.0,505000.0,11700.0,48,5.43,80.2,0.37,2,1,45,3,42.4,-145100.0,72.0
BNA002502,Dahmani,Nassim,PME,Actif,Compte épargne,42,Annaba,Industrie,Crédit personnel,8.8,1233700.0,513700.0,9002000.0,145200.0,84,9.07,61.2,0.17,0,0,30,1,31.8,1329300.0,53.1
BNA002503,Cherif,Aymen,Professionnel,Actif,Compte épargne,23,Djelfa,Transport,Crédit personnel,2.1,212000.0,110000.0,2025000.0,50300.0,48,8.87,78.6,0.583,2,0,120,1,58.9,53100.0,48.6
BNA002504,Dahmani,Karim,Particulier,Actif,Compte courant,29,Sétif,Commerce,Crédit personnel,20.0,91900.0,32900.0,909000.0,17200.0,60,5.11,93.8,0.463,2,1,30,2,58.1,19400.0,45.9
BNA002505,Zerrouki,Sofiane,Professionnel,Actif,Compte entreprise,59,Alger,Agriculture,Crédit d'investissement,9.2,300200.0,212500.0,3226000.0,49800.0,84,7.72,76.8,0.445,3,1,60,2,71.2,-160600.0,99.7
BNA002506,Ferhat,Islam,PME,Inactif,Compte courant,65,Biskra,Santé,Crédit d'exploitation,2.6,681300.0,445500.0,5032000.0,97600.0,60,6.13,61.3,0.353,0,2,45,0,48.4,171000.0,101.9
BNA002507,Gacem,Oussama,PME,Actif,Compte courant,30,Oran,Transport,Crédit personnel,8.7,1098600.0,622800.0,2472000.0,73500.0,36,4.51,82.9,0.781,3,1,120,2,36.2,-1215000.0,59.6
BNA002508,Belkacem,Zakaria,PME,Actif,Compte courant,64,Béjaïa,Industrie,Crédit immobilier,12.5,743500.0,585200.0,5622000.0,138400.0,48,8.42,73.4,0.366,2,1,30,0,32.4,74100.0,34.4
BNA002509,Mansouri,Oussama,PME,Actif,Compte courant,41,Alger,Commerce,Crédit équipement,3.2,1035300.0,575200.0,13200000.0,238400.0,72,9.08,76.5,0.296,1,0,45,0,31.5,-691400.0,99.2
BNA002510,Belaid,Islam,Particulier,Actif,Compte professionnel,56,Tlemcen,Agriculture,Crédit personnel,1.3,99900.0,59200.0,538000.0,15900.0,36,4.04,82.2,0.245,1,1,15,0,19.7,-67000.0,91.4
BNA002511,Saidi,Anis,Particulier,Actif,Compte courant,35,Béjaïa,Transport,Crédit d'exploitation,3.2,46700.0,27400.0,237000.0,5500.0,48,5.77,78.6,0.268,2,0,45,2,52.3,-25700.0,67.2
BNA002512,Brahimi,Ahmed,Professionnel,Actif,Compte courant,36,Blida,Agriculture,Crédit d'exploitation,7.7,132900.0,15000.0,1838000.0,26700.0,84,5.88,21.3,0.538,0,0,0,1,27.2,467600.0,149.4
BNA002513,Cherif,Hichem,Professionnel,Actif,Compte épargne,45,Constantine,Commerce,Crédit d'investissement,11.8,180100.0,38800.0,972000.0,14400.0,84,6.48,44.2,0.647,1,0,0,0,9.1,388200.0,69.9
BNA002514,Brahimi,Nassim,PME,Actif,Compte professionnel,45,Sétif,Agriculture,Crédit d'exploitation,4.6,521200.0,327100.0,4152000.0,57300.0,84,4.28,95.0,0.702,2,1,45,1,51.4,203100.0,54.5
BNA002515,Mansouri,Kamel,PME,Actif,Compte entreprise,54,Alger,Commerce,Crédit d'exploitation,8.5,690400.0,375800.0,4881000.0,118300.0,48,7.64,79.8,0.102,1,0,0,1,33.6,654400.0,50.5
BNA002516,Larbi,Amine,PME,Actif,Compte courant,51,Oran,Transport,Crédit immobilier,9.3,184700.0,138800.0,1605000.0,33000.0,60,8.55,68.1,0.757,2,1,30,3,73.8,19100.0,64.2
BNA002517,Meziane,Walid,PME,Actif,Compte courant,54,Tlemcen,Industrie,Crédit d'exploitation,1.6,1060000.0,783300.0,7337000.0,99900.0,84,3.88,71.8,0.478,3,1,5,2,24.7,569900.0,41.0
BNA002518,Hadji,Farid,Grande Entreprise,Actif,Compte courant,39,Alger,Commerce,Crédit immobilier,4.7,1207000.0,617600.0,4739000.0,100100.0,60,9.73,60.4,0.834,3,0,30,2,47.4,121100.0,31.3
BNA002519,Larbi,Karim,Particulier,Actif,Compte courant,38,Oran,Transport,Crédit d'exploitation,10.6,70400.0,26300.0,546000.0,47500.0,12,8.09,82.5,0.465,3,2,60,2,22.9,87300.0,82.7
BNA002520,Mansouri,Sofiane,Grande Entreprise,Actif,Compte courant,37,Sétif,Agriculture,Crédit d'exploitation,2.5,1361200.0,787700.0,16192000.0,524600.0,36,10.27,100.0,0.127,1,1,30,1,72.6,979800.0,98.6
BNA002521,Gacem,Nabil,Particulier,Inactif,Compte professionnel,30,Djelfa,Industrie,Crédit personnel,18.3,71100.0,45100.0,296000.0,5700.0,60,5.61,67.9,0.213,3,0,90,3,52.9,72800.0,75.9
BNA002522,Benali,Oussama,PME,Inactif,Compte épargne,44,Béjaïa,Pharmacie,Crédit d'exploitation,5.8,889500.0,524900.0,2502000.0,46300.0,60,4.17,82.7,0.292,1,1,60,3,30.1,906200.0,57.4
BNA002523,Ferhat,Islam,PME,Actif,Compte courant,44,Biskra,Services,Crédit équipement,15.5,1253500.0,391500.0,22363000.0,387500.0,72,7.58,20.0,0.763,0,0,0,0,34.2,1819700.0,166.1
BNA002524,Bensalem,Sofiane,Particulier,Actif,Compte professionnel,63,Béjaïa,Commerce,Crédit personnel,19.8,56600.0,19500.0,292000.0,6500.0,48,3.36,65.8,0.849,2,0,0,0,30.2,105300.0,114.8
BNA002525,Larbi,Oussama,PME,Actif,Compte entreprise,42,Annaba,Industrie,Crédit immobilier,14.4,1344400.0,731300.0,11470000.0,213500.0,60,4.43,57.8,0.345,5,2,30,2,52.7,-276300.0,20.2
BNA002526,Boudiaf,Zakaria,Particulier,Actif,Compte épargne,42,Tlemcen,Pharmacie,Crédit personnel,17.1,106700.0,76500.0,1208000.0,22500.0,60,4.51,53.1,0.58,3,1,120,0,49.5,-147600.0,50.6
BNA002527,Benyahia,Zakaria,PME,Actif,Compte courant,46,Tlemcen,Santé,Crédit d'investissement,4.9,599100.0,360300.0,1956000.0,63200.0,36,10.09,48.0,0.138,0,0,10,2,38.1,362600.0,65.9
BNA002528,Guediri,Ilyes,Professionnel,Actif,Compte courant,26,Sétif,Pharmacie,Crédit immobilier,8.0,281900.0,179600.0,3784000.0,59300.0,84,8.17,68.9,0.902,3,0,45,1,40.2,471800.0,51.7
BNA002529,Khelifi,Imad,Particulier,Actif,Compte courant,61,Batna,Commerce,Crédit personnel,1.5,58000.0,32800.0,815000.0,37000.0,24,8.35,99.2,0.801,2,0,90,1,47.7,33000.0,92.4
BNA002530,Gacem,Amine,Professionnel,Actif,Compte entreprise,56,Djelfa,Industrie,Crédit personnel,5.0,304100.0,231700.0,3945000.0,79000.0,60,7.49,78.5,0.238,1,2,0,2,55.5,-21500.0,50.0
BNA002531,Mokhtar,Aymen,Particulier,Actif,Compte épargne,41,Djelfa,Services,Crédit personnel,10.7,102200.0,27500.0,1004000.0,18500.0,60,3.94,9.4,0.418,0,0,0,0,11.0,235100.0,136.0
BNA002532,Zerrouki,Abdelkader,Grande Entreprise,Actif,Compte courant,39,Alger,Transport,Crédit personnel,7.7,1805700.0,966900.0,8956000.0,132600.0,84,6.41,73.6,0.35,1,2,150,2,34.3,4331600.0,57.2
BNA002533,Mansouri,Imad,Grande Entreprise,Actif,Compte professionnel,47,Batna,Santé,Crédit personnel,16.6,2176300.0,436000.0,9443000.0,181800.0,60,5.83,27.3,0.912,0,0,0,2,37.3,3349300.0,131.4
BNA002534,Amrani,Yacine,Particulier,Actif,Compte professionnel,50,Annaba,Transport,Crédit personnel,6.6,47500.0,23900.0,293000.0,6100.0,60,9.28,84.4,0.792,0,0,15,2,42.6,-7900.0,79.2
BNA002535,Mebarki,Nassim,Particulier,Actif,Compte entreprise,55,Laghouat,Agriculture,Crédit personnel,8.2,114300.0,71200.0,564000.0,17300.0,36,6.61,85.0,0.362,2,0,90,0,36.4,88000.0,93.8
BNA002536,Chibani,Yacine,Professionnel,Actif,Compte épargne,41,Annaba,Industrie,Crédit immobilier,6.7,290700.0,129300.0,4910000.0,98000.0,60,7.35,80.2,0.523,3,2,45,1,42.3,605700.0,69.2
BNA002537,Cherif,Tarek,Particulier,Actif,Compte épargne,27,Blida,Industrie,Crédit d'investissement,5.5,136900.0,86400.0,816000.0,19700.0,48,7.42,87.0,0.152,0,0,45,2,48.8,154300.0,50.7
BNA002538,Saidi,Kamel,Particulier,Actif,Compte épargne,43,Alger,Industrie,Crédit immobilier,1.5,42300.0,20400.0,211000.0,5000.0,48,6.88,79.3,0.222,1,1,60,2,37.1,25800.0,63.7
BNA002539,Zerrouki,Youcef,PME,Actif,Compte courant,61,Djelfa,Services,Crédit personnel,2.9,1819700.0,469100.0,6445000.0,133200.0,60,8.81,25.5,0.503,0,0,0,0,20.8,5715600.0,103.5
BNA002540,Zerrouki,Oussama,Particulier,Actif,Compte épargne,47,Constantine,Services,Crédit d'investissement,9.5,62400.0,33300.0,200000.0,2800.0,84,4.51,95.8,0.426,1,0,120,2,48.9,-73700.0,66.1
BNA002541,Djelloul,Kamel,Particulier,Actif,Compte épargne,59,Tlemcen,Services,Crédit équipement,7.2,121600.0,81000.0,848000.0,21100.0,48,9.02,83.3,0.647,2,0,120,1,36.8,-43600.0,140.1
BNA002542,Hadji,Bilal,PME,Actif,Compte entreprise,40,Constantine,Santé,Crédit immobilier,10.7,693000.0,368100.0,9069000.0,201900.0,48,3.29,55.7,0.487,1,0,10,4,29.8,-711500.0,95.3
BNA002543,Belkacem,Amine,Particulier,Actif,Compte courant,46,Oran,Pharmacie,Crédit immobilier,7.4,59300.0,29000.0,905000.0,15200.0,72,6.49,72.9,0.377,3,0,90,0,46.3,18800.0,46.4
BNA002544,Mokhtar,Oussama,Particulier,Actif,Compte entreprise,26,Alger,Industrie,Crédit d'exploitation,10.7,88600.0,52200.0,350000.0,4800.0,84,3.86,92.2,0.142,1,2,30,2,33.5,57900.0,83.8
BNA002545,Guediri,Nassim,Particulier,Actif,Compte courant,40,Sétif,Industrie,Crédit personnel,2.3,73500.0,36900.0,439000.0,10300.0,48,6.03,97.1,0.411,2,1,90,0,36.6,5600.0,94.6
BNA002546,Bensalem,Karim,Particulier,Actif,Compte épargne,64,Djelfa,Pharmacie,Crédit personnel,3.1,44200.0,15000.0,200000.0,4800.0,48,6.93,33.4,0.696,0,0,0,0,25.3,72400.0,158.5
BNA002547,Mansouri,Zakaria,PME,Actif,Compte courant,65,Biskra,Commerce,Crédit d'investissement,2.4,341200.0,105100.0,4758000.0,154400.0,36,10.4,3.6,0.737,2,0,15,0,31.0,369600.0,145.0
BNA002548,Touati,Imad,Particulier,Actif,Compte entreprise,56,Blida,Commerce,Crédit personnel,3.5,78100.0,15000.0,592000.0,11700.0,60,6.86,50.3,0.388,0,0,10,1,13.4,253700.0,102.1
BNA002549,Hadji,Yacine,Particulier,Actif,Compte courant,47,Sétif,Commerce,Crédit d'investissement,8.9,148100.0,53700.0,882000.0,13500.0,72,3.27,86.4,0.509,0,1,30,3,70.0,25900.0,140.6
BNA002550,Ferhat,Abdelkader,PME,Actif,Compte épargne,44,Batna,Santé,Crédit d'exploitation,7.8,555500.0,386300.0,4517000.0,81800.0,60,3.32,72.9,0.619,2,0,120,1,44.2,-404800.0,82.1
BNA002551,Amrani,Aymen,Professionnel,Actif,Compte courant,37,Batna,Transport,Crédit d'exploitation,18.6,249800.0,155900.0,3698000.0,60300.0,84,9.41,40.1,0.51,2,1,30,1,47.5,159300.0,106.5
BNA002552,Nouri,Bilal,Professionnel,Inactif,Compte épargne,60,Alger,Pharmacie,Crédit immobilier,6.1,184000.0,55800.0,3400000.0,151900.0,24,6.82,50.3,0.766,0,1,0,0,16.2,735700.0,60.3
BNA002553,Belaid,Abdelkader,Particulier,Actif,Compte professionnel,61,Oran,Agriculture,Crédit immobilier,10.0,92100.0,15000.0,709000.0,18000.0,48,10.06,17.7,0.585,1,1,0,0,4.0,46800.0,130.7
BNA002554,Touati,Amine,Particulier,Actif,Compte courant,61,Constantine,Transport,Crédit d'exploitation,7.0,128900.0,77300.0,1395000.0,31200.0,48,3.52,41.0,0.334,1,1,120,2,47.3,64200.0,60.6
BNA002555,Slimani,Oussama,Professionnel,Actif,Compte courant,60,Laghouat,Pharmacie,Crédit d'investissement,7.2,275900.0,167500.0,3788000.0,75600.0,60,7.33,81.3,0.24,0,2,15,2,34.5,473000.0,54.0
BNA002556,Boudiaf,Tarek,Particulier,Actif,Compte professionnel,60,Djelfa,Santé,Crédit équipement,16.7,108400.0,52100.0,777000.0,19400.0,48,9.3,19.4,0.765,0,0,0,1,22.4,-137100.0,135.5
BNA002557,Guediri,Islam,PME,Actif,Compte professionnel,45,Béjaïa,Agriculture,Crédit personnel,6.0,1199700.0,982100.0,11611000.0,230100.0,60,7.04,75.4,0.547,1,3,10,1,33.5,758500.0,79.3
BNA002558,Zerrouki,Tarek,Particulier,Actif,Compte courant,39,Sétif,Santé,Crédit personnel,9.4,108700.0,69300.0,649000.0,15400.0,48,6.44,35.1,0.49,0,0,60,2,42.6,35000.0,31.7
BNA002559,Rahmani,Karim,Particulier,Actif,Compte entreprise,41,Blida,Agriculture,Crédit d'investissement,8.6,143000.0,88100.0,616000.0,12600.0,60,8.22,100.0,0.727,3,2,180,0,36.9,57800.0,81.1
BNA002560,Chibani,Anis,Particulier,Actif,Compte professionnel,46,Djelfa,Services,Crédit immobilier,20.0,121500.0,67600.0,1712000.0,53800.0,36,8.19,73.4,0.127,3,0,30,3,49.3,-89300.0,57.2
BNA002561,Mokhtar,Salim,PME,Actif,Compte courant,39,Alger,Pharmacie,Crédit personnel,3.0,844100.0,571000.0,7961000.0,191900.0,48,7.34,78.0,0.295,2,1,120,1,63.7,350900.0,94.5
BNA002562,Boudiaf,Ilyes,Particulier,Actif,Compte courant,35,Djelfa,Transport,Crédit personnel,0.4,97600.0,24500.0,1495000.0,36100.0,48,7.4,27.6,0.9,1,0,0,0,22.3,274300.0,16.9
BNA002563,Djelloul,Nabil,PME,Actif,Compte professionnel,65,Blida,Services,Crédit d'investissement,4.0,281200.0,146800.0,1086000.0,34400.0,36,8.69,92.9,0.535,2,0,5,1,69.4,-271600.0,88.2
BNA002564,Saidi,Bilal,Particulier,Actif,Compte épargne,31,Laghouat,Agriculture,Crédit équipement,7.5,71800.0,34400.0,799000.0,25400.0,36,8.91,81.3,0.549,3,1,45,2,59.6,68100.0,75.4
BNA002565,Mebarki,Rachid,Particulier,Actif,Compte professionnel,53,Alger,Transport,Crédit personnel,12.4,36300.0,23600.0,409000.0,12300.0,36,5.05,69.7,0.156,2,0,60,3,25.1,-27500.0,51.4
BNA002566,Chibani,Amine,Professionnel,Actif,Compte épargne,53,Oran,Santé,Crédit d'investissement,3.3,176800.0,109200.0,1522000.0,21300.0,84,4.77,78.9,0.296,4,1,90,1,35.0,81600.0,45.5
BNA002567,Benyahia,Oussama,PME,Actif,Compte courant,33,Alger,Transport,Crédit d'investissement,4.6,737400.0,495600.0,8519000.0,190300.0,48,3.45,75.7,0.362,2,0,60,1,48.8,1253900.0,65.7
BNA002568,Mansouri,Zakaria,Particulier,Actif,Compte professionnel,65,Alger,Santé,Crédit personnel,6.9,59700.0,19300.0,408000.0,18200.0,24,6.82,11.6,0.71,0,0,0,1,30.2,16400.0,81.9
BNA002569,Gacem,Mohamed,Particulier,Actif,Compte entreprise,47,Sétif,Santé,Crédit équipement,3.2,56300.0,24700.0,206000.0,17800.0,12,6.67,25.2,0.836,0,0,0,0,17.5,80600.0,144.7
BNA002570,Bensalem,Hichem,Particulier,Actif,Compte courant,43,Biskra,Agriculture,Crédit personnel,11.0,93100.0,67900.0,436000.0,7300.0,72,6.49,74.3,0.048,2,1,30,0,56.2,-19400.0,20.7
BNA002571,Mokhtar,Islam,Particulier,Actif,Compte courant,47,Béjaïa,BTPH,Crédit immobilier,2.1,52200.0,30300.0,322000.0,10400.0,36,10.06,40.0,0.468,5,2,30,2,66.5,-60400.0,59.9
BNA002572,Slimani,Bilal,Professionnel,Actif,Compte épargne,48,Laghouat,Pharmacie,Crédit immobilier,11.4,137600.0,91100.0,1142000.0,23500.0,60,8.55,93.8,0.357,2,0,10,1,40.2,152700.0,45.3
BNA002573,Slimani,Mohamed,PME,Actif,Compte professionnel,32,Alger,BTPH,Crédit personnel,9.4,423300.0,112400.0,1854000.0,84900.0,24,9.21,9.5,0.611,0,0,0,0,19.0,1316800.0,110.0
BNA002574,Cherif,Islam,PME,Actif,Compte courant,48,Batna,Agriculture,Crédit d'investissement,5.8,1176200.0,837000.0,5133000.0,438700.0,12,4.68,42.5,0.462,3,1,90,1,22.9,-907700.0,89.5
BNA002575,Hadji,Kamel,Professionnel,Actif,Compte épargne,38,Annaba,BTPH,Crédit personnel,12.9,386700.0,248300.0,3216000.0,80100.0,48,9.05,71.2,0.017,1,2,90,0,42.4,958500.0,63.6
BNA002576,Guediri,Islam,PME,Actif,Compte courant,37,Laghouat,BTPH,Crédit d'exploitation,8.6,527100.0,287800.0,6763000.0,113700.0,84,10.4,71.3,0.377,0,1,30,0,40.3,-202600.0,78.7
BNA002577,Djelloul,Tarek,Particulier,Actif,Compte professionnel,26,Tlemcen,BTPH,Crédit équipement,5.9,35000.0,25500.0,374000.0,32900.0,12,10.23,74.9,0.886,3,1,30,2,55.9,23700.0,29.0
BNA002578,Mebarki,Ibrahim,Particulier,Actif,Compte entreprise,37,Batna,Pharmacie,Crédit d'exploitation,17.4,88200.0,20500.0,1732000.0,78400.0,24,8.12,34.8,0.639,0,0,0,0,44.2,107500.0,86.2
BNA002579,Zerrouki,Salim,PME,Actif,Compte courant,45,Constantine,Services,Crédit d'exploitation,2.1,764100.0,168300.0,7665000.0,128000.0,84,10.19,35.1,0.831,1,0,0,0,10.6,2029700.0,98.8
BNA002580,Touati,Ilyes,Particulier,Actif,Compte courant,38,Oran,Industrie,Crédit d'investissement,9.2,154600.0,80800.0,1916000.0,59300.0,36,7.15,37.4,0.504,2,0,150,3,51.9,110100.0,60.4
BNA002581,Touati,Tarek,Particulier,Actif,Compte courant,49,Annaba,Pharmacie,Crédit immobilier,4.5,85900.0,15000.0,377000.0,9000.0,48,7.04,49.9,0.71,0,0,5,1,27.4,205100.0,109.7
BNA002582,Mokhtar,Abdelkader,Particulier,Actif,Compte courant,25,Oran,Transport,Crédit d'investissement,15.0,81100.0,52000.0,1280000.0,39500.0,36,6.96,50.1,0.34,3,1,180,2,55.0,22600.0,52.5
BNA002583,Khelifi,Nabil,Particulier,Actif,Compte entreprise,63,Blida,Industrie,Crédit personnel,5.6,56800.0,24300.0,534000.0,11200.0,60,9.61,40.2,0.335,4,0,60,1,42.6,43800.0,109.9
BNA002584,Slimani,Mohamed,Professionnel,Actif,Compte courant,31,Béjaïa,BTPH,Crédit immobilier,8.6,425500.0,243800.0,5666000.0,180000.0,36,8.95,86.4,0.508,0,2,60,1,70.3,790200.0,57.3
BNA002585,Khelifi,Mourad,PME,Actif,Compte courant,45,Béjaïa,Transport,Crédit d'exploitation,4.6,344700.0,172500.0,1138000.0,21300.0,72,10.33,81.8,0.749,0,0,90,0,51.9,86300.0,80.4
BNA002586,Chibani,Imad,Particulier,Actif,Compte courant,30,Sétif,BTPH,Crédit immobilier,16.8,63400.0,15000.0,577000.0,9600.0,72,6.22,12.2,0.604,0,0,0,0,14.5,205800.0,83.6
BNA002587,Benyahia,Ahmed,Professionnel,Actif,Compte épargne,57,Batna,BTPH,Crédit personnel,13.9,179700.0,30600.0,1149000.0,28900.0,48,9.65,16.7,0.725,1,0,0,0,23.9,273500.0,158.4
BNA002588,Cherif,Aymen,Professionnel,Actif,Compte entreprise,63,Tlemcen,Agriculture,Crédit d'investissement,5.5,156100.0,108200.0,955000.0,23600.0,48,8.61,59.3,0.38,2,0,5,1,27.0,-309900.0,64.2
BNA002589,Larbi,Salim,PME,Actif,Compte courant,44,Djelfa,Transport,Crédit d'investissement,3.8,1557800.0,1065800.0,8933000.0,221300.0,48,8.76,50.1,0.526,5,0,0,4,34.0,-1548500.0,64.2
BNA002590,Guediri,Aymen,Particulier,Actif,Compte courant,60,Constantine,Services,Crédit équipement,12.7,118600.0,44600.0,2310000.0,39800.0,72,7.35,43.6,0.794,0,0,0,0,29.6,280000.0,92.0
BNA002591,Yahiaoui,Nassim,Particulier,Inactif,Compte courant,64,Batna,Agriculture,Crédit d'exploitation,5.3,73400.0,37900.0,1005000.0,25700.0,48,10.33,79.8,0.472,1,1,90,4,33.1,169600.0,110.1
BNA002592,Mansouri,Tarek,PME,Actif,Compte courant,33,Constantine,Pharmacie,Crédit personnel,15.8,1815400.0,817300.0,8769000.0,169300.0,60,5.94,64.3,0.642,4,0,90,1,27.6,338500.0,75.6
BNA002593,Amrani,Abdelkader,Particulier,Actif,Compte courant,59,Annaba,Commerce,Crédit d'exploitation,1.9,73700.0,45300.0,1111000.0,16200.0,84,6.01,70.8,0.576,1,0,0,2,21.4,15200.0,47.9
BNA002594,Slimani,Youcef,Professionnel,Actif,Compte courant,31,Blida,Transport,Crédit d'exploitation,10.1,360400.0,113700.0,2973000.0,127900.0,24,3.08,45.6,0.896,0,0,0,0,6.9,493700.0,130.5
BNA002595,Belkacem,Imad,Particulier,Actif,Compte courant,40,Constantine,Agriculture,Crédit immobilier,2.8,117800.0,47800.0,722000.0,16600.0,48,4.9,84.9,0.643,0,1,90,1,36.0,-74200.0,98.0
BNA002596,Belkacem,Sofiane,Particulier,Actif,Compte courant,41,Constantine,Transport,Crédit d'exploitation,7.8,109900.0,84400.0,1639000.0,34400.0,60,9.51,46.6,0.784,0,0,60,2,45.6,-65600.0,28.4
BNA002597,Cherif,Youcef,Particulier,Actif,Compte courant,50,Djelfa,Santé,Crédit équipement,7.1,67000.0,24800.0,460000.0,8400.0,60,3.46,28.5,0.799,0,0,0,1,21.0,314600.0,60.1
BNA002598,Gacem,Karim,Particulier,Actif,Compte courant,52,Sétif,Agriculture,Crédit d'exploitation,13.6,57900.0,33700.0,213000.0,4900.0,48,4.84,80.8,0.172,3,1,0,1,28.5,51500.0,100.9
BNA002599,Gacem,Islam,Particulier,Actif,Compte courant,53,Alger,Services,Crédit d'investissement,4.2,127200.0,42500.0,776000.0,23800.0,36,6.51,27.5,0.727,1,0,0,2,13.8,223700.0,113.3
BNA002600,Haddad,Mourad,PME,Actif,Compte courant,33,Biskra,Commerce,Crédit immobilier,3.2,492000.0,260900.0,3993000.0,66600.0,72,6.23,66.4,0.447,1,0,45,1,48.2,899200.0,64.8
BNA002601,Haddad,Anis,Professionnel,Actif,Compte professionnel,47,Tlemcen,BTPH,Crédit d'exploitation,8.0,168700.0,134700.0,2028000.0,45500.0,48,3.73,59.9,0.613,2,1,120,1,28.7,-37100.0,65.8
BNA002602,Brahimi,Zakaria,Particulier,Actif,Compte courant,23,Djelfa,Industrie,Crédit immobilier,8.0,61600.0,45800.0,1178000.0,18100.0,72,3.38,55.0,0.622,1,1,120,2,58.6,-93600.0,51.3
BNA002603,Boudiaf,Hichem,PME,Actif,Compte courant,34,Annaba,Pharmacie,Crédit personnel,6.1,691700.0,147000.0,10915000.0,264900.0,48,7.69,57.4,0.819,0,0,0,0,11.6,1417900.0,128.5
BNA002604,Zerrouki,Bilal,Professionnel,Actif,Compte épargne,23,Sétif,BTPH,Crédit d'investissement,8.4,105600.0,63900.0,1245000.0,19300.0,84,7.8,88.5,0.662,1,2,90,2,26.2,252200.0,47.9
BNA002605,Nouri,Kamel,Particulier,Actif,Compte courant,24,Tlemcen,Santé,Crédit équipement,3.5,99500.0,20800.0,835000.0,13500.0,72,5.07,15.4,0.901,0,0,15,0,31.9,151000.0,72.6
BNA002606,Mokhtar,Samir,PME,Actif,Compte professionnel,49,Tlemcen,Commerce,Crédit immobilier,6.3,1094700.0,546400.0,4144000.0,88600.0,60,10.25,49.4,0.758,0,0,10,0,18.4,4008600.0,74.5
BNA002607,Amrani,Bilal,Professionnel,Actif,Compte courant,34,Béjaïa,Agriculture,Crédit personnel,4.0,272100.0,231200.0,2920000.0,85600.0,36,3.55,92.8,0.363,1,1,90,1,55.7,159000.0,36.2
BNA002608,Benyahia,Salim,PME,Actif,Compte professionnel,46,Biskra,Commerce,Crédit d'exploitation,4.5,733000.0,317500.0,9122000.0,231800.0,48,10.1,61.2,0.025,1,2,10,7,49.4,-168100.0,87.0
BNA002609,Slimani,Riad,Professionnel,Actif,Compte entreprise,24,Annaba,BTPH,Crédit équipement,6.5,353300.0,194200.0,2622000.0,51700.0,60,6.79,72.8,0.334,0,1,0,2,11.8,-228900.0,40.1
BNA002610,Guediri,Zakaria,Particulier,Actif,Compte professionnel,53,Alger,BTPH,Crédit d'exploitation,5.5,66300.0,29400.0,548000.0,10500.0,60,5.62,91.0,0.326,4,0,45,2,31.4,43000.0,90.5
BNA002611,Saidi,Ibrahim,Particulier,Actif,Compte épargne,41,Béjaïa,Commerce,Crédit d'exploitation,3.4,81600.0,21000.0,634000.0,28100.0,24,6.11,22.3,0.869,1,0,5,0,11.0,13600.0,98.6
BNA002612,Belaid,Yacine,Particulier,Actif,Compte courant,45,Batna,Transport,Crédit d'exploitation,11.9,109000.0,19100.0,527000.0,8100.0,72,3.24,37.9,0.646,0,0,0,1,36.2,128700.0,115.0
BNA002613,Benali,Karim,Grande Entreprise,Actif,Compte épargne,52,Annaba,Agriculture,Crédit d'exploitation,3.2,1426100.0,1034200.0,6136000.0,179200.0,36,3.29,62.7,0.527,2,2,30,4,62.0,-1510600.0,72.0
BNA002614,Larbi,Farid,Particulier,Actif,Compte courant,65,Batna,Agriculture,Crédit équipement,4.5,65800.0,30700.0,817000.0,18200.0,48,3.3,78.7,0.771,0,1,15,2,46.0,19800.0,47.6
BNA002615,Guediri,Yacine,PME,Actif,Compte courant,43,Sétif,Santé,Crédit personnel,1.3,459400.0,298800.0,4140000.0,123200.0,36,4.53,79.9,0.436,3,1,60,2,38.0,435600.0,37.5
BNA002616,Brahimi,Zakaria,Particulier,Actif,Compte courant,47,Laghouat,Pharmacie,Crédit personnel,3.1,91800.0,55900.0,587000.0,11300.0,60,5.79,87.5,0.845,0,1,90,0,52.3,145100.0,99.6
BNA002617,Mebarki,Ilyes,PME,Actif,Compte professionnel,26,Batna,Commerce,Crédit personnel,8.1,1020800.0,456500.0,7976000.0,141500.0,72,8.43,38.1,0.547,0,0,0,0,10.0,-326200.0,157.5
BNA002618,Benali,Yacine,Professionnel,Actif,Compte courant,60,Tlemcen,Transport,Crédit d'investissement,14.5,176600.0,46500.0,2133000.0,37800.0,72,8.4,2.0,0.887,2,0,0,0,12.6,82200.0,76.4
BNA002619,Khelifi,Nassim,Particulier,Actif,Compte courant,31,Constantine,Services,Crédit immobilier,5.5,108900.0,37000.0,1225000.0,19500.0,72,4.65,28.2,0.933,1,0,0,0,21.4,194000.0,71.0
BNA002620,Amrani,Abdelkader,PME,Actif,Compte courant,27,Béjaïa,Industrie,Crédit d'exploitation,8.4,624500.0,410400.0,8532000.0,267100.0,36,7.92,84.8,0.695,1,2,120,2,39.2,1782700.0,4.8
BNA002621,Boudiaf,Anis,Grande Entreprise,Suspendu,Compte courant,57,Béjaïa,Industrie,Crédit équipement,1.8,4190200.0,3090400.0,23300000.0,435100.0,60,4.57,79.2,0.226,2,1,30,1,45.1,1966200.0,40.6
BNA002622,Zerrouki,Walid,Grande Entreprise,Actif,Compte courant,49,Djelfa,BTPH,Crédit d'investissement,5.9,1400000.0,647400.0,6040000.0,107200.0,72,8.44,89.4,0.285,1,0,90,1,39.3,2464400.0,65.7
BNA002623,Mebarki,Anis,Particulier,Actif,Compte professionnel,60,Batna,Services,Crédit personnel,8.0,227700.0,139400.0,1019000.0,87000.0,12,4.52,30.2,0.393,0,2,90,1,52.1,277600.0,96.0
BNA002624,Mansouri,Nabil,Particulier,Actif,Compte professionnel,47,Béjaïa,Agriculture,Crédit équipement,11.8,71900.0,39200.0,511000.0,9900.0,60,5.9,71.3,0.203,3,0,120,4,40.9,-52500.0,40.1
BNA002625,Brahimi,Farid,Particulier,Actif,Compte épargne,45,Batna,Transport,Crédit équipement,7.4,109900.0,32600.0,1099000.0,94900.0,12,6.53,59.9,0.208,2,1,180,2,21.2,-35100.0,62.7
BNA002626,Gacem,Yacine,Particulier,Suspendu,Compte épargne,38,Alger,Commerce,Crédit équipement,7.6,87800.0,44000.0,1054000.0,34200.0,36,10.38,64.5,0.158,2,0,10,4,30.2,-53500.0,97.0
BNA002627,Amrani,Aymen,Particulier,Actif,Compte courant,41,Béjaïa,Industrie,Crédit personnel,4.7,131300.0,62400.0,2435000.0,44400.0,60,3.63,76.7,0.244,1,1,10,2,14.1,22100.0,84.1
BNA002628,Nouri,Mohamed,Professionnel,Actif,Compte courant,32,Sétif,Commerce,Crédit immobilier,2.8,158400.0,92200.0,860000.0,39300.0,24,9.0,84.8,0.393,2,1,30,2,39.7,-7800.0,18.6
BNA002629,Guediri,Amine,Particulier,Inactif,Compte épargne,56,Oran,Agriculture,Crédit personnel,6.4,139100.0,15100.0,800000.0,12200.0,72,3.16,29.5,0.808,0,0,0,0,29.8,-105000.0,61.7
BNA002630,Belkacem,Ahmed,Particulier,Actif,Compte courant,23,Batna,Services,Crédit équipement,11.3,49300.0,35100.0,200000.0,4000.0,60,7.45,83.1,0.352,1,1,30,4,63.6,-47600.0,64.6
BNA002631,Brahimi,Islam,Particulier,Actif,Compte épargne,30,Constantine,Pharmacie,Crédit équipement,5.2,48400.0,27800.0,581000.0,12200.0,60,9.63,43.0,0.389,3,2,90,3,73.3,-100.0,41.9
BNA002632,Ferhat,Mourad,PME,Actif,Compte entreprise,34,Annaba,Agriculture,Crédit d'investissement,11.9,843400.0,571400.0,2243000.0,40900.0,60,3.6,57.3,0.595,1,2,90,2,49.4,-716300.0,36.1
BNA002633,Touati,Riad,Particulier,Actif,Compte professionnel,41,Béjaïa,Agriculture,Crédit d'investissement,18.0,81000.0,53000.0,229000.0,19800.0,12,6.75,78.4,0.446,1,0,15,2,56.5,86700.0,39.3
BNA002634,Chibani,Walid,PME,Actif,Compte épargne,28,Batna,Transport,Crédit d'investissement,14.0,609400.0,380600.0,4998000.0,104600.0,60,9.33,78.5,0.431,0,0,90,2,13.6,177600.0,76.9
BNA002635,Larbi,Aymen,Particulier,Actif,Compte courant,29,Constantine,Agriculture,Crédit d'investissement,8.4,236200.0,123300.0,2142000.0,41900.0,60,6.53,84.5,0.111,2,0,30,3,46.2,350800.0,115.1
BNA002636,Mokhtar,Islam,Particulier,Actif,Compte entreprise,52,Batna,Santé,Crédit d'exploitation,3.4,82600.0,43100.0,399000.0,5700.0,84,5.23,82.6,0.674,2,3,60,1,59.1,-31400.0,14.6
BNA002637,Haddad,Abdelkader,Professionnel,Actif,Compte courant,23,Annaba,Commerce,Crédit équipement,14.5,218800.0,21500.0,2461000.0,78400.0,36,9.13,37.2,0.843,0,0,0,0,26.7,257000.0,142.5
BNA002638,Mebarki,Tarek,Particulier,Actif,Compte entreprise,55,Sétif,Commerce,Crédit personnel,1.8,72200.0,18000.0,709000.0,16000.0,48,3.99,32.3,0.675,0,0,0,0,19.6,143200.0,42.5
BNA002639,Nouri,Aymen,Particulier,Actif,Compte entreprise,25,Djelfa,Transport,Crédit d'exploitation,2.5,63500.0,23500.0,456000.0,14800.0,36,10.33,32.9,0.412,0,0,0,0,29.2,71700.0,123.3
BNA002640,Benali,Imad,Particulier,Actif,Compte épargne,53,Béjaïa,Pharmacie,Crédit équipement,11.3,58400.0,40600.0,339000.0,8000.0,48,5.98,91.5,0.389,4,1,30,2,17.0,-51900.0,65.0
BNA002641,Yahiaoui,Hichem,Particulier,Actif,Compte courant,57,Tlemcen,BTPH,Crédit personnel,1.9,72300.0,41600.0,402000.0,6600.0,84,9.84,80.1,0.771,0,1,10,2,38.8,47100.0,25.2
BNA002642,Gacem,Mourad,Particulier,Actif,Compte courant,49,Biskra,Agriculture,Crédit immobilier,6.1,227200.0,153900.0,967000.0,18500.0,60,5.63,86.8,0.721,3,1,0,2,48.8,-145800.0,82.2
BNA002643,Mebarki,Ibrahim,Particulier,Actif,Compte épargne,59,Blida,Industrie,Crédit d'exploitation,3.8,86100.0,41200.0,1129000.0,22000.0,60,6.27,57.6,0.387,2,1,180,1,35.2,9000.0,14.1
BNA002644,Chibani,Sofiane,Grande Entreprise,Actif,Compte professionnel,54,Batna,Commerce,Crédit d'investissement,7.6,2723300.0,1632300.0,24218000.0,575100.0,48,6.57,63.4,0.529,6,0,45,2,33.0,835600.0,18.3
BNA002645,Mebarki,Ibrahim,Particulier,Actif,Compte courant,38,Béjaïa,Pharmacie,Crédit d'exploitation,12.1,79300.0,36100.0,674000.0,17000.0,48,9.7,44.0,0.139,2,1,60,4,66.2,216900.0,71.2
BNA002646,Meziane,Riad,Particulier,Actif,Compte courant,40,Béjaïa,Services,Crédit d'exploitation,2.9,38200.0,15000.0,353000.0,7300.0,60,8.93,17.4,0.809,0,0,0,0,16.2,76900.0,106.1
BNA002647,Cherif,Adel,PME,Actif,Compte courant,37,Oran,Santé,Crédit personnel,14.4,738900.0,547500.0,4871000.0,89500.0,72,9.71,57.1,0.333,1,3,150,1,40.9,-441400.0,99.0
BNA002648,Benali,Sofiane,Particulier,Actif,Compte professionnel,41,Tlemcen,BTPH,Crédit d'investissement,15.8,85200.0,15500.0,938000.0,19700.0,60,9.44,83.9,0.045,1,0,45,2,23.9,-83000.0,17.4
BNA002649,Mansouri,Ibrahim,Particulier,Actif,Compte professionnel,28,Biskra,Services,Crédit équipement,8.1,75700.0,51300.0,309000.0,4900.0,72,4.58,83.1,0.728,3,0,45,3,33.9,123600.0,77.1
BNA002650,Touati,Salim,Particulier,Actif,Compte courant,38,Blida,Transport,Crédit équipement,7.9,49100.0,23900.0,413000.0,18700.0,24,8.18,70.4,0.058,2,0,45,4,48.2,62000.0,57.2
BNA002651,Brahimi,Oussama,Particulier,Actif,Compte courant,54,Béjaïa,Agriculture,Crédit d'investissement,3.8,78600.0,59200.0,606000.0,10700.0,72,8.4,83.3,0.268,1,3,5,1,45.3,27600.0,47.6
BNA002652,Gacem,Zakaria,Professionnel,Actif,Compte professionnel,52,Alger,Industrie,Crédit d'exploitation,5.4,127800.0,96600.0,866000.0,12400.0,84,5.43,84.9,0.077,1,0,30,2,75.8,247800.0,84.7
BNA002653,Amrani,Aymen,PME,Actif,Compte professionnel,26,Tlemcen,Agriculture,Crédit immobilier,12.2,920900.0,204800.0,8854000.0,779900.0,12,10.36,28.3,0.623,0,0,0,1,19.9,977700.0,108.1
BNA002654,Saidi,Salim,Particulier,Actif,Compte courant,57,Oran,Services,Crédit d'exploitation,12.3,60700.0,41900.0,707000.0,13900.0,60,6.77,44.5,0.514,1,0,60,0,48.2,-43600.0,83.2
BNA002655,Cherif,Ahmed,PME,Actif,Compte professionnel,55,Annaba,Agriculture,Crédit d'exploitation,19.9,681600.0,306900.0,3115000.0,64100.0,60,8.65,70.4,0.224,2,1,180,1,41.1,432900.0,62.2
BNA002656,Chibani,Walid,Professionnel,Actif,Compte courant,33,Constantine,Agriculture,Crédit d'exploitation,7.0,87800.0,54800.0,351000.0,7200.0,60,8.46,71.1,0.237,4,1,90,1,51.0,-2200.0,0.0
BNA002657,Guediri,Mourad,PME,Actif,Compte épargne,35,Laghouat,Santé,Crédit d'investissement,12.0,507500.0,326300.0,3255000.0,61200.0,60,4.83,79.7,0.255,2,0,30,2,9.0,-166200.0,38.3
BNA002658,Belaid,Yacine,Particulier,Actif,Compte épargne,59,Tlemcen,Pharmacie,Crédit d'investissement,12.2,117000.0,15000.0,1436000.0,66100.0,24,9.8,28.4,0.64,0,0,0,0,4.0,404500.0,132.7
BNA002659,Larbi,Amine,Grande Entreprise,Actif,Compte épargne,61,Béjaïa,Transport,Crédit d'investissement,5.0,2402300.0,514400.0,24044000.0,365600.0,72,3.03,37.0,0.691,0,0,0,0,19.3,5401300.0,143.9
BNA002660,Benali,Mohamed,Grande Entreprise,Actif,Compte courant,44,Alger,Commerce,Crédit d'investissement,12.9,3485900.0,1429200.0,20357000.0,936400.0,24,9.68,60.1,0.237,2,2,30,2,45.3,6061300.0,38.3
BNA002661,Benali,Ibrahim,Particulier,Actif,Compte courant,56,Constantine,Pharmacie,Crédit immobilier,0.5,105700.0,72300.0,1381000.0,22700.0,84,9.69,67.5,0.745,5,0,180,5,64.7,287400.0,61.6
BNA002662,Bensalem,Nassim,Particulier,Actif,Compte entreprise,35,Djelfa,Pharmacie,Crédit immobilier,13.5,77100.0,17000.0,957000.0,21900.0,48,4.59,30.3,0.428,1,0,0,0,24.2,293000.0,142.1
BNA002663,Khelifi,Youcef,PME,Actif,Compte professionnel,37,Béjaïa,BTPH,Crédit personnel,2.1,130700.0,95500.0,1093000.0,47600.0,24,4.35,99.4,0.209,3,0,45,1,40.3,73400.0,86.5
BNA002664,Brahimi,Bilal,Particulier,Actif,Compte professionnel,61,Oran,Pharmacie,Crédit immobilier,8.5,71700.0,49200.0,639000.0,11800.0,60,4.26,63.4,0.559,4,0,150,4,55.6,-147000.0,87.6
BNA002665,Saidi,Anis,Particulier,Actif,Compte épargne,55,Alger,Services,Crédit personnel,3.7,130400.0,17500.0,877000.0,25500.0,36,3.02,22.7,0.518,0,0,15,0,33.0,42500.0,102.4
BNA002666,Touati,Abdelkader,Grande Entreprise,Actif,Compte entreprise,45,Biskra,BTPH,Crédit personnel,1.1,2019700.0,532800.0,10507000.0,225600.0,60,10.45,20.3,0.67,2,1,0,0,27.7,5806000.0,107.0
BNA002667,Dahmani,Adel,PME,Actif,Compte courant,40,Constantine,Santé,Crédit personnel,8.1,640700.0,272300.0,3809000.0,67900.0,72,8.62,87.7,0.15,0,1,45,0,61.6,270500.0,26.1
BNA002668,Mansouri,Hichem,Particulier,Actif,Compte entreprise,44,Laghouat,Pharmacie,Crédit d'exploitation,16.4,191100.0,139000.0,1236000.0,25500.0,60,8.68,80.3,0.17,3,0,30,1,38.7,169800.0,46.2
BNA002669,Amrani,Rachid,Professionnel,Actif,Compte entreprise,53,Tlemcen,Agriculture,Crédit d'investissement,3.4,200300.0,112200.0,1928000.0,87900.0,24,8.77,82.1,0.135,0,2,15,3,56.4,133300.0,89.2
BNA002670,Guediri,Ilyes,Particulier,Actif,Compte professionnel,33,Oran,Agriculture,Crédit d'investissement,5.0,114900.0,27400.0,423000.0,5700.0,84,3.51,30.2,0.601,0,0,0,0,25.4,-34400.0,82.5
BNA002671,Brahimi,Hichem,PME,Actif,Compte courant,41,Annaba,Industrie,Crédit équipement,2.1,497800.0,238100.0,7347000.0,144900.0,60,6.83,69.3,0.432,1,0,45,2,36.2,-245400.0,121.8
BNA002672,Brahimi,Youcef,Professionnel,Actif,Compte épargne,44,Biskra,Agriculture,Crédit personnel,10.8,136400.0,84500.0,1332000.0,23600.0,72,8.42,44.8,0.331,5,3,120,1,32.6,-14900.0,88.9
BNA002673,Nouri,Walid,Particulier,Actif,Compte entreprise,32,Batna,Santé,Crédit d'exploitation,5.5,167100.0,55300.0,666000.0,13300.0,60,7.37,2.0,0.818,2,0,0,0,14.8,195200.0,151.3
BNA002674,Hadji,Nabil,Particulier,Actif,Compte épargne,36,Annaba,Commerce,Crédit d'exploitation,8.1,74300.0,56300.0,614000.0,12400.0,60,7.69,68.0,0.083,3,1,10,6,48.1,173200.0,25.8
BNA002675,Ferhat,Mohamed,Particulier,Actif,Compte courant,39,Constantine,Services,Crédit d'exploitation,6.4,50600.0,20800.0,512000.0,8900.0,72,7.86,59.9,0.158,0,1,60,3,55.6,-59700.0,63.7
BNA002676,Dahmani,Youcef,Grande Entreprise,Actif,Compte courant,54,Tlemcen,Services,Crédit d'investissement,3.0,2504200.0,1808100.0,6777000.0,131600.0,60,6.17,78.1,0.237,0,2,60,3,35.2,-2881100.0,41.6
BNA002677,Khelifi,Ahmed,Particulier,Actif,Compte courant,34,Biskra,Commerce,Crédit d'exploitation,1.1,113000.0,66100.0,1340000.0,28200.0,60,9.57,61.7,0.458,1,0,120,4,48.9,-80600.0,72.7
BNA002678,Touati,Ibrahim,Particulier,Actif,Compte épargne,28,Alger,Commerce,Crédit personnel,4.1,120200.0,30000.0,1892000.0,34500.0,72,9.4,35.3,0.657,0,0,10,0,14.6,405500.0,88.4
BNA002679,Belkacem,Salim,Particulier,Actif,Compte épargne,35,Alger,Commerce,Crédit d'investissement,0.9,52900.0,36900.0,452000.0,6800.0,84,7.06,92.3,0.405,2,1,45,2,62.5,28100.0,64.3
BNA002680,Rahmani,Anis,Particulier,Actif,Compte courant,43,Constantine,Transport,Crédit d'exploitation,2.8,170500.0,53300.0,520000.0,11800.0,48,4.45,70.3,0.305,2,0,180,4,36.6,123700.0,61.8
BNA002681,Belaid,Abdelkader,Particulier,Actif,Compte professionnel,25,Tlemcen,Industrie,Crédit immobilier,8.6,89500.0,47000.0,562000.0,11300.0,60,7.53,88.9,0.402,2,0,10,3,49.2,-45600.0,65.7
BNA002682,Mokhtar,Ilyes,Particulier,Inactif,Compte professionnel,32,Annaba,Santé,Crédit personnel,18.8,145400.0,82500.0,1205000.0,16400.0,84,3.88,56.9,0.445,2,1,180,1,37.0,38400.0,64.2
BNA002683,Amrani,Ibrahim,Particulier,Actif,Compte professionnel,50,Djelfa,Industrie,Crédit équipement,6.4,87100.0,48600.0,2328000.0,54700.0,48,6.01,66.0,0.588,2,0,150,1,50.3,-117300.0,55.5
BNA002684,Zerrouki,Riad,Particulier,Actif,Compte entreprise,47,Béjaïa,Santé,Crédit immobilier,7.6,112200.0,79400.0,501000.0,21600.0,24,3.3,82.2,0.599,4,0,10,2,53.9,117500.0,72.6
BNA002685,Chibani,Karim,Particulier,Inactif,Compte épargne,26,Oran,Transport,Crédit d'exploitation,5.8,37000.0,27000.0,282000.0,8400.0,36,4.65,80.7,0.416,2,0,5,1,58.9,-4600.0,57.0
BNA002686,Zerrouki,Walid,Particulier,Actif,Compte entreprise,28,Laghouat,Services,Crédit personnel,6.1,48900.0,38200.0,418000.0,10600.0,48,10.02,84.6,0.263,6,0,120,4,33.6,122100.0,16.1
BNA002687,Yahiaoui,Islam,Grande Entreprise,Actif,Compte courant,40,Sétif,Services,Crédit d'exploitation,1.9,1054500.0,247100.0,4928000.0,148100.0,36,5.19,31.6,0.769,0,0,0,0,27.1,6211100.0,68.2
BNA002688,Brahimi,Zakaria,PME,Actif,Compte courant,62,Djelfa,Agriculture,Crédit immobilier,6.4,772200.0,470000.0,12966000.0,299300.0,48,5.12,69.4,0.442,2,0,90,2,38.1,180800.0,51.2
BNA002689,Mokhtar,Anis,Grande Entreprise,Actif,Compte épargne,61,Constantine,Pharmacie,Crédit immobilier,5.4,2947400.0,623800.0,9082000.0,226100.0,48,9.02,46.6,0.661,0,0,0,0,14.6,10659000.0,118.5
BNA002690,Brahimi,Oussama,PME,Actif,Compte courant,33,Alger,Industrie,Crédit d'investissement,5.1,456500.0,190400.0,7964000.0,153800.0,60,5.97,59.0,0.447,2,0,60,1,21.3,-481200.0,74.0
BNA002691,Hadji,Kamel,Professionnel,Actif,Compte épargne,47,Annaba,Commerce,Crédit immobilier,10.5,241000.0,129800.0,2425000.0,53800.0,48,3.13,74.8,0.276,2,0,90,0,45.1,-325900.0,130.5
BNA002692,Saidi,Hichem,Particulier,Actif,Compte courant,27,Béjaïa,Transport,Crédit équipement,16.3,169400.0,89000.0,1992000.0,41500.0,60,9.12,66.6,0.542,3,2,30,1,49.1,242800.0,78.6
BNA002693,Benyahia,Yacine,Professionnel,Actif,Compte courant,57,Djelfa,Industrie,Crédit d'exploitation,3.2,201100.0,113700.0,2386000.0,39800.0,84,10.15,83.6,0.26,1,0,15,0,12.5,-69500.0,81.7
BNA002694,Dahmani,Zakaria,Particulier,Actif,Compte épargne,57,Alger,Transport,Crédit équipement,4.0,53800.0,37700.0,783000.0,14300.0,60,3.71,77.8,0.726,0,4,90,1,79.2,-3600.0,32.0
BNA002695,Hadji,Adel,Particulier,Actif,Compte courant,52,Annaba,Santé,Crédit d'exploitation,3.4,119500.0,50900.0,831000.0,13900.0,72,6.22,63.6,0.405,1,1,0,1,51.8,103200.0,5.2
BNA002696,Meziane,Walid,PME,Inactif,Compte courant,60,Biskra,BTPH,Crédit équipement,5.8,669500.0,106000.0,2009000.0,48800.0,48,7.76,66.1,0.799,0,0,0,0,29.9,800600.0,59.6
BNA002697,Touati,Anis,Particulier,Actif,Compte courant,31,Sétif,Commerce,Crédit d'investissement,6.9,106900.0,54800.0,817000.0,16900.0,60,8.78,75.7,0.399,0,1,30,3,16.8,124600.0,30.1
BNA002698,Benali,Ahmed,Particulier,Actif,Compte épargne,41,Alger,Commerce,Crédit d'investissement,6.7,90300.0,68500.0,832000.0,16000.0,60,5.86,41.4,0.628,0,1,150,1,15.7,26600.0,35.6
BNA002699,Mansouri,Adel,PME,Actif,Compte professionnel,63,Alger,Industrie,Crédit immobilier,13.8,437900.0,285000.0,3817000.0,86600.0,48,4.27,36.1,0.516,1,2,150,0,37.5,-302700.0,60.6
BNA002700,Rahmani,Farid,Particulier,Actif,Compte professionnel,59,Sétif,Transport,Crédit d'exploitation,1.5,73300.0,30500.0,339000.0,7500.0,48,3.04,32.8,0.814,0,0,0,1,17.3,211100.0,118.3
BNA002701,Chibani,Sofiane,Particulier,Actif,Compte courant,38,Tlemcen,Agriculture,Crédit d'investissement,5.4,110600.0,80900.0,1131000.0,27600.0,48,7.9,78.0,0.216,2,1,30,1,38.1,64200.0,74.5
BNA002702,Yahiaoui,Aymen,Professionnel,Actif,Compte professionnel,46,Oran,Pharmacie,Crédit d'exploitation,2.7,247500.0,86100.0,3015000.0,134600.0,24,6.74,58.7,0.562,3,0,60,1,57.7,-29000.0,78.8
BNA002703,Yahiaoui,Ibrahim,Particulier,Actif,Compte professionnel,54,Oran,Agriculture,Crédit d'exploitation,4.3,211000.0,139300.0,1211000.0,37600.0,36,7.34,100.0,0.225,1,1,15,2,25.6,-361700.0,67.7
BNA002704,Gacem,Hichem,Particulier,Inactif,Compte courant,32,Djelfa,Industrie,Crédit d'exploitation,3.2,140900.0,63800.0,1738000.0,43500.0,48,9.28,74.3,0.125,2,3,60,4,57.5,-95800.0,49.9
BNA002705,Boudiaf,Zakaria,Particulier,Actif,Compte courant,46,Djelfa,Agriculture,Crédit équipement,3.7,211800.0,34600.0,1927000.0,84700.0,24,5.18,19.4,0.746,1,0,0,0,36.6,424000.0,23.7
BNA002706,Boudiaf,Salim,Particulier,Actif,Compte courant,54,Tlemcen,Services,Crédit équipement,9.2,133000.0,79000.0,701000.0,22200.0,36,8.87,70.5,0.276,0,2,0,2,35.2,200000.0,51.7
BNA002707,Bensalem,Anis,Particulier,Inactif,Compte entreprise,47,Laghouat,Pharmacie,Crédit personnel,8.8,52600.0,24300.0,719000.0,21700.0,36,5.34,41.9,0.102,4,3,180,0,55.8,86400.0,97.5
BNA002708,Zerrouki,Mourad,Particulier,Actif,Compte courant,54,Tlemcen,Services,Crédit d'investissement,7.1,76000.0,50400.0,575000.0,9400.0,72,5.56,81.0,0.513,0,1,120,1,49.3,-33200.0,89.7
BNA002709,Hadji,Karim,Particulier,Actif,Compte épargne,51,Djelfa,Services,Crédit d'exploitation,3.1,141200.0,43600.0,483000.0,8500.0,72,7.96,64.0,0.393,2,0,150,0,31.1,-36200.0,25.7
BNA002710,Zerrouki,Imad,Particulier,Actif,Compte épargne,40,Constantine,BTPH,Crédit équipement,6.0,55100.0,23300.0,357000.0,5100.0,84,5.32,57.1,0.512,3,1,180,0,50.3,-4600.0,45.4
BNA002711,Khelifi,Hichem,Particulier,Actif,Compte courant,61,Sétif,Pharmacie,Crédit d'investissement,6.3,180200.0,86500.0,1236000.0,28300.0,48,4.67,84.2,0.019,2,1,90,2,27.5,-230000.0,48.5
BNA002712,Saidi,Youcef,PME,Actif,Compte courant,30,Batna,Commerce,Crédit d'investissement,10.7,671200.0,376800.0,6692000.0,135100.0,60,7.83,72.5,0.774,2,1,10,4,34.2,-303500.0,69.7
BNA002713,Gacem,Riad,Particulier,Actif,Compte courant,52,Béjaïa,Industrie,Crédit immobilier,3.8,77600.0,18100.0,547000.0,13500.0,48,8.55,22.8,0.874,1,0,0,1,29.1,129000.0,73.3
BNA002714,Slimani,Abdelkader,Particulier,Actif,Compte épargne,43,Sétif,Services,Crédit personnel,2.1,86100.0,31100.0,1157000.0,27400.0,48,6.43,39.0,0.718,1,0,0,0,26.7,156300.0,96.1
BNA002715,Slimani,Salim,Particulier,Actif,Compte courant,47,Blida,Industrie,Crédit d'investissement,9.0,126700.0,69300.0,1042000.0,32600.0,36,7.85,97.3,0.45,1,1,15,0,28.5,-48200.0,42.8
BNA002716,Chibani,Kamel,Particulier,Actif,Compte courant,29,Sétif,Transport,Crédit personnel,7.8,124300.0,32100.0,850000.0,12500.0,84,6.14,40.7,0.684,0,0,0,0,30.5,245600.0,122.4
BNA002717,Amrani,Walid,PME,Actif,Compte professionnel,64,Oran,Pharmacie,Crédit d'exploitation,3.9,624300.0,312200.0,3227000.0,97300.0,36,5.43,65.1,0.34,5,0,150,3,50.1,-141800.0,92.6
BNA002718,Guediri,Sofiane,Particulier,Actif,Compte épargne,49,Sétif,Industrie,Crédit d'investissement,4.9,103800.0,23300.0,854000.0,18300.0,60,10.38,7.9,0.553,1,0,0,0,22.0,129400.0,111.2
BNA002719,Belaid,Samir,Particulier,Actif,Compte courant,56,Oran,BTPH,Crédit immobilier,8.9,47800.0,22200.0,693000.0,10700.0,84,7.81,91.0,0.409,2,1,60,1,37.9,-38000.0,68.8
BNA002720,Gacem,Sofiane,Particulier,Actif,Compte professionnel,46,Blida,Services,Crédit d'investissement,9.6,125200.0,31400.0,1109000.0,27300.0,48,8.34,15.4,0.876,1,0,0,0,35.4,248700.0,96.2
BNA002721,Cherif,Ahmed,Particulier,Actif,Compte épargne,35,Alger,Agriculture,Crédit équipement,7.6,61600.0,22300.0,285000.0,7100.0,48,8.82,41.4,0.857,0,0,0,0,22.7,152800.0,67.8
BNA002722,Yahiaoui,Samir,Particulier,Actif,Compte courant,64,Blida,Transport,Crédit immobilier,2.7,112300.0,60200.0,1398000.0,24100.0,72,7.36,98.4,0.598,2,4,10,3,46.8,-63600.0,47.1
BNA002723,Mebarki,Walid,Particulier,Actif,Compte courant,63,Batna,Commerce,Crédit personnel,5.9,106900.0,85300.0,1043000.0,20600.0,60,6.84,100.0,0.751,3,1,0,3,60.5,63100.0,74.2
BNA002724,Mansouri,Youcef,Particulier,Actif,Compte courant,32,Constantine,Industrie,Crédit personnel,8.2,91800.0,59000.0,1197000.0,29000.0,48,7.53,60.9,0.217,2,1,45,2,63.3,-13900.0,51.9
BNA002725,Belkacem,Samir,Particulier,Actif,Compte courant,24,Blida,Industrie,Crédit d'investissement,19.8,121600.0,58600.0,809000.0,36300.0,24,7.16,78.1,0.675,2,0,60,2,52.4,-160000.0,53.6
BNA002726,Belaid,Tarek,Particulier,Actif,Compte épargne,36,Sétif,BTPH,Crédit d'exploitation,4.5,50900.0,32500.0,432000.0,36800.0,12,4.07,78.5,0.539,1,2,5,1,50.3,14200.0,54.8
BNA002727,Djelloul,Kamel,Professionnel,Actif,Compte courant,35,Blida,Agriculture,Crédit immobilier,6.1,188100.0,109800.0,1822000.0,33700.0,72,9.97,48.9,0.698,1,1,90,0,43.5,145900.0,35.1
BNA002728,Nouri,Hichem,PME,Actif,Compte professionnel,57,Djelfa,Services,Crédit équipement,3.0,1225500.0,464800.0,14836000.0,299500.0,60,7.81,17.0,0.625,0,0,0,0,33.8,5338400.0,133.2
BNA002729,Mansouri,Nabil,Particulier,Actif,Compte courant,43,Tlemcen,BTPH,Crédit immobilier,9.5,125200.0,77300.0,926000.0,18000.0,60,6.22,80.1,0.488,0,0,0,2,60.0,115300.0,41.6
BNA002730,Benyahia,Islam,Grande Entreprise,Actif,Compte entreprise,33,Alger,Transport,Crédit personnel,2.9,745300.0,105500.0,2268000.0,38500.0,72,6.81,25.6,0.605,1,0,0,1,17.7,266600.0,164.6
BNA002731,Benali,Karim,Particulier,Actif,Compte épargne,60,Djelfa,Industrie,Crédit d'investissement,5.9,156300.0,75700.0,1458000.0,43800.0,36,5.12,87.4,0.129,0,2,60,0,48.8,234500.0,70.4
BNA002732,Zerrouki,Imad,Particulier,Inactif,Compte entreprise,54,Tlemcen,Industrie,Crédit d'exploitation,6.3,61200.0,30800.0,926000.0,42500.0,24,9.34,69.1,0.237,1,1,30,2,35.1,32700.0,38.0
BNA002733,Mokhtar,Zakaria,Particulier,Actif,Compte courant,57,Constantine,Pharmacie,Crédit personnel,20.0,85000.0,51100.0,232000.0,4300.0,60,4.09,59.3,0.156,1,1,45,0,35.8,-79000.0,87.0
BNA002734,Khelifi,Zakaria,Particulier,Actif,Compte épargne,60,Alger,BTPH,Crédit d'investissement,3.9,55500.0,36800.0,784000.0,17400.0,48,3.23,74.6,0.379,5,1,150,3,29.7,-3500.0,90.7
BNA002735,Khelifi,Salim,Particulier,Actif,Compte entreprise,26,Tlemcen,Services,Crédit d'exploitation,17.3,67300.0,21100.0,261000.0,4800.0,60,3.76,76.0,0.205,1,1,5,2,44.7,6400.0,68.4
BNA002736,Meziane,Farid,Professionnel,Actif,Compte courant,64,Batna,Transport,Crédit personnel,4.6,203900.0,56100.0,1881000.0,46400.0,48,8.51,11.2,0.803,1,0,0,0,22.8,931500.0,157.4
BNA002737,Belkacem,Islam,Particulier,Actif,Compte courant,49,Batna,Transport,Crédit personnel,4.0,94400.0,36900.0,1394000.0,24600.0,72,8.2,6.0,0.966,1,0,0,0,20.8,151300.0,81.3
BNA002738,Zerrouki,Samir,Particulier,Actif,Compte courant,57,Djelfa,Pharmacie,Crédit d'investissement,4.4,108900.0,51700.0,720000.0,13600.0,60,5.07,57.5,0.368,0,0,90,1,59.4,-34100.0,69.1
BNA002739,Benali,Nassim,Particulier,Actif,Compte professionnel,50,Alger,Pharmacie,Crédit d'investissement,7.8,91100.0,58700.0,517000.0,7400.0,84,5.54,99.5,0.495,1,0,60,1,39.8,60900.0,98.4
BNA002740,Gacem,Tarek,PME,Actif,Compte épargne,64,Blida,BTPH,Crédit d'investissement,3.3,370500.0,95000.0,2311000.0,32900.0,84,5.22,78.2,0.504,3,0,120,3,49.1,228300.0,111.4
BNA002741,Belkacem,Salim,Particulier,Actif,Compte courant,42,Batna,Services,Crédit équipement,3.3,106700.0,42700.0,787000.0,15300.0,60,6.23,31.4,0.925,1,0,0,0,15.2,317700.0,130.5
BNA002742,Belaid,Hichem,Particulier,Actif,Compte professionnel,51,Constantine,Agriculture,Crédit immobilier,16.0,114800.0,61000.0,1069000.0,46400.0,24,4.06,66.0,0.327,2,5,30,6,59.7,-216700.0,55.7
BNA002743,Benyahia,Rachid,Particulier,Actif,Compte entreprise,30,Béjaïa,Santé,Crédit équipement,7.7,90300.0,42500.0,990000.0,22400.0,48,4.19,58.2,0.22,5,0,30,6,55.0,-65500.0,85.2
BNA002744,Saidi,Salim,Particulier,Actif,Compte entreprise,34,Tlemcen,Agriculture,Crédit équipement,12.7,91100.0,32800.0,825000.0,19100.0,48,5.35,81.8,0.314,4,2,60,0,56.9,-14600.0,40.4
BNA002745,Belaid,Riad,Particulier,Actif,Compte courant,59,Laghouat,BTPH,Crédit immobilier,7.0,112000.0,55900.0,1343000.0,39200.0,36,3.22,54.1,0.369,3,2,60,3,12.6,170300.0,58.7
BNA002746,Mokhtar,Hichem,Particulier,Actif,Compte épargne,44,Biskra,Industrie,Crédit personnel,5.4,135500.0,30900.0,632000.0,27600.0,24,4.42,23.7,0.821,0,0,0,0,34.3,127100.0,112.0
BNA002747,Brahimi,Amine,Professionnel,Actif,Compte courant,62,Oran,Services,Crédit immobilier,5.9,135800.0,89100.0,1249000.0,37500.0,36,5.14,87.2,0.466,2,0,90,3,21.3,8900.0,3.6
BNA002748,Belaid,Walid,Particulier,Actif,Compte courant,30,Djelfa,Services,Crédit équipement,20.0,66300.0,15700.0,566000.0,25100.0,24,6.08,2.0,0.787,1,0,0,0,19.0,74800.0,110.2
BNA002749,Larbi,Abdelkader,Grande Entreprise,Actif,Compte courant,61,Alger,Santé,Crédit personnel,7.7,1693800.0,1127700.0,8093000.0,262500.0,36,10.35,46.7,0.722,3,1,60,1,37.5,1021800.0,69.5
BNA002750,Saidi,Ahmed,Professionnel,Actif,Compte courant,23,Alger,Commerce,Crédit immobilier,11.4,191600.0,21700.0,3052000.0,71700.0,48,5.99,45.0,0.767,0,0,0,0,18.8,344700.0,66.6
BNA002751,Dahmani,Riad,PME,Actif,Compte courant,55,Djelfa,Commerce,Crédit d'exploitation,9.6,2139100.0,1253800.0,20126000.0,868100.0,24,3.34,64.3,0.379,4,1,90,3,38.8,-1091200.0,31.8
BNA002752,Boudiaf,Adel,Grande Entreprise,Actif,Compte épargne,50,Alger,Santé,Crédit immobilier,4.9,3344400.0,1273400.0,19582000.0,337700.0,72,7.4,86.7,0.492,1,3,30,0,39.7,-2045900.0,107.6
BNA002753,Benyahia,Riad,PME,Actif,Compte entreprise,32,Tlemcen,Agriculture,Crédit d'investissement,1.8,1103300.0,363500.0,3285000.0,106400.0,36,10.24,16.6,1.0,0,1,0,1,34.9,3502000.0,79.0
BNA002754,Chibani,Kamel,Particulier,Actif,Compte courant,41,Batna,BTPH,Crédit personnel,7.0,67200.0,37500.0,1061000.0,93500.0,12,10.5,66.5,0.409,6,0,150,1,62.3,-44900.0,42.1
BNA002755,Brahimi,Farid,Particulier,Actif,Compte entreprise,35,Djelfa,Santé,Crédit personnel,10.7,113100.0,40300.0,894000.0,27300.0,36,6.31,53.4,0.866,0,0,15,0,38.6,324100.0,69.9
BNA002756,Belkacem,Bilal,Particulier,Actif,Compte épargne,53,Sétif,Services,Crédit immobilier,5.6,35000.0,16600.0,298000.0,5200.0,72,7.75,77.3,0.389,2,1,120,1,40.0,-17400.0,56.0
BNA002757,Amrani,Imad,Particulier,Actif,Compte entreprise,62,Laghouat,Transport,Crédit immobilier,5.4,77400.0,19500.0,251000.0,4800.0,60,5.89,31.8,0.742,0,0,0,0,32.4,322000.0,111.0
BNA002758,Cherif,Mourad,Professionnel,Actif,Compte épargne,30,Constantine,BTPH,Crédit d'exploitation,15.7,140400.0,106400.0,1036000.0,25200.0,48,7.84,65.7,0.223,1,0,10,2,42.4,-337800.0,56.6
BNA002759,Gacem,Yacine,PME,Actif,Compte courant,42,Béjaïa,Pharmacie,Crédit d'exploitation,4.0,770400.0,180500.0,5856000.0,119800.0,60,8.39,26.0,0.774,2,0,0,0,19.5,2566200.0,86.3
BNA002760,Cherif,Zakaria,Professionnel,Actif,Compte courant,47,Oran,Agriculture,Crédit d'investissement,4.9,76100.0,50100.0,1453000.0,34600.0,48,6.76,81.3,0.228,0,1,90,1,27.8,19900.0,127.1
BNA002761,Mebarki,Youcef,Grande Entreprise,Actif,Compte professionnel,44,Oran,Pharmacie,Crédit équipement,2.2,1551300.0,806300.0,12610000.0,198100.0,72,4.13,25.6,0.926,1,0,0,0,26.7,6507500.0,139.1
BNA002762,Mebarki,Walid,Particulier,Actif,Compte courant,49,Tlemcen,Commerce,Crédit d'investissement,7.0,72300.0,31800.0,456000.0,10100.0,48,3.06,90.6,0.332,4,1,10,3,38.7,38100.0,34.1
BNA002763,Mokhtar,Adel,Particulier,Actif,Compte courant,23,Tlemcen,Transport,Crédit d'exploitation,5.0,61000.0,28000.0,255000.0,4600.0,60,3.3,100.0,0.86,4,1,30,1,17.1,-35900.0,83.1
BNA002764,Amrani,Aymen,Particulier,Actif,Compte épargne,29,Batna,BTPH,Crédit personnel,8.7,46200.0,23700.0,200000.0,4100.0,60,8.8,83.0,0.272,1,2,15,1,41.0,47100.0,33.4
BNA002765,Cherif,Islam,PME,Actif,Compte professionnel,49,Sétif,Industrie,Crédit immobilier,4.5,1248700.0,234500.0,7581000.0,188300.0,48,8.9,20.7,0.357,0,0,0,0,16.5,1467300.0,124.6
BNA002766,Slimani,Tarek,Particulier,Actif,Compte courant,26,Béjaïa,BTPH,Crédit d'exploitation,1.6,93800.0,23900.0,813000.0,13600.0,72,6.2,24.7,0.691,0,0,0,2,26.9,228100.0,121.1
BNA002767,Saidi,Youcef,Particulier,Actif,Compte courant,33,Laghouat,Commerce,Crédit d'investissement,16.1,126600.0,74400.0,910000.0,26700.0,36,3.58,86.0,0.293,2,0,30,1,30.9,-155600.0,98.0
BNA002768,Haddad,Nassim,Particulier,Actif,Compte courant,35,Béjaïa,Transport,Crédit d'exploitation,1.9,46900.0,32600.0,251000.0,5900.0,48,6.45,94.7,0.837,3,2,30,2,56.5,28700.0,68.8
BNA002769,Djelloul,Yacine,Particulier,Actif,Compte épargne,31,Alger,Pharmacie,Crédit d'exploitation,11.6,64100.0,45000.0,1120000.0,19300.0,72,7.46,80.8,0.542,2,0,30,1,41.6,7700.0,71.2
BNA002770,Slimani,Oussama,Particulier,Actif,Compte courant,65,Tlemcen,Transport,Crédit personnel,8.4,189800.0,106500.0,913000.0,16900.0,60,4.29,83.2,0.461,2,0,15,1,24.0,-104900.0,68.1
BNA002771,Khelifi,Yacine,PME,Actif,Compte épargne,56,Sétif,Agriculture,Crédit personnel,2.2,403500.0,168300.0,3352000.0,64400.0,60,5.73,73.3,0.056,1,0,120,3,25.3,-527600.0,37.8
BNA002772,Belkacem,Riad,Particulier,Actif,Compte épargne,39,Annaba,Santé,Crédit équipement,16.0,180300.0,122700.0,1125000.0,17900.0,72,4.64,56.0,0.677,1,1,180,2,22.9,64700.0,44.8
BNA002773,Djelloul,Samir,PME,Actif,Compte épargne,23,Blida,Services,Crédit d'investissement,12.8,1232200.0,673400.0,7619000.0,139500.0,72,9.56,72.4,0.024,1,0,30,6,30.4,-72100.0,72.0
BNA002774,Mansouri,Salim,Particulier,Actif,Compte entreprise,35,Constantine,Transport,Crédit immobilier,13.9,146600.0,61300.0,918000.0,15800.0,72,7.4,63.5,0.257,2,0,30,2,59.9,-15200.0,107.8
BNA002775,Benyahia,Zakaria,Particulier,Actif,Compte entreprise,38,Laghouat,Industrie,Crédit immobilier,9.9,157400.0,71600.0,750000.0,12200.0,84,9.27,68.8,0.136,3,1,15,2,32.9,-93100.0,98.2
BNA002776,Zerrouki,Anis,PME,Actif,Compte courant,50,Blida,Agriculture,Crédit d'investissement,1.0,376500.0,146400.0,5287000.0,105100.0,60,7.15,92.6,0.62,3,0,60,2,51.6,-469700.0,38.7
BNA002777,Benyahia,Islam,Particulier,Actif,Compte courant,44,Blida,Santé,Crédit d'investissement,8.8,90100.0,63100.0,619000.0,13000.0,60,9.49,64.6,0.095,1,2,0,1,21.3,-91400.0,56.2
BNA002778,Haddad,Bilal,PME,Actif,Compte courant,37,Batna,Services,Crédit équipement,5.2,301500.0,115700.0,1616000.0,31300.0,60,6.04,85.6,0.186,1,2,150,0,19.1,-322000.0,53.9
BNA002779,Khelifi,Amine,Particulier,Actif,Compte courant,55,Laghouat,Agriculture,Crédit immobilier,3.4,46500.0,28200.0,482000.0,6600.0,84,4.04,57.8,0.516,2,2,60,0,30.1,63400.0,76.5
BNA002780,Larbi,Islam,Particulier,Actif,Compte épargne,58,Oran,Pharmacie,Crédit équipement,12.2,79500.0,43000.0,934000.0,29100.0,36,7.63,87.9,0.224,2,3,90,1,34.1,181300.0,76.5
BNA002781,Dahmani,Imad,Particulier,Actif,Compte entreprise,46,Béjaïa,Pharmacie,Crédit immobilier,9.2,153400.0,110300.0,746000.0,12700.0,72,6.97,78.3,0.465,1,1,150,3,42.2,55500.0,45.4
BNA002782,Yahiaoui,Nabil,Grande Entreprise,Actif,Compte courant,65,Alger,Pharmacie,Crédit d'exploitation,0.2,2715300.0,1628400.0,7678000.0,126300.0,84,9.69,73.2,0.529,1,1,120,1,48.8,865200.0,33.3
BNA002783,Cherif,Zakaria,Professionnel,Actif,Compte épargne,40,Tlemcen,Transport,Crédit personnel,4.3,153100.0,119000.0,2270000.0,46600.0,60,8.48,64.5,0.286,4,1,5,2,28.0,113400.0,117.5
BNA002784,Larbi,Yacine,Particulier,Actif,Compte épargne,37,Sétif,Transport,Crédit immobilier,7.7,83100.0,15000.0,559000.0,9900.0,72,8.21,15.0,0.825,0,0,0,0,38.3,363600.0,151.7
BNA002785,Gacem,Amine,Particulier,Actif,Compte professionnel,32,Annaba,Industrie,Crédit équipement,8.1,102800.0,40000.0,1305000.0,24900.0,60,5.4,92.9,0.644,1,0,45,3,27.8,-86700.0,57.8
BNA002786,Mansouri,Ahmed,Particulier,Actif,Compte épargne,52,Béjaïa,Industrie,Crédit d'exploitation,4.2,47000.0,26800.0,461000.0,14000.0,36,5.9,50.5,0.405,2,1,30,0,64.0,-800.0,35.3
BNA002787,Khelifi,Islam,PME,Actif,Compte professionnel,24,Blida,Transport,Crédit d'exploitation,4.5,624500.0,150600.0,3417000.0,296200.0,12,7.35,46.1,0.466,0,1,0,0,21.5,-327600.0,51.4
BNA002788,Rahmani,Zakaria,Particulier,Actif,Compte courant,61,Oran,Transport,Crédit personnel,19.4,74000.0,44900.0,601000.0,19500.0,36,10.41,72.3,0.437,4,1,45,2,40.7,6800.0,37.4
BNA002789,Mebarki,Anis,Particulier,Actif,Compte courant,39,Tlemcen,Santé,Crédit immobilier,8.6,100400.0,54000.0,914000.0,16500.0,60,3.18,76.5,0.64,1,0,5,0,62.0,28300.0,54.9
BNA002790,Benali,Yacine,Particulier,Actif,Compte courant,48,Batna,Pharmacie,Crédit d'exploitation,11.6,129500.0,70300.0,293000.0,8600.0,36,3.44,64.1,0.174,2,1,30,4,16.3,163100.0,83.6
BNA002791,Benali,Ilyes,Particulier,Actif,Compte entreprise,38,Sétif,Commerce,Crédit d'exploitation,15.6,35000.0,15000.0,200000.0,4400.0,48,3.12,79.2,0.512,4,3,30,5,38.5,25400.0,51.3
BNA002792,Larbi,Yacine,Particulier,Actif,Compte courant,57,Sétif,BTPH,Crédit personnel,13.7,120200.0,15000.0,1425000.0,44700.0,36,8.04,32.0,0.754,1,0,0,0,22.1,36900.0,161.2
BNA002793,Mebarki,Bilal,Particulier,Actif,Compte courant,46,Batna,Commerce,Crédit personnel,5.3,59300.0,32100.0,200000.0,4000.0,60,7.9,76.4,0.0,2,0,10,1,37.7,-29900.0,40.9
BNA002794,Saidi,Yacine,Particulier,Suspendu,Compte épargne,30,Béjaïa,Services,Crédit équipement,1.1,111000.0,28400.0,970000.0,13200.0,84,3.78,20.1,0.692,0,0,0,0,20.3,320100.0,120.8
BNA002795,Rahmani,Sofiane,PME,Actif,Compte entreprise,62,Béjaïa,BTPH,Crédit équipement,5.4,496500.0,148800.0,1979000.0,40800.0,60,8.74,84.9,0.577,4,0,120,4,13.5,679000.0,75.8
BNA002796,Khelifi,Mourad,PME,Actif,Compte entreprise,37,Constantine,Commerce,Crédit d'investissement,11.3,1200200.0,398700.0,8749000.0,134400.0,84,7.54,78.0,0.66,0,1,90,1,42.8,-1034700.0,53.8
BNA002797,Mokhtar,Farid,Particulier,Actif,Compte entreprise,25,Béjaïa,Industrie,Crédit d'investissement,11.8,89100.0,30300.0,663000.0,12400.0,60,4.66,35.8,0.829,0,0,5,1,28.4,270200.0,172.0
BNA002798,Belkacem,Hichem,PME,Actif,Compte entreprise,43,Laghouat,Industrie,Crédit d'exploitation,2.3,1181700.0,554600.0,5780000.0,260400.0,24,7.62,62.0,0.365,2,1,0,1,30.2,-1187400.0,50.4
BNA002799,Guediri,Tarek,Particulier,Actif,Compte courant,63,Alger,Transport,Crédit immobilier,3.4,82200.0,37300.0,1254000.0,31800.0,48,9.97,59.5,0.69,2,1,15,3,57.8,-20900.0,78.7
BNA002800,Haddad,Yacine,Professionnel,Actif,Compte épargne,64,Laghouat,Pharmacie,Crédit d'exploitation,20.0,244600.0,125700.0,632000.0,19900.0,36,8.27,94.5,0.525,1,0,15,2,26.2,351300.0,75.0
BNA002801,Mansouri,Tarek,Particulier,Actif,Compte courant,30,Laghouat,Commerce,Crédit personnel,8.8,89700.0,28400.0,783000.0,19600.0,48,9.39,85.6,0.227,2,1,60,0,34.0,-12800.0,115.2
BNA002802,Boudiaf,Youcef,PME,Actif,Compte entreprise,61,Laghouat,Commerce,Crédit d'investissement,6.1,539200.0,331400.0,5518000.0,249100.0,24,7.83,78.1,0.257,2,0,5,0,36.3,361100.0,82.1
BNA002803,Saidi,Abdelkader,Particulier,Actif,Compte courant,34,Constantine,Services,Crédit d'exploitation,14.1,86900.0,59900.0,628000.0,10400.0,72,6.13,86.8,0.141,2,2,30,1,37.7,-62300.0,64.5
BNA002804,Mebarki,Aymen,Particulier,Actif,Compte courant,62,Constantine,Agriculture,Crédit d'investissement,5.4,49200.0,15000.0,324000.0,7300.0,48,3.95,52.5,0.775,0,0,5,2,22.1,1900.0,140.4
BNA002805,Ferhat,Imad,Particulier,Actif,Compte professionnel,25,Sétif,Industrie,Crédit équipement,1.6,64900.0,20800.0,701000.0,14900.0,60,10.01,61.4,0.621,0,0,0,0,27.0,81600.0,188.4
BNA002806,Belaid,Karim,PME,Actif,Compte épargne,24,Batna,Pharmacie,Crédit d'exploitation,1.6,1503100.0,1095000.0,8774000.0,162700.0,60,4.28,87.1,0.443,2,1,60,2,53.7,920000.0,21.7
BNA002807,Bensalem,Kamel,PME,Actif,Compte courant,45,Alger,Transport,Crédit d'investissement,5.1,392300.0,61900.0,2094000.0,47300.0,48,4.06,27.3,0.513,0,0,0,1,20.6,1198200.0,187.0
BNA002808,Larbi,Salim,PME,Actif,Compte courant,23,Laghouat,Transport,Crédit d'exploitation,3.7,2034000.0,1031000.0,5171000.0,96200.0,60,4.41,90.4,0.148,0,0,30,5,32.2,-2215500.0,88.7
BNA002809,Touati,Youcef,PME,Actif,Compte épargne,32,Béjaïa,BTPH,Crédit d'investissement,5.6,759900.0,613400.0,2667000.0,60800.0,48,4.47,81.0,0.361,4,0,45,2,68.8,1592700.0,54.6
BNA002810,Chibani,Zakaria,Particulier,Actif,Compte épargne,55,Laghouat,Transport,Crédit personnel,7.1,61500.0,15000.0,339000.0,6200.0,60,3.78,60.1,0.724,0,0,5,0,21.6,123000.0,52.1
BNA002811,Dahmani,Mohamed,Grande Entreprise,Actif,Compte professionnel,45,Oran,Transport,Crédit d'exploitation,2.5,1093400.0,798900.0,6234000.0,105700.0,72,6.79,72.8,0.431,2,2,90,1,45.6,-2070000.0,76.2
BNA002812,Touati,Islam,Particulier,Actif,Compte professionnel,36,Béjaïa,BTPH,Crédit équipement,10.7,35600.0,15000.0,287000.0,6000.0,60,9.63,19.5,0.529,0,0,0,0,22.4,82600.0,95.6
BNA002813,Chibani,Oussama,Particulier,Actif,Compte courant,37,Oran,Industrie,Crédit personnel,10.6,152500.0,76900.0,2181000.0,52300.0,48,7.1,35.1,0.693,0,0,0,0,21.4,163700.0,96.0
BNA002814,Ferhat,Oussama,Professionnel,Actif,Compte épargne,25,Sétif,BTPH,Crédit d'exploitation,10.4,361600.0,164400.0,6400000.0,197700.0,36,7.03,63.0,0.115,1,0,150,3,78.1,-104500.0,110.6
BNA002815,Touati,Karim,Particulier,Actif,Compte épargne,64,Béjaïa,Agriculture,Crédit d'investissement,1.0,59800.0,37700.0,301000.0,4600.0,72,3.35,83.5,0.12,0,1,45,2,69.3,-11300.0,60.7
BNA002816,Saidi,Zakaria,Particulier,Actif,Compte épargne,27,Oran,Pharmacie,Crédit personnel,6.8,169100.0,49700.0,1010000.0,19700.0,60,6.32,23.2,0.922,1,0,0,0,30.5,780500.0,127.3
BNA002817,Yahiaoui,Riad,Particulier,Actif,Compte professionnel,37,Annaba,BTPH,Crédit d'investissement,5.6,81700.0,50300.0,845000.0,12800.0,84,7.1,56.3,0.41,1,0,90,1,39.2,234700.0,45.2
BNA002818,Benyahia,Bilal,Professionnel,Actif,Compte courant,36,Constantine,Industrie,Crédit immobilier,7.1,333600.0,93500.0,3729000.0,91400.0,48,8.22,23.1,0.72,0,0,0,0,12.5,83900.0,131.9
BNA002819,Yahiaoui,Farid,PME,Actif,Compte courant,54,Blida,Agriculture,Crédit d'exploitation,8.3,595200.0,196000.0,2488000.0,50500.0,60,8.09,25.3,0.906,1,0,10,0,14.0,624300.0,57.3
BNA002820,Belaid,Oussama,Particulier,Actif,Compte professionnel,38,Biskra,Transport,Crédit d'investissement,3.2,115900.0,29100.0,755000.0,64400.0,12,4.21,33.1,0.97,2,0,0,0,38.6,411900.0,123.9
BNA002821,Djelloul,Youcef,Grande Entreprise,Actif,Compte professionnel,32,Alger,Commerce,Crédit personnel,7.4,1966800.0,481500.0,3929000.0,97300.0,48,8.75,34.0,0.93,0,0,10,0,22.4,2813700.0,82.0
BNA002822,Belkacem,Ibrahim,Professionnel,Actif,Compte courant,50,Tlemcen,Agriculture,Crédit personnel,7.3,215400.0,133600.0,1661000.0,52000.0,36,7.96,69.3,0.14,1,0,30,2,23.4,522500.0,82.3
BNA002823,Mebarki,Samir,Professionnel,Actif,Compte courant,30,Constantine,Santé,Crédit d'exploitation,5.4,406700.0,277300.0,4639000.0,145700.0,36,8.13,73.7,0.31,2,1,0,1,50.4,-73200.0,103.9
BNA002824,Khelifi,Ibrahim,Grande Entreprise,Actif,Compte courant,55,Sétif,Industrie,Crédit d'investissement,7.3,1068900.0,318600.0,5557000.0,163000.0,36,3.56,42.3,0.523,1,0,0,0,25.9,1595500.0,100.4
BNA002825,Saidi,Mohamed,PME,Actif,Compte courant,57,Djelfa,Services,Crédit immobilier,9.2,989600.0,515600.0,9223000.0,292900.0,36,8.91,74.6,0.466,2,1,30,2,52.5,739500.0,78.3
BNA002826,Brahimi,Ahmed,PME,Actif,Compte courant,64,Batna,BTPH,Crédit d'exploitation,7.5,507700.0,295900.0,2944000.0,56600.0,60,5.79,55.4,0.116,4,1,60,2,52.4,207400.0,73.2
BNA002827,Bensalem,Walid,PME,Actif,Compte courant,65,Béjaïa,Agriculture,Crédit immobilier,4.6,665500.0,225800.0,1116000.0,19900.0,72,8.69,31.8,0.86,0,1,15,0,29.9,495800.0,79.1
BNA002828,Ferhat,Adel,Particulier,Actif,Compte courant,45,Alger,Pharmacie,Crédit personnel,6.4,140200.0,78600.0,1321000.0,23700.0,72,8.88,74.9,0.263,1,0,15,1,51.5,-199600.0,51.6
BNA002829,Benali,Mourad,PME,Actif,Compte courant,39,Sétif,Industrie,Crédit personnel,7.3,520700.0,121400.0,1156000.0,98700.0,12,4.47,66.7,0.737,0,0,0,0,4.0,1023200.0,143.2
BNA002830,Larbi,Ibrahim,PME,Actif,Compte épargne,38,Djelfa,Pharmacie,Crédit équipement,6.0,813600.0,351200.0,6125000.0,119900.0,60,6.53,93.0,0.099,1,1,15,1,42.2,669500.0,33.2
BNA002831,Brahimi,Amine,Particulier,Actif,Compte courant,63,Batna,BTPH,Crédit personnel,7.8,115100.0,67300.0,582000.0,10500.0,60,3.34,42.9,0.336,0,2,90,1,30.1,39700.0,31.7
BNA002832,Belaid,Tarek,Particulier,Actif,Compte épargne,43,Laghouat,Commerce,Crédit d'investissement,1.9,137800.0,113900.0,791000.0,13200.0,72,6.32,56.9,0.158,0,1,5,0,36.2,14800.0,56.7
BNA002833,Djelloul,Islam,PME,Inactif,Compte épargne,59,Djelfa,Industrie,Crédit d'investissement,13.2,377500.0,104300.0,2007000.0,59200.0,36,3.96,27.6,0.901,0,0,0,1,25.8,644700.0,68.7
BNA002834,Hadji,Ilyes,Professionnel,Actif,Compte courant,54,Constantine,Santé,Crédit d'exploitation,8.0,92000.0,28900.0,1824000.0,40700.0,48,3.46,8.1,0.614,0,0,0,0,24.2,220500.0,74.4
BNA002835,Zerrouki,Anis,Particulier,Actif,Compte épargne,25,Laghouat,Pharmacie,Crédit d'exploitation,2.1,95600.0,62500.0,1041000.0,22100.0,60,9.98,70.3,0.341,0,0,60,1,31.2,215600.0,44.0
BNA002836,Larbi,Samir,Professionnel,Actif,Compte courant,37,Sétif,Agriculture,Crédit d'exploitation,3.8,113700.0,31100.0,1129000.0,36300.0,36,9.67,41.0,0.676,0,0,0,0,11.5,-169500.0,79.2
BNA002837,Chibani,Anis,PME,Actif,Compte courant,51,Djelfa,Commerce,Crédit immobilier,9.8,397700.0,167200.0,4452000.0,111600.0,48,9.37,40.9,0.776,1,0,0,0,23.1,469600.0,86.0
BNA002838,Chibani,Anis,Particulier,Actif,Compte entreprise,59,Alger,Industrie,Crédit d'exploitation,2.9,186100.0,126300.0,926000.0,42200.0,24,8.68,95.3,0.576,4,0,90,4,49.7,194200.0,61.6
BNA002839,Dahmani,Hichem,Professionnel,Actif,Compte épargne,62,Tlemcen,Santé,Crédit d'exploitation,12.1,249200.0,110500.0,3028000.0,63300.0,60,9.29,46.3,0.201,2,1,30,0,68.7,-14300.0,100.5
BNA002840,Haddad,Sofiane,Particulier,Inactif,Compte professionnel,44,Annaba,Agriculture,Crédit personnel,9.3,94500.0,59600.0,1295000.0,21900.0,72,6.74,82.0,0.495,1,1,30,1,42.1,10100.0,38.6
BNA002841,Touati,Imad,Particulier,Actif,Compte professionnel,34,Biskra,Industrie,Crédit d'investissement,3.5,125800.0,91600.0,859000.0,38900.0,24,8.12,62.8,0.613,0,1,45,4,40.6,267700.0,96.5
BNA002842,Larbi,Yacine,Particulier,Actif,Compte épargne,26,Batna,Services,Crédit d'exploitation,14.7,163300.0,72000.0,791000.0,17800.0,48,3.81,78.7,0.562,1,2,150,3,47.2,50900.0,68.0
BNA002843,Benyahia,Sofiane,PME,Actif,Compte courant,34,Oran,Pharmacie,Crédit d'exploitation,3.1,617800.0,339200.0,2845000.0,91800.0,36,10.02,69.8,0.635,1,1,150,1,52.7,965700.0,89.9
BNA002844,Gacem,Ibrahim,PME,Actif,Compte courant,46,Tlemcen,Services,Crédit personnel,0.8,1634400.0,378100.0,4996000.0,90100.0,60,3.16,32.5,0.827,0,0,0,0,21.9,5981500.0,99.5
BNA002845,Slimani,Karim,Particulier,Actif,Compte courant,61,Djelfa,Services,Crédit personnel,10.2,67200.0,39300.0,384000.0,6300.0,72,5.55,67.3,0.215,2,0,30,1,28.0,-36900.0,70.4
BNA002846,Chibani,Rachid,Particulier,Actif,Compte courant,37,Blida,Santé,Crédit d'exploitation,3.7,91200.0,27600.0,738000.0,16900.0,48,4.68,60.0,0.84,0,0,0,0,8.5,349900.0,98.0
BNA002847,Rahmani,Riad,Professionnel,Actif,Compte courant,58,Djelfa,BTPH,Crédit immobilier,7.1,289300.0,90000.0,4637000.0,201900.0,24,4.24,87.0,0.212,5,0,5,2,46.7,335300.0,73.5
BNA002848,Belkacem,Mourad,Particulier,Actif,Compte courant,27,Batna,BTPH,Crédit équipement,3.8,82400.0,50000.0,239000.0,5500.0,48,4.87,87.3,0.393,4,2,10,3,56.7,-48500.0,14.9
BNA002849,Meziane,Tarek,Particulier,Actif,Compte entreprise,38,Biskra,Pharmacie,Crédit équipement,7.5,42600.0,15000.0,301000.0,13200.0,24,4.62,24.4,0.632,1,1,0,0,13.3,80200.0,157.9
BNA002850,Hadji,Nassim,PME,Actif,Compte courant,37,Blida,BTPH,Crédit équipement,6.4,532700.0,192300.0,3692000.0,64300.0,72,7.75,87.3,0.691,5,0,120,2,48.8,-98700.0,79.5
BNA002851,Boudiaf,Imad,Grande Entreprise,Actif,Compte courant,25,Blida,BTPH,Crédit d'exploitation,6.5,1645800.0,841800.0,6246000.0,97700.0,72,4.0,89.5,0.683,3,2,90,3,47.5,-1263600.0,99.8
BNA002852,Slimani,Farid,Professionnel,Actif,Compte épargne,58,Djelfa,Industrie,Crédit d'investissement,2.6,319300.0,93700.0,4138000.0,120900.0,36,3.32,20.5,0.697,0,0,0,0,33.5,817000.0,101.5
BNA002853,Guediri,Youcef,Grande Entreprise,Actif,Compte professionnel,36,Tlemcen,Pharmacie,Crédit immobilier,2.7,2055000.0,396200.0,11513000.0,280900.0,48,7.96,50.0,0.873,0,0,5,0,17.1,8266300.0,75.5
BNA002854,Boudiaf,Ibrahim,PME,Actif,Compte courant,56,Tlemcen,Industrie,Crédit d'investissement,7.5,345300.0,110900.0,2291000.0,46000.0,60,7.55,23.3,0.782,0,0,0,0,18.8,644200.0,150.8
BNA002855,Mokhtar,Kamel,Particulier,Actif,Compte épargne,42,Alger,BTPH,Crédit d'investissement,14.5,214300.0,39100.0,2521000.0,56800.0,48,3.92,22.6,0.722,0,0,0,1,31.8,697000.0,64.5
BNA002856,Chibani,Nabil,Grande Entreprise,Actif,Compte épargne,62,Djelfa,Agriculture,Crédit personnel,8.1,1178700.0,555600.0,10464000.0,139100.0,84,3.17,69.7,0.384,2,0,90,4,42.5,2290300.0,60.5
BNA002857,Slimani,Anis,Grande Entreprise,Actif,Compte courant,49,Annaba,Transport,Crédit immobilier,7.7,2191800.0,1306700.0,10679000.0,217300.0,60,8.15,91.4,0.789,2,2,0,2,64.6,233700.0,34.0
BNA002858,Djelloul,Hichem,PME,Actif,Compte courant,36,Sétif,Services,Crédit immobilier,10.1,1131500.0,196500.0,13962000.0,416200.0,36,4.64,12.0,0.854,0,0,0,0,5.9,1424700.0,82.8
BNA002859,Slimani,Aymen,Grande Entreprise,Actif,Compte entreprise,62,Batna,Transport,Crédit d'investissement,3.4,2684400.0,887400.0,15427000.0,218300.0,84,5.03,24.6,0.635,0,0,0,1,29.8,6439600.0,161.1
BNA002860,Haddad,Aymen,Particulier,Actif,Compte entreprise,40,Batna,Santé,Crédit immobilier,7.2,240300.0,176300.0,886000.0,12800.0,84,5.67,69.4,0.086,0,0,90,2,34.8,162000.0,83.2
BNA002861,Gacem,Anis,Particulier,Actif,Compte épargne,52,Biskra,Commerce,Crédit immobilier,5.7,97500.0,36900.0,1353000.0,20700.0,72,3.3,69.1,0.193,2,0,150,3,59.5,58900.0,46.6
BNA002862,Belaid,Nabil,Particulier,Actif,Compte professionnel,60,Tlemcen,Services,Crédit d'exploitation,5.1,53400.0,20100.0,236000.0,7300.0,36,7.28,73.5,0.405,3,0,10,2,53.1,20000.0,75.1
BNA002863,Zerrouki,Anis,PME,Actif,Compte courant,60,Alger,BTPH,Crédit d'exploitation,20.0,581700.0,176000.0,3733000.0,64600.0,72,7.51,70.5,0.31,2,0,90,0,57.1,-131500.0,38.1
BNA002864,Meziane,Imad,Professionnel,Actif,Compte courant,24,Djelfa,Services,Crédit immobilier,2.1,334000.0,262900.0,2443000.0,73900.0,36,5.61,73.0,0.669,1,1,180,5,43.8,-521200.0,36.3
BNA002865,Haddad,Youcef,Professionnel,Actif,Compte courant,41,Blida,Santé,Crédit d'exploitation,3.1,59400.0,15000.0,1106000.0,16500.0,84,6.58,25.3,0.874,1,0,0,0,42.0,29300.0,84.2
BNA002866,Mebarki,Aymen,Particulier,Suspendu,Compte courant,48,Béjaïa,Commerce,Crédit d'exploitation,9.8,82700.0,32000.0,857000.0,15700.0,60,3.71,55.1,0.22,1,1,15,1,25.7,-53900.0,92.7
BNA002867,Benali,Farid,Particulier,Actif,Compte professionnel,29,Alger,Industrie,Crédit immobilier,7.5,144000.0,89800.0,1016000.0,22900.0,48,3.87,72.9,0.488,5,0,90,3,57.6,275300.0,61.1
BNA002868,Saidi,Walid,Particulier,Actif,Compte courant,52,Oran,Industrie,Crédit d'exploitation,5.4,115000.0,57000.0,918000.0,21500.0,48,5.95,81.3,0.432,1,0,45,4,24.9,48600.0,85.0
BNA002869,Belkacem,Samir,Particulier,Actif,Compte professionnel,65,Constantine,Transport,Crédit personnel,5.7,55600.0,39700.0,275000.0,12500.0,24,8.1,78.1,0.342,2,0,60,3,48.0,-56500.0,76.7
BNA002870,Haddad,Adel,Grande Entreprise,Actif,Compte épargne,62,Béjaïa,Pharmacie,Crédit d'investissement,9.2,394000.0,267100.0,4112000.0,85700.0,60,9.15,80.4,0.75,0,1,0,1,31.5,-472100.0,113.3
BNA002871,Zerrouki,Salim,PME,Actif,Compte épargne,46,Sétif,BTPH,Crédit d'investissement,0.5,323900.0,148200.0,1729000.0,35800.0,60,8.87,50.8,0.199,4,1,45,4,26.9,477800.0,69.3
BNA002872,Cherif,Abdelkader,Particulier,Actif,Compte courant,46,Tlemcen,Pharmacie,Crédit d'investissement,11.7,35900.0,24400.0,524000.0,15300.0,36,3.43,76.1,0.833,1,1,90,3,57.4,2700.0,89.1
BNA002873,Mansouri,Tarek,Professionnel,Inactif,Compte épargne,65,Blida,Services,Crédit d'exploitation,2.3,184400.0,79200.0,1404000.0,21200.0,84,7.06,82.2,0.772,0,1,150,3,54.4,-26400.0,78.9
BNA002874,Nouri,Walid,Particulier,Actif,Compte courant,63,Constantine,Santé,Crédit immobilier,7.2,132000.0,101300.0,1032000.0,24600.0,48,6.84,40.2,0.661,3,0,120,1,49.6,8500.0,51.6
BNA002875,Belkacem,Farid,Particulier,Actif,Compte professionnel,25,Sétif,Agriculture,Crédit équipement,15.0,57500.0,25200.0,428000.0,7500.0,72,8.03,29.2,0.795,0,0,0,0,20.3,188300.0,122.7
BNA002876,Djelloul,Zakaria,PME,Actif,Compte courant,34,Djelfa,Agriculture,Crédit personnel,6.9,887300.0,660500.0,4181000.0,94100.0,48,3.82,73.1,0.699,4,3,90,2,27.6,-1111000.0,93.5
BNA002877,Slimani,Bilal,PME,Actif,Compte professionnel,58,Batna,Commerce,Crédit personnel,4.5,797000.0,169000.0,2752000.0,122200.0,24,6.19,24.2,0.984,1,1,0,0,12.2,2010000.0,106.4
BNA002878,Belaid,Amine,Particulier,Actif,Compte courant,26,Djelfa,Services,Crédit équipement,1.9,101900.0,51300.0,1370000.0,34600.0,48,9.81,79.2,0.274,0,0,15,0,48.2,-132500.0,45.5
BNA002879,Saidi,Samir,Particulier,Actif,Compte entreprise,54,Djelfa,Services,Crédit immobilier,4.2,49900.0,37200.0,222000.0,5300.0,48,6.47,72.6,0.42,2,1,120,0,36.1,44400.0,54.4
BNA002880,Saidi,Ahmed,PME,Actif,Compte épargne,58,Tlemcen,Transport,Crédit d'exploitation,10.3,951300.0,290700.0,10007000.0,252000.0,48,9.62,24.7,0.719,0,0,0,0,31.8,2351900.0,109.8
BNA002881,Guediri,Adel,Particulier,Actif,Compte professionnel,63,Batna,Pharmacie,Crédit d'exploitation,15.8,99300.0,58900.0,802000.0,17900.0,48,3.37,94.6,0.318,1,1,60,0,43.8,-6100.0,67.3
BNA002882,Boudiaf,Sofiane,Professionnel,Actif,Compte courant,56,Annaba,BTPH,Crédit personnel,6.2,259900.0,145700.0,1647000.0,38100.0,48,5.2,75.4,0.407,2,0,30,0,32.3,132100.0,44.4
BNA002883,Belkacem,Ibrahim,Grande Entreprise,Actif,Compte épargne,38,Djelfa,Services,Crédit équipement,8.1,2121500.0,1409000.0,5540000.0,79300.0,84,5.4,100.0,0.244,3,2,45,1,30.9,-1181300.0,41.2
BNA002884,Saidi,Nabil,Particulier,Actif,Compte professionnel,65,Annaba,Transport,Crédit d'investissement,3.0,72800.0,18200.0,680000.0,12000.0,72,8.33,23.3,0.892,0,0,0,0,26.0,186000.0,150.2
BNA002885,Cherif,Mourad,Professionnel,Actif,Compte épargne,57,Oran,Pharmacie,Crédit d'exploitation,7.5,92700.0,20100.0,831000.0,20600.0,48,8.68,45.4,0.857,0,0,0,1,26.0,112000.0,69.3
BNA002886,Ferhat,Nabil,Particulier,Actif,Compte courant,27,Constantine,Commerce,Crédit d'exploitation,6.6,126300.0,90500.0,598000.0,12200.0,60,8.11,57.4,0.469,0,2,60,0,53.9,3400.0,92.2
BNA002887,Amrani,Zakaria,Particulier,Actif,Compte épargne,24,Oran,Transport,Crédit personnel,2.2,48400.0,28100.0,200000.0,4700.0,48,6.34,100.0,0.496,0,1,60,1,56.2,17900.0,59.0
BNA002888,Khelifi,Nabil,Particulier,Actif,Compte épargne,52,Alger,Transport,Crédit immobilier,4.3,71400.0,44100.0,370000.0,6700.0,60,3.49,59.5,0.49,2,3,45,3,68.7,115500.0,67.2
BNA002889,Amrani,Ilyes,PME,Actif,Compte professionnel,59,Djelfa,Transport,Crédit d'investissement,8.6,201400.0,36800.0,1414000.0,34800.0,48,8.39,34.9,0.929,0,1,15,0,13.0,289000.0,103.6
BNA002890,Benali,Oussama,Professionnel,Actif,Compte épargne,32,Sétif,Santé,Crédit d'investissement,8.7,384600.0,148200.0,4290000.0,62900.0,84,6.1,92.1,0.253,1,3,30,3,18.5,9200.0,102.4
BNA002891,Amrani,Sofiane,Particulier,Actif,Compte professionnel,24,Djelfa,Commerce,Crédit immobilier,17.1,92100.0,60400.0,311000.0,9700.0,36,7.96,81.9,0.455,3,2,60,1,21.6,123000.0,76.1
BNA002892,Gacem,Amine,PME,Actif,Compte courant,28,Laghouat,Agriculture,Crédit d'exploitation,6.9,339700.0,214400.0,1424000.0,44200.0,36,7.36,61.8,0.434,2,1,120,5,37.1,454600.0,79.4
BNA002893,Hadji,Islam,PME,Actif,Compte épargne,36,Djelfa,Pharmacie,Crédit équipement,6.7,1447300.0,378100.0,14766000.0,454900.0,36,6.84,86.9,0.549,2,0,90,0,30.6,592700.0,79.7
BNA002894,Benyahia,Oussama,Particulier,Actif,Compte courant,36,Batna,Commerce,Crédit d'investissement,4.8,119400.0,95000.0,409000.0,8500.0,60,9.14,61.1,0.608,1,3,10,1,39.2,86400.0,36.4
BNA002895,Saidi,Karim,Particulier,Actif,Compte courant,34,Sétif,BTPH,Crédit d'exploitation,1.6,141100.0,100500.0,1159000.0,18900.0,72,5.49,59.3,0.859,2,0,180,2,35.2,-62200.0,93.1
BNA002896,Ferhat,Farid,Particulier,Actif,Compte épargne,61,Sétif,Santé,Crédit d'exploitation,7.4,55800.0,16200.0,341000.0,4800.0,84,4.69,28.5,0.752,2,0,0,0,37.5,186900.0,109.6
BNA002897,Mokhtar,Mohamed,Particulier,Actif,Compte courant,53,Batna,Agriculture,Crédit d'investissement,6.7,106100.0,52400.0,1308000.0,57100.0,24,4.58,66.8,0.15,2,0,15,2,61.4,97000.0,90.4
BNA002898,Chibani,Mourad,Particulier,Actif,Compte épargne,64,Tlemcen,Industrie,Crédit personnel,15.8,55800.0,41100.0,397000.0,12500.0,36,8.52,88.3,0.681,1,3,30,2,44.5,8100.0,46.3
BNA002899,Benyahia,Sofiane,PME,Actif,Compte entreprise,32,Tlemcen,Santé,Crédit d'exploitation,3.2,1260000.0,638100.0,12847000.0,235100.0,60,3.74,75.5,0.866,1,1,60,2,29.3,-396200.0,6.0
BNA002900,Slimani,Anis,Professionnel,Actif,Compte professionnel,49,Djelfa,Agriculture,Crédit immobilier,12.2,247100.0,161100.0,1631000.0,28500.0,72,7.82,74.3,0.351,2,0,120,1,73.9,169400.0,95.8
BNA002901,Guediri,Rachid,PME,Actif,Compte professionnel,65,Alger,Pharmacie,Crédit d'investissement,7.6,1268800.0,276100.0,6632000.0,151900.0,48,4.72,46.3,0.845,0,0,5,0,27.4,2670300.0,91.4
BNA002902,Benyahia,Ahmed,Professionnel,Actif,Compte épargne,62,Batna,Commerce,Crédit immobilier,11.6,105700.0,16900.0,1630000.0,143000.0,12,9.65,31.0,0.82,1,0,0,0,15.2,170400.0,151.3
BNA002903,Meziane,Youcef,Particulier,Actif,Compte entreprise,58,Djelfa,Santé,Crédit d'exploitation,8.5,43000.0,33000.0,426000.0,9100.0,60,10.11,89.9,0.557,1,1,150,2,50.2,23500.0,42.8
BNA002904,Meziane,Imad,Professionnel,Actif,Compte épargne,47,Alger,Services,Crédit d'exploitation,9.8,189200.0,68800.0,2059000.0,31600.0,84,7.48,73.6,0.117,1,0,5,1,57.6,-88900.0,78.5
BNA002905,Amrani,Nabil,Particulier,Actif,Compte professionnel,65,Constantine,BTPH,Crédit personnel,2.9,72600.0,30800.0,326000.0,14600.0,24,6.73,45.2,0.914,0,0,0,1,13.2,177700.0,69.6
BNA002906,Touati,Kamel,Particulier,Actif,Compte épargne,40,Oran,Agriculture,Crédit personnel,13.6,68900.0,34400.0,401000.0,7600.0,60,5.19,71.2,0.423,0,1,15,2,35.7,78100.0,116.3
BNA002907,Belkacem,Riad,Particulier,Actif,Compte courant,47,Constantine,Transport,Crédit personnel,13.6,84500.0,15200.0,450000.0,10900.0,48,7.52,52.9,0.844,0,0,0,0,29.3,117400.0,60.2
BNA002908,Zerrouki,Ibrahim,Professionnel,Actif,Compte entreprise,48,Laghouat,BTPH,Crédit d'exploitation,5.4,106800.0,51600.0,1003000.0,16500.0,72,5.81,41.6,0.713,0,0,0,0,6.9,131200.0,92.9
BNA002909,Hadji,Kamel,Particulier,Inactif,Compte courant,62,Batna,Agriculture,Crédit équipement,7.4,47500.0,15000.0,926000.0,22600.0,48,7.98,23.7,0.836,0,0,0,0,24.0,71000.0,147.9
BNA002910,Guediri,Samir,Particulier,Actif,Compte courant,61,Alger,Agriculture,Crédit équipement,11.4,128100.0,103500.0,567000.0,24800.0,24,4.55,73.3,0.376,3,1,90,1,30.7,-225100.0,86.2
BNA002911,Djelloul,Aymen,Particulier,Actif,Compte épargne,38,Béjaïa,Pharmacie,Crédit personnel,6.4,101000.0,21400.0,1240000.0,29400.0,48,6.53,42.5,0.651,1,0,5,0,10.5,588200.0,176.3
BNA002912,Nouri,Hichem,PME,Actif,Compte professionnel,60,Tlemcen,Pharmacie,Crédit d'exploitation,14.3,337900.0,73300.0,1535000.0,46200.0,36,5.35,58.0,0.668,0,0,0,0,29.6,530200.0,151.1
BNA002913,Bensalem,Mourad,Particulier,Inactif,Compte entreprise,63,Biskra,Pharmacie,Crédit d'exploitation,4.6,73300.0,18600.0,551000.0,10300.0,72,10.32,91.7,0.233,5,1,30,2,68.5,152900.0,82.9
BNA002914,Mokhtar,Hichem,Particulier,Actif,Compte professionnel,58,Tlemcen,Industrie,Crédit personnel,10.4,109200.0,47800.0,536000.0,8100.0,84,6.91,91.6,0.198,0,3,90,2,27.4,-118600.0,56.4
BNA002915,Yahiaoui,Salim,PME,Actif,Compte courant,38,Béjaïa,Santé,Crédit immobilier,17.6,465000.0,202400.0,3760000.0,92100.0,48,8.17,93.9,0.482,1,1,60,0,58.5,-136900.0,53.6
BNA002916,Chibani,Mourad,PME,Actif,Compte professionnel,58,Béjaïa,Transport,Crédit d'exploitation,5.0,373200.0,161000.0,2613000.0,58800.0,48,3.8,72.0,0.5,1,0,30,1,51.2,-36500.0,84.1
BNA002917,Chibani,Salim,Professionnel,Actif,Compte courant,61,Blida,Services,Crédit d'exploitation,1.5,131000.0,90900.0,1493000.0,31300.0,60,9.44,77.4,0.631,0,1,60,2,58.1,197700.0,36.7
BNA002918,Saidi,Mourad,Particulier,Actif,Compte courant,61,Djelfa,Pharmacie,Crédit d'exploitation,14.2,164300.0,52600.0,925000.0,14600.0,84,8.45,16.1,0.66,0,0,0,0,23.7,533200.0,66.2
BNA002919,Hadji,Amine,Professionnel,Actif,Compte professionnel,47,Annaba,Services,Crédit d'investissement,5.1,316700.0,44700.0,4234000.0,124400.0,36,3.68,51.5,0.536,0,0,0,0,21.2,465100.0,97.9
BNA002920,Bensalem,Islam,PME,Inactif,Compte épargne,42,Batna,Agriculture,Crédit d'exploitation,3.9,840700.0,248100.0,8339000.0,171100.0,60,8.5,38.1,0.624,0,0,0,0,30.3,2566800.0,88.2
BNA002921,Boudiaf,Hichem,PME,Actif,Compte courant,32,Laghouat,Industrie,Crédit personnel,9.2,722100.0,265000.0,4302000.0,85300.0,60,7.07,85.4,0.27,1,0,15,2,43.2,-46600.0,20.8
BNA002922,Boudiaf,Sofiane,PME,Actif,Compte courant,31,Laghouat,BTPH,Crédit d'exploitation,10.5,249900.0,142300.0,4938000.0,97800.0,60,7.01,59.0,0.491,2,0,90,4,56.4,38800.0,69.6
BNA002923,Larbi,Sofiane,Particulier,Actif,Compte courant,34,Béjaïa,Transport,Crédit d'exploitation,5.3,68600.0,15000.0,281000.0,5100.0,60,3.2,23.4,0.67,0,0,0,0,32.9,148900.0,150.5
BNA002924,Cherif,Islam,Grande Entreprise,Actif,Compte professionnel,40,Oran,Industrie,Crédit d'investissement,6.8,2683600.0,724300.0,10970000.0,322100.0,36,3.63,35.6,0.722,0,0,0,0,7.1,-1373500.0,109.5
BNA002925,Touati,Hichem,Particulier,Actif,Compte entreprise,61,Djelfa,Services,Crédit personnel,1.5,105200.0,18300.0,1291000.0,31500.0,48,7.95,47.7,0.802,0,0,0,0,19.9,119800.0,102.9
BNA002926,Slimani,Samir,Grande Entreprise,Inactif,Compte entreprise,57,Sétif,Transport,Crédit d'investissement,7.4,2610400.0,915800.0,14575000.0,205800.0,84,4.97,61.9,0.154,0,1,30,1,18.4,808800.0,22.6
BNA002927,Chibani,Farid,PME,Actif,Compte épargne,40,Biskra,Commerce,Crédit d'exploitation,5.5,2593900.0,589200.0,24815000.0,514000.0,60,8.91,9.7,0.793,0,0,0,0,24.2,2342300.0,48.7
BNA002928,Cherif,Farid,Particulier,Actif,Compte courant,58,Blida,Industrie,Crédit d'investissement,13.5,90300.0,22500.0,475000.0,11800.0,48,8.8,23.0,0.75,0,0,0,1,23.4,352300.0,146.3
BNA002929,Touati,Riad,Particulier,Actif,Compte courant,60,Batna,Pharmacie,Crédit d'investissement,10.3,113500.0,37300.0,907000.0,40500.0,24,6.68,73.8,0.302,2,3,150,2,48.3,-56100.0,40.0
BNA002930,Gacem,Rachid,Particulier,Actif,Compte courant,54,Sétif,Commerce,Crédit personnel,9.0,72800.0,49500.0,808000.0,14600.0,60,3.15,48.6,0.201,1,1,0,4,70.2,132200.0,49.1
BNA002931,Belkacem,Riad,Professionnel,Actif,Compte courant,28,Laghouat,Commerce,Crédit d'investissement,6.6,332600.0,38300.0,2060000.0,37900.0,72,9.75,6.6,0.639,1,0,30,0,30.8,469200.0,106.2
BNA002932,Dahmani,Youcef,Particulier,Actif,Compte courant,38,Sétif,Pharmacie,Crédit immobilier,5.2,81100.0,29900.0,340000.0,15400.0,24,8.17,14.4,0.838,1,0,0,0,19.4,235600.0,91.0
BNA002933,Belaid,Aymen,Particulier,Actif,Compte entreprise,29,Biskra,Commerce,Crédit d'exploitation,9.6,55800.0,32200.0,668000.0,15000.0,48,3.8,44.3,0.105,2,2,60,2,48.9,-46500.0,9.7
BNA002934,Mebarki,Rachid,Particulier,Actif,Compte courant,33,Béjaïa,Transport,Crédit d'exploitation,5.7,50300.0,18700.0,677000.0,16000.0,48,6.2,27.4,0.885,2,0,0,0,13.1,155200.0,138.5
BNA002935,Benali,Bilal,Particulier,Actif,Compte professionnel,36,Oran,Santé,Crédit d'investissement,5.1,95000.0,57700.0,710000.0,31500.0,24,6.09,84.8,0.39,4,1,60,1,41.7,-66800.0,66.2
BNA002936,Mokhtar,Rachid,PME,Actif,Compte professionnel,32,Blida,Santé,Crédit personnel,20.0,1343300.0,972200.0,10614000.0,191500.0,60,3.17,88.3,0.331,0,1,10,0,51.6,-1100500.0,51.7
BNA002937,Zerrouki,Rachid,Particulier,Inactif,Compte courant,29,Annaba,Services,Crédit d'exploitation,4.8,82500.0,66600.0,886000.0,11800.0,84,3.32,55.8,0.609,2,2,30,4,12.7,-48700.0,29.1
BNA002938,Saidi,Farid,PME,Actif,Compte professionnel,34,Alger,Industrie,Crédit d'investissement,11.6,220300.0,63000.0,1610000.0,38200.0,48,6.55,18.6,0.771,0,0,0,0,10.0,364400.0,77.1
BNA002939,Hadji,Mohamed,Professionnel,Actif,Compte entreprise,54,Oran,Commerce,Crédit équipement,5.2,123400.0,70000.0,1794000.0,40400.0,48,3.91,69.4,0.227,1,2,15,4,52.9,4300.0,31.2
BNA002940,Rahmani,Youcef,PME,Actif,Compte courant,54,Batna,Transport,Crédit d'investissement,6.4,1152900.0,769500.0,2721000.0,119400.0,24,5.0,64.5,0.506,1,1,90,3,50.2,-2222600.0,94.0
BNA002941,Amrani,Rachid,Particulier,Actif,Compte professionnel,62,Annaba,Agriculture,Crédit d'exploitation,1.6,57900.0,35200.0,409000.0,9100.0,48,3.3,84.5,0.139,2,0,90,1,7.9,97700.0,38.2
BNA002942,Meziane,Rachid,Particulier,Actif,Compte courant,43,Alger,BTPH,Crédit immobilier,7.8,129800.0,39800.0,872000.0,13900.0,84,8.8,25.5,0.495,0,0,0,1,24.2,133900.0,92.6
BNA002943,Mokhtar,Islam,PME,Actif,Compte professionnel,56,Batna,Pharmacie,Crédit d'investissement,2.2,489800.0,321800.0,2240000.0,99100.0,24,5.81,94.9,0.13,3,1,15,5,17.3,636600.0,75.3
BNA002944,Touati,Imad,Particulier,Actif,Compte courant,64,Djelfa,BTPH,Crédit personnel,11.3,42100.0,25300.0,481000.0,9000.0,60,4.85,45.7,0.399,3,0,60,3,43.8,37500.0,78.9
BNA002945,Meziane,Hichem,PME,Actif,Compte courant,58,Constantine,Pharmacie,Crédit équipement,6.4,211700.0,126700.0,2584000.0,48800.0,60,5.01,61.5,0.331,4,1,150,2,48.1,328700.0,94.0
BNA002946,Ferhat,Salim,Particulier,Actif,Compte courant,55,Tlemcen,Commerce,Crédit d'investissement,5.7,40100.0,23300.0,409000.0,18600.0,24,8.45,87.3,0.837,3,1,60,1,24.1,8100.0,44.3
BNA002947,Rahmani,Sofiane,Particulier,Actif,Compte entreprise,26,Blida,Commerce,Crédit immobilier,20.0,294000.0,122500.0,903000.0,19200.0,60,10.04,51.1,0.619,5,0,45,1,30.0,-427800.0,28.8
BNA002948,Cherif,Samir,Particulier,Actif,Compte courant,37,Sétif,Industrie,Crédit équipement,20.0,66900.0,15000.0,431000.0,13100.0,36,6.1,32.2,0.896,1,0,0,1,24.8,298300.0,169.4
BNA002949,Yahiaoui,Youcef,PME,Actif,Compte courant,34,Annaba,Services,Crédit d'investissement,7.9,886400.0,622100.0,4938000.0,102300.0,60,8.91,45.8,0.347,0,2,150,1,25.4,-635800.0,99.2
BNA002950,Djelloul,Nabil,Particulier,Actif,Compte entreprise,54,Sétif,Agriculture,Crédit d'exploitation,3.5,62100.0,33200.0,807000.0,16300.0,60,7.9,85.1,0.247,1,1,150,0,48.3,30800.0,67.2
BNA002951,Saidi,Mourad,Professionnel,Actif,Compte professionnel,31,Biskra,Transport,Crédit équipement,4.2,287300.0,48200.0,2477000.0,108700.0,24,5.02,13.0,0.886,0,0,0,0,18.2,896700.0,83.0
BNA002952,Hadji,Youcef,PME,Actif,Compte entreprise,34,Djelfa,Agriculture,Crédit d'investissement,2.9,634300.0,454800.0,4333000.0,106800.0,48,8.51,87.8,0.786,0,0,15,0,49.3,-783600.0,96.5
BNA002953,Nouri,Rachid,Professionnel,Actif,Compte épargne,24,Oran,Santé,Crédit équipement,5.1,226000.0,143200.0,1225000.0,22500.0,60,3.91,76.0,0.06,4,1,15,2,21.4,44700.0,35.9
BNA002954,Khelifi,Amine,PME,Actif,Compte entreprise,23,Béjaïa,Industrie,Crédit d'exploitation,17.4,524900.0,196800.0,3689000.0,115100.0,36,7.71,88.9,0.313,2,1,0,3,9.1,-397800.0,71.6
BNA002955,Rahmani,Walid,PME,Actif,Compte courant,62,Béjaïa,BTPH,Crédit équipement,4.6,768200.0,136900.0,5354000.0,101700.0,60,5.25,29.0,0.363,0,0,0,0,22.8,2269800.0,98.2
BNA002956,Dahmani,Imad,PME,Actif,Compte épargne,31,Alger,Industrie,Crédit équipement,2.6,425000.0,270700.0,1274000.0,24600.0,60,5.89,74.6,0.127,2,0,150,2,40.1,577700.0,7.1
BNA002957,Hadji,Hichem,Particulier,Actif,Compte épargne,56,Constantine,BTPH,Crédit d'investissement,3.7,62800.0,41800.0,461000.0,7100.0,84,7.78,71.3,0.09,1,1,120,1,35.9,46800.0,79.2
BNA002958,Bensalem,Abdelkader,Particulier,Actif,Compte épargne,56,Béjaïa,Agriculture,Crédit personnel,12.8,90600.0,55700.0,762000.0,18600.0,48,8.04,80.5,0.025,1,0,10,2,55.8,44400.0,50.1
BNA002959,Touati,Mourad,Particulier,Actif,Compte entreprise,54,Batna,Industrie,Crédit d'investissement,8.5,134600.0,64300.0,847000.0,38400.0,24,8.14,86.2,0.0,1,2,60,5,50.8,103100.0,60.2
BNA002960,Belkacem,Hichem,Particulier,Actif,Compte courant,56,Alger,Agriculture,Crédit d'investissement,1.6,77700.0,22500.0,1009000.0,16300.0,72,5.16,31.8,0.939,0,0,0,0,7.6,-115900.0,146.9
BNA002961,Mokhtar,Aymen,Particulier,Actif,Compte épargne,42,Oran,Services,Crédit d'exploitation,7.5,72500.0,48400.0,966000.0,17800.0,72,9.85,94.6,0.395,3,0,5,1,45.2,-81200.0,35.0
BNA002962,Ferhat,Hichem,PME,Actif,Compte courant,40,Sétif,Pharmacie,Crédit d'exploitation,1.5,261800.0,124900.0,1318000.0,40600.0,36,6.92,62.7,0.298,1,0,180,3,38.4,-91200.0,71.6
BNA002963,Belkacem,Nassim,PME,Actif,Compte professionnel,25,Blida,Pharmacie,Crédit immobilier,4.4,630700.0,388600.0,6961000.0,213300.0,36,6.48,65.5,0.342,0,1,60,2,31.0,380700.0,26.2
BNA002964,Djelloul,Adel,Particulier,Actif,Compte professionnel,25,Annaba,Industrie,Crédit personnel,0.9,154000.0,67900.0,1732000.0,53500.0,36,7.02,71.3,0.348,1,2,15,1,49.2,258300.0,70.8
BNA002965,Touati,Ibrahim,Particulier,Actif,Compte épargne,48,Laghouat,Transport,Crédit d'exploitation,2.7,144300.0,95100.0,636000.0,19200.0,36,5.54,82.5,0.231,2,0,60,1,40.3,46200.0,61.3
BNA002966,Brahimi,Samir,PME,Actif,Compte courant,49,Béjaïa,BTPH,Crédit d'exploitation,10.0,967600.0,606700.0,13108000.0,263200.0,60,7.58,28.0,0.367,3,1,5,2,40.6,-553000.0,64.8
BNA002967,Boudiaf,Mourad,PME,Actif,Compte professionnel,49,Oran,Industrie,Crédit personnel,3.6,1114700.0,817900.0,10973000.0,326700.0,36,4.55,77.1,0.493,3,0,15,3,35.8,1782800.0,16.3
BNA002968,Belkacem,Ilyes,PME,Inactif,Compte courant,35,Constantine,Commerce,Crédit immobilier,9.7,889500.0,132600.0,3599000.0,75400.0,60,9.42,10.6,0.755,0,0,0,0,31.4,2763100.0,117.4
BNA002969,Khelifi,Ilyes,Particulier,Actif,Compte professionnel,28,Biskra,Services,Crédit personnel,12.9,169300.0,37900.0,1162000.0,24900.0,60,10.39,2.0,0.479,3,0,15,0,24.1,453200.0,95.0
BNA002970,Dahmani,Mohamed,Particulier,Actif,Compte courant,59,Tlemcen,Industrie,Crédit équipement,17.3,43400.0,27200.0,369000.0,7900.0,60,10.42,67.6,0.225,2,2,10,2,46.2,-12100.0,30.7
BNA002971,Zerrouki,Tarek,Professionnel,Actif,Compte entreprise,62,Sétif,Agriculture,Crédit équipement,9.8,192200.0,135200.0,2752000.0,56800.0,60,8.75,68.3,0.301,1,2,0,4,25.5,19300.0,60.4
BNA002972,Boudiaf,Oussama,Particulier,Actif,Compte courant,31,Béjaïa,Commerce,Crédit personnel,6.9,81500.0,48700.0,941000.0,23300.0,48,8.81,65.5,0.613,1,1,60,1,40.3,-17200.0,49.0
BNA002973,Nouri,Yacine,PME,Actif,Compte courant,55,Constantine,Agriculture,Crédit immobilier,11.2,713100.0,133200.0,5595000.0,482000.0,12,6.16,15.8,0.544,1,0,0,0,25.8,1255900.0,130.9
BNA002974,Belaid,Sofiane,PME,Actif,Compte courant,49,Laghouat,Services,Crédit personnel,4.5,572500.0,447600.0,2549000.0,109800.0,24,3.25,96.4,0.183,2,1,60,2,27.0,24900.0,39.4
BNA002975,Gacem,Walid,Professionnel,Actif,Compte courant,45,Oran,BTPH,Crédit personnel,10.8,137200.0,18800.0,1031000.0,25500.0,48,8.74,30.2,0.496,0,0,10,0,26.5,-154300.0,174.6
BNA002976,Hadji,Samir,Particulier,Actif,Compte épargne,34,Djelfa,Santé,Crédit personnel,2.5,82500.0,41100.0,1362000.0,43000.0,36,8.49,86.9,0.221,2,1,180,2,45.8,13200.0,18.8
BNA002977,Djelloul,Youcef,Grande Entreprise,Actif,Compte courant,38,Constantine,BTPH,Crédit personnel,20.0,2188600.0,969000.0,19706000.0,382800.0,60,6.2,74.0,0.661,4,0,30,1,32.2,-2036800.0,52.9
BNA002978,Mebarki,Nassim,Particulier,Actif,Compte courant,53,Djelfa,Transport,Crédit d'investissement,3.2,73300.0,18900.0,411000.0,9400.0,48,4.61,44.5,0.746,0,0,0,0,32.6,254600.0,37.2
BNA002979,Mansouri,Kamel,Particulier,Actif,Compte professionnel,35,Oran,Agriculture,Crédit personnel,3.7,87600.0,15400.0,724000.0,17500.0,48,7.34,22.4,0.647,1,0,0,0,25.2,450600.0,113.1
BNA002980,Haddad,Sofiane,PME,Actif,Compte courant,46,Sétif,Services,Crédit d'investissement,6.5,194200.0,34800.0,1248000.0,29300.0,48,5.92,49.8,0.687,1,0,0,0,18.5,114800.0,91.4
BNA002981,Hadji,Samir,PME,Actif,Compte courant,35,Tlemcen,Santé,Crédit immobilier,10.9,2458200.0,1003200.0,20533000.0,399700.0,60,6.29,80.3,0.157,0,1,90,2,58.8,-1558200.0,21.0
BNA002982,Bensalem,Ilyes,Particulier,Actif,Compte professionnel,57,Sétif,Pharmacie,Crédit d'investissement,5.4,58900.0,23100.0,558000.0,24500.0,24,4.98,79.6,0.737,2,1,45,1,41.5,-11400.0,85.1
BNA002983,Hadji,Kamel,Particulier,Actif,Compte courant,33,Oran,Industrie,Crédit d'exploitation,5.3,99900.0,65400.0,763000.0,22500.0,36,3.92,73.1,0.36,1,3,60,3,40.5,-38000.0,75.2
BNA002984,Mokhtar,Farid,Particulier,Actif,Compte courant,35,Tlemcen,BTPH,Crédit personnel,8.6,96500.0,29700.0,1100000.0,34300.0,36,7.67,67.6,0.46,1,2,0,6,77.0,44500.0,47.9
BNA002985,Guediri,Zakaria,Particulier,Actif,Compte professionnel,27,Biskra,Agriculture,Crédit équipement,8.0,80300.0,56400.0,701000.0,20400.0,36,3.09,77.3,0.196,1,0,10,1,15.0,14700.0,56.3
BNA002986,Boudiaf,Salim,PME,Actif,Compte épargne,63,Tlemcen,Santé,Crédit d'investissement,3.0,991300.0,527300.0,7160000.0,113100.0,84,8.42,83.5,0.207,1,0,45,5,26.1,-485800.0,106.6
BNA002987,Bensalem,Hichem,PME,Actif,Compte courant,61,Béjaïa,Commerce,Crédit équipement,4.2,457200.0,165300.0,4378000.0,129200.0,36,3.98,20.2,0.534,0,0,0,0,16.3,703100.0,124.6
BNA002988,Ferhat,Islam,Grande Entreprise,Actif,Compte professionnel,54,Biskra,Santé,Crédit d'investissement,8.9,4454400.0,1430100.0,11413000.0,259500.0,48,4.35,53.0,0.476,0,0,90,2,18.6,-1648200.0,93.9
BNA002989,Gacem,Walid,PME,Actif,Compte épargne,41,Batna,Services,Crédit d'exploitation,7.5,536200.0,364900.0,2555000.0,78100.0,36,6.34,84.3,0.245,1,1,120,2,54.6,416400.0,61.0
BNA002990,Slimani,Mohamed,Professionnel,Actif,Compte professionnel,59,Oran,Industrie,Crédit d'exploitation,7.4,233700.0,177200.0,2687000.0,85000.0,36,8.61,80.6,0.414,1,2,90,1,42.3,-364600.0,68.4
BNA002991,Benali,Adel,PME,Actif,Compte courant,31,Alger,BTPH,Crédit d'exploitation,5.4,192400.0,48100.0,1381000.0,44200.0,36,9.48,49.9,0.599,1,0,0,0,10.0,370600.0,92.2
BNA002992,Zerrouki,Aymen,Particulier,Actif,Compte courant,52,Alger,Commerce,Crédit immobilier,5.4,112800.0,79900.0,529000.0,15400.0,36,3.21,73.8,0.382,1,0,60,2,57.8,-102800.0,69.2
BNA002993,Saidi,Nassim,PME,Actif,Compte entreprise,28,Djelfa,Commerce,Crédit d'exploitation,3.3,454400.0,312800.0,5451000.0,243100.0,24,6.61,76.7,0.226,2,1,15,0,26.7,345700.0,69.4
BNA002994,Boudiaf,Ibrahim,PME,Actif,Compte courant,37,Béjaïa,Services,Crédit d'exploitation,10.5,536900.0,329700.0,4078000.0,97700.0,48,7.01,67.3,0.178,3,0,10,2,68.2,523500.0,44.8
BNA002995,Benali,Ibrahim,Particulier,Actif,Compte professionnel,63,Oran,Santé,Crédit d'investissement,4.4,102000.0,45200.0,597000.0,52400.0,12,9.74,71.5,0.229,0,0,60,2,42.0,-58900.0,49.0
BNA002996,Mansouri,Anis,PME,Actif,Compte entreprise,48,Sétif,Transport,Crédit immobilier,4.9,812700.0,335500.0,8457000.0,161600.0,60,5.51,55.2,0.372,3,0,90,0,49.7,457700.0,51.8
BNA002997,Khelifi,Tarek,PME,Actif,Compte courant,24,Blida,Agriculture,Crédit équipement,11.3,965400.0,378800.0,13460000.0,412800.0,36,6.54,15.2,0.806,4,1,0,0,34.3,974200.0,102.1
BNA002998,Saidi,Nabil,Grande Entreprise,Actif,Compte épargne,31,Biskra,Pharmacie,Crédit équipement,2.5,2805800.0,1388600.0,43853000.0,741800.0,72,6.72,81.4,0.552,3,0,30,0,42.3,434900.0,80.3
BNA002999,Belkacem,Ilyes,Particulier,Actif,Compte courant,49,Biskra,Commerce,Crédit immobilier,6.5,100300.0,80200.0,749000.0,13500.0,60,3.03,54.5,0.692,0,4,90,1,39.9,107400.0,43.1
BNA003000,Chibani,Youcef,Particulier,Actif,Compte courant,29,Blida,Santé,Crédit immobilier,3.2,108600.0,63800.0,962000.0,29600.0,36,6.66,84.8,0.481,3,1,90,1,5.1,202700.0,61.1
BNA003001,Khelifi,Youcef,Particulier,Inactif,Compte courant,35,Djelfa,Commerce,Crédit d'investissement,12.4,123200.0,85800.0,1169000.0,37400.0,36,9.46,66.5,0.426,2,0,120,1,46.6,151400.0,88.3
BNA003002,Brahimi,Mohamed,Particulier,Actif,Compte courant,29,Laghouat,Transport,Crédit d'exploitation,5.2,96700.0,45800.0,843000.0,13900.0,72,5.79,68.4,0.42,2,1,60,2,49.4,-16800.0,59.5
BNA003003,Khelifi,Sofiane,Particulier,Suspendu,Compte courant,63,Béjaïa,Commerce,Crédit personnel,5.5,40300.0,15000.0,563000.0,11700.0,60,8.96,10.8,0.714,0,0,0,0,27.0,107200.0,74.9
BNA003004,Belaid,Salim,PME,Inactif,Compte épargne,49,Alger,Agriculture,Crédit d'exploitation,3.4,1974400.0,1165700.0,8138000.0,125500.0,84,7.66,60.9,0.247,1,2,45,1,50.0,-9200.0,62.5
BNA003005,Amrani,Ibrahim,Particulier,Actif,Compte épargne,34,Béjaïa,Industrie,Crédit immobilier,2.9,113800.0,75100.0,1288000.0,41400.0,36,9.7,91.8,0.511,0,0,60,0,14.9,-2200.0,60.1
BNA003006,Boudiaf,Adel,Particulier,Actif,Compte professionnel,42,Biskra,Commerce,Crédit d'exploitation,5.5,110200.0,44200.0,1484000.0,43800.0,36,3.95,58.8,0.252,2,0,30,1,62.0,-10000.0,46.5
BNA003007,Nouri,Samir,Professionnel,Actif,Compte courant,41,Djelfa,Transport,Crédit d'exploitation,2.6,119200.0,64000.0,597000.0,26900.0,24,7.59,69.2,0.39,1,1,90,2,47.8,17300.0,58.8
BNA003008,Zerrouki,Karim,Particulier,Actif,Compte courant,36,Constantine,Commerce,Crédit personnel,1.6,50100.0,15000.0,346000.0,6900.0,60,7.47,52.5,0.963,0,0,0,0,31.7,161300.0,66.5
BNA003009,Guediri,Ibrahim,PME,Actif,Compte épargne,29,Alger,Services,Crédit d'exploitation,4.3,519600.0,419500.0,4826000.0,123200.0,48,10.36,88.4,0.241,2,0,0,2,60.7,-591600.0,55.4
BNA003010,Meziane,Islam,Particulier,Actif,Compte entreprise,29,Oran,Commerce,Crédit immobilier,9.2,77100.0,19000.0,312000.0,13500.0,24,3.48,24.5,0.746,0,0,0,0,26.9,238700.0,131.9
BNA003011,Guediri,Riad,Professionnel,Actif,Compte épargne,42,Blida,Industrie,Crédit d'exploitation,15.9,299100.0,51400.0,3780000.0,85300.0,48,3.97,31.2,0.844,0,0,0,0,18.4,181300.0,148.4
BNA003012,Rahmani,Bilal,Professionnel,Actif,Compte épargne,28,Alger,Pharmacie,Crédit personnel,10.4,171800.0,128100.0,1649000.0,34100.0,60,8.79,78.2,0.538,2,0,15,0,23.0,87100.0,74.2
BNA003013,Amrani,Yacine,Particulier,Actif,Compte entreprise,62,Blida,Pharmacie,Crédit immobilier,9.3,130400.0,76200.0,1903000.0,39100.0,60,8.57,84.9,0.183,5,1,30,0,8.7,56100.0,58.1
BNA003014,Djelloul,Amine,Professionnel,Actif,Compte courant,61,Béjaïa,Santé,Crédit d'investissement,17.9,275000.0,50800.0,1725000.0,33800.0,60,6.52,50.6,0.773,0,0,0,0,33.9,415600.0,89.3
BNA003015,Boudiaf,Ibrahim,Grande Entreprise,Actif,Compte épargne,57,Laghouat,Commerce,Crédit immobilier,11.5,3432600.0,1077600.0,17673000.0,1517800.0,12,5.6,65.5,0.455,0,1,5,5,43.5,-1033800.0,38.3
BNA003016,Amrani,Kamel,PME,Actif,Compte courant,59,Blida,BTPH,Crédit immobilier,8.8,413500.0,127800.0,3275000.0,83600.0,48,10.32,79.8,0.54,1,0,60,3,65.0,-263700.0,74.3
BNA003017,Mansouri,Imad,Particulier,Actif,Compte épargne,62,Alger,Transport,Crédit d'investissement,4.3,84700.0,44900.0,874000.0,19900.0,48,4.34,71.6,0.518,1,0,5,4,64.5,-8900.0,49.6
BNA003018,Benali,Youcef,Particulier,Actif,Compte épargne,46,Laghouat,Transport,Crédit personnel,3.1,182600.0,105600.0,1486000.0,47500.0,36,9.36,76.5,0.383,2,1,60,1,49.3,-12500.0,81.6
BNA003019,Bensalem,Salim,PME,Actif,Compte courant,39,Blida,Services,Crédit immobilier,5.7,702200.0,538300.0,3507000.0,78600.0,48,3.64,91.6,0.529,4,2,180,1,34.5,-43900.0,68.9
BNA003020,Belaid,Bilal,Particulier,Actif,Compte épargne,30,Djelfa,Transport,Crédit personnel,7.9,165400.0,85200.0,1107000.0,19200.0,72,7.67,14.3,0.489,1,0,0,1,13.3,267200.0,139.9
BNA003021,Rahmani,Farid,Professionnel,Actif,Compte épargne,62,Blida,Santé,Crédit immobilier,6.5,126200.0,81900.0,1205000.0,24000.0,60,7.21,100.0,0.62,4,0,90,0,54.4,-87400.0,61.1
BNA003022,Khelifi,Farid,PME,Actif,Compte entreprise,24,Laghouat,Santé,Crédit d'investissement,20.0,492800.0,277500.0,4488000.0,145200.0,36,10.2,45.5,0.189,1,0,45,1,35.8,371900.0,56.2
BNA003023,Amrani,Farid,Professionnel,Actif,Compte courant,57,Batna,Pharmacie,Crédit d'exploitation,14.5,299000.0,106200.0,5148000.0,122200.0,48,6.53,25.7,0.562,0,0,0,0,36.6,11700.0,77.5
BNA003024,Haddad,Imad,Particulier,Actif,Compte entreprise,40,Alger,Services,Crédit d'exploitation,4.4,89800.0,39900.0,447000.0,6800.0,72,3.25,50.4,0.675,1,1,0,0,6.7,299600.0,167.0
BNA003025,Gacem,Salim,Grande Entreprise,Actif,Compte courant,46,Constantine,Services,Crédit d'investissement,16.5,1353800.0,812300.0,5359000.0,245000.0,24,9.09,83.9,0.232,0,1,90,1,64.0,1143900.0,110.7
BNA003026,Benyahia,Kamel,Particulier,Actif,Compte courant,42,Alger,Services,Crédit équipement,14.7,92600.0,61600.0,1039000.0,16800.0,72,5.2,63.8,0.513,2,2,120,3,40.5,-65300.0,99.7
BNA003027,Brahimi,Hichem,Particulier,Actif,Compte courant,42,Béjaïa,Industrie,Crédit d'investissement,5.3,116200.0,61900.0,819000.0,13800.0,72,6.64,66.2,0.442,5,0,90,1,33.8,94200.0,27.7
BNA003028,Hadji,Salim,Professionnel,Actif,Compte courant,55,Biskra,Pharmacie,Crédit d'exploitation,3.9,525600.0,352200.0,4422000.0,103400.0,48,5.8,100.0,0.415,4,2,150,3,33.2,-1216100.0,90.9
BNA003029,Amrani,Farid,Professionnel,Actif,Compte professionnel,32,Tlemcen,Agriculture,Crédit d'exploitation,2.2,125100.0,52000.0,1054000.0,21300.0,60,7.91,26.6,0.844,0,0,0,0,27.8,141900.0,129.4
BNA003030,Mansouri,Kamel,Particulier,Actif,Compte courant,36,Sétif,Pharmacie,Crédit immobilier,15.8,69800.0,31100.0,1734000.0,53500.0,36,6.95,91.2,0.199,0,1,90,4,49.8,2600.0,32.3
BNA003031,Guediri,Amine,Professionnel,Actif,Compte courant,64,Alger,Pharmacie,Crédit personnel,10.0,406700.0,299400.0,6459000.0,157400.0,48,7.91,56.3,0.408,0,2,45,3,49.9,-414300.0,94.6
BNA003032,Chibani,Imad,PME,Actif,Compte courant,31,Alger,Santé,Crédit équipement,8.2,429500.0,60600.0,5995000.0,84500.0,84,4.91,23.5,0.706,0,0,0,0,27.9,993800.0,104.6
BNA003033,Djelloul,Abdelkader,Particulier,Actif,Compte courant,52,Alger,Pharmacie,Crédit d'investissement,14.8,104600.0,22100.0,778000.0,14500.0,72,10.2,34.3,0.601,0,0,0,1,10.2,37100.0,122.7
BNA003034,Saidi,Islam,Particulier,Actif,Compte épargne,53,Béjaïa,Transport,Crédit personnel,3.9,70900.0,47600.0,629000.0,11600.0,60,4.0,78.0,0.525,2,2,0,5,60.3,-14400.0,63.3
BNA003035,Nouri,Nassim,PME,Actif,Compte courant,45,Constantine,Pharmacie,Crédit personnel,12.8,321700.0,233700.0,1737000.0,34200.0,60,6.79,61.5,0.28,0,1,45,1,30.1,191400.0,82.3
BNA003036,Yahiaoui,Farid,Particulier,Inactif,Compte professionnel,57,Djelfa,Commerce,Crédit d'exploitation,2.7,107400.0,55600.0,535000.0,9100.0,72,6.74,60.3,0.487,2,1,120,1,36.7,-90700.0,73.5
BNA003037,Slimani,Ibrahim,Particulier,Actif,Compte courant,56,Constantine,Santé,Crédit d'exploitation,5.7,83000.0,48900.0,858000.0,74100.0,12,6.71,98.7,0.55,5,2,30,0,58.2,8400.0,83.9
BNA003038,Zerrouki,Mourad,Particulier,Actif,Compte courant,29,Laghouat,Agriculture,Crédit personnel,2.1,76600.0,16000.0,833000.0,14300.0,72,7.19,15.5,0.873,0,0,0,0,25.6,145900.0,32.8
BNA003039,Djelloul,Imad,Particulier,Actif,Compte courant,63,Alger,Agriculture,Crédit équipement,9.0,74500.0,15000.0,826000.0,12600.0,72,3.03,32.0,0.618,1,0,0,0,15.3,66900.0,105.6
BNA003040,Mokhtar,Ilyes,PME,Inactif,Compte entreprise,31,Tlemcen,Santé,Crédit immobilier,4.7,1043700.0,788800.0,4895000.0,146300.0,36,4.82,78.1,0.218,2,2,60,1,28.1,211200.0,46.3
BNA003041,Gacem,Aymen,Particulier,Actif,Compte courant,48,Alger,Services,Crédit d'exploitation,0.9,121100.0,54500.0,963000.0,43900.0,24,8.83,75.4,0.291,3,3,120,4,48.7,235200.0,63.2
BNA003042,Zerrouki,Youcef,Grande Entreprise,Actif,Compte courant,54,Alger,Transport,Crédit équipement,14.3,963100.0,619700.0,4513000.0,109700.0,48,7.76,70.9,0.165,2,0,45,3,38.5,814800.0,73.3
BNA003043,Hadji,Tarek,PME,Actif,Compte courant,62,Blida,Commerce,Crédit d'exploitation,4.4,483400.0,246700.0,2677000.0,116600.0,24,4.33,79.2,0.415,1,1,0,3,68.3,23800.0,113.4
BNA003044,Slimani,Youcef,PME,Actif,Compte courant,54,Sétif,Transport,Crédit d'investissement,3.6,128600.0,30900.0,784000.0,11800.0,84,6.9,71.2,0.675,2,1,5,0,61.8,174000.0,77.6
BNA003045,Djelloul,Ilyes,Particulier,Actif,Compte entreprise,65,Blida,Services,Crédit d'investissement,5.1,204100.0,67300.0,1219000.0,22600.0,60,4.33,89.4,0.449,4,0,120,1,51.5,-33400.0,29.5
BNA003046,Bensalem,Hichem,Particulier,Actif,Compte professionnel,49,Batna,Transport,Crédit d'investissement,8.4,84400.0,15000.0,273000.0,5800.0,60,9.99,36.9,0.926,0,0,0,0,4.0,156200.0,109.5
BNA003047,Mansouri,Hichem,PME,Actif,Compte professionnel,40,Biskra,BTPH,Crédit d'exploitation,1.9,309400.0,117200.0,1742000.0,31600.0,72,9.25,92.7,0.472,1,0,60,5,47.2,218200.0,88.9
BNA003048,Larbi,Sofiane,Particulier,Actif,Compte courant,30,Biskra,Industrie,Crédit d'investissement,16.2,90400.0,45700.0,708000.0,21800.0,36,6.88,77.5,0.163,0,0,45,0,49.1,-100300.0,100.7
BNA003049,Slimani,Riad,Professionnel,Actif,Compte courant,56,Alger,Pharmacie,Crédit personnel,15.1,99900.0,61100.0,1489000.0,27700.0,60,4.46,93.9,0.484,5,0,120,3,46.8,34300.0,55.8
BNA003050,Touati,Nassim,Particulier,Actif,Compte courant,26,Biskra,BTPH,Crédit immobilier,8.5,84400.0,40800.0,491000.0,22100.0,24,7.56,60.9,0.341,3,3,120,1,45.3,-4700.0,45.4
BNA003051,Mansouri,Sofiane,Particulier,Actif,Compte entreprise,28,Tlemcen,Agriculture,Crédit d'exploitation,13.2,139400.0,61200.0,1458000.0,23100.0,72,4.36,74.3,0.277,5,0,15,1,21.2,52700.0,39.3
BNA003052,Belkacem,Adel,Professionnel,Actif,Compte entreprise,65,Béjaïa,Santé,Crédit d'exploitation,7.7,218900.0,60700.0,4744000.0,90100.0,60,5.25,29.3,0.956,0,0,0,0,21.4,446700.0,86.0
BNA003053,Touati,Abdelkader,Particulier,Actif,Compte courant,26,Constantine,Commerce,Crédit équipement,5.0,75700.0,44400.0,467000.0,15100.0,36,10.05,76.9,0.401,0,0,30,0,50.0,2800.0,66.3
BNA003054,Meziane,Mourad,Grande Entreprise,Actif,Compte courant,38,Tlemcen,Transport,Crédit immobilier,17.8,1216100.0,223000.0,2049000.0,63200.0,36,6.9,10.7,0.81,1,0,10,1,14.3,5469500.0,123.3
BNA003055,Khelifi,Adel,Professionnel,Actif,Compte entreprise,27,Annaba,Commerce,Crédit d'exploitation,4.0,158400.0,73500.0,564000.0,10600.0,60,4.87,84.2,0.543,1,0,10,0,52.2,186000.0,84.3
BNA003056,Benali,Farid,PME,Actif,Compte courant,61,Batna,Agriculture,Crédit d'exploitation,10.9,325600.0,178000.0,3730000.0,67500.0,60,3.3,77.3,0.121,1,1,90,5,41.7,251000.0,58.7
BNA003057,Yahiaoui,Aymen,Particulier,Actif,Compte courant,32,Djelfa,Transport,Crédit d'investissement,8.8,83900.0,32700.0,554000.0,48800.0,12,10.32,66.7,0.258,0,2,90,3,43.6,33600.0,77.3
BNA003058,Mansouri,Youcef,Particulier,Inactif,Compte courant,50,Annaba,Commerce,Crédit d'investissement,2.0,49100.0,27900.0,478000.0,15500.0,36,10.44,87.0,0.651,3,0,30,0,18.9,-2800.0,6.6
BNA003059,Belkacem,Aymen,Particulier,Actif,Compte courant,42,Oran,Industrie,Crédit personnel,1.3,75800.0,43900.0,1058000.0,22200.0,60,9.4,82.6,0.678,1,3,180,6,52.5,20400.0,0.0
BNA003060,Ferhat,Nabil,Particulier,Actif,Compte entreprise,51,Sétif,Industrie,Crédit personnel,15.0,161100.0,52800.0,1512000.0,24700.0,72,5.44,53.3,0.536,0,0,0,1,21.8,293100.0,188.7
BNA003061,Mansouri,Nabil,Particulier,Actif,Compte entreprise,61,Sétif,Commerce,Crédit d'exploitation,11.3,156500.0,97800.0,504000.0,15400.0,36,6.4,77.7,0.215,1,1,45,3,65.4,172800.0,77.0
BNA003062,Rahmani,Nassim,Particulier,Actif,Compte courant,63,Laghouat,Transport,Crédit personnel,5.2,77700.0,24200.0,1029000.0,23100.0,48,3.77,72.9,0.595,5,0,15,1,88.2,91100.0,97.2
BNA003063,Yahiaoui,Imad,Particulier,Actif,Compte épargne,61,Oran,Industrie,Crédit équipement,13.8,143500.0,81500.0,1189000.0,27900.0,48,6.02,73.6,0.43,1,0,45,2,30.9,165900.0,61.4
BNA003064,Nouri,Nassim,Professionnel,Actif,Compte professionnel,65,Djelfa,BTPH,Crédit personnel,10.9,336100.0,159800.0,3027000.0,61300.0,60,7.95,83.2,0.081,3,2,45,3,47.9,84900.0,40.1
BNA003065,Guediri,Samir,Particulier,Actif,Compte courant,63,Béjaïa,Industrie,Crédit personnel,4.3,89900.0,15000.0,692000.0,16800.0,48,7.84,23.0,0.753,1,0,0,0,22.3,28100.0,70.8
BNA003066,Benali,Zakaria,Grande Entreprise,Actif,Compte professionnel,30,Tlemcen,BTPH,Crédit immobilier,4.4,1162700.0,380700.0,6453000.0,120900.0,60,4.71,85.0,0.516,0,1,60,0,37.4,592900.0,64.4
BNA003067,Ferhat,Imad,Grande Entreprise,Actif,Compte courant,48,Alger,Industrie,Crédit personnel,2.1,4175100.0,2923300.0,25684000.0,753600.0,36,3.59,64.1,0.415,0,1,60,1,50.3,-3000000.0,52.9
BNA003068,Zerrouki,Salim,Particulier,Actif,Compte courant,64,Biskra,Industrie,Crédit personnel,7.2,60800.0,32400.0,250000.0,6200.0,48,8.58,57.5,0.258,3,2,60,3,20.4,27200.0,25.1
BNA003069,Meziane,Kamel,Professionnel,Actif,Compte professionnel,44,Annaba,Pharmacie,Crédit immobilier,6.1,283000.0,78500.0,4405000.0,143000.0,36,10.43,21.2,0.944,0,1,0,1,17.5,32600.0,66.0
BNA003070,Belaid,Samir,Particulier,Actif,Compte courant,63,Djelfa,Santé,Crédit d'exploitation,7.4,35000.0,26500.0,568000.0,17800.0,36,8.13,87.3,0.189,2,2,90,2,32.4,-35700.0,40.6
BNA003071,Belkacem,Aymen,PME,Actif,Compte courant,38,Djelfa,Commerce,Crédit d'exploitation,9.4,1149500.0,789200.0,15351000.0,295200.0,60,5.78,75.6,0.512,1,0,15,1,46.9,34500.0,36.6
BNA003072,Bensalem,Walid,Particulier,Actif,Compte courant,59,Alger,Industrie,Crédit immobilier,10.8,109900.0,17000.0,1623000.0,30800.0,60,5.23,23.4,0.861,0,0,10,0,33.1,309300.0,98.0
BNA003073,Zerrouki,Bilal,Grande Entreprise,Actif,Compte courant,40,Oran,Agriculture,Crédit équipement,6.9,3270700.0,1124200.0,20400000.0,945700.0,24,10.46,62.8,0.528,4,1,30,3,27.3,-3000000.0,36.3
BNA003074,Ferhat,Tarek,Professionnel,Actif,Compte courant,62,Annaba,Industrie,Crédit d'exploitation,6.3,259000.0,150600.0,6153000.0,114600.0,60,4.47,70.2,0.538,2,0,90,0,61.8,133500.0,61.5
BNA003075,Boudiaf,Mourad,Professionnel,Actif,Compte courant,41,Tlemcen,Pharmacie,Crédit d'exploitation,4.0,184500.0,99600.0,2662000.0,60400.0,48,4.29,92.4,0.246,2,1,60,2,53.3,-158500.0,81.7
BNA003076,Slimani,Ibrahim,Particulier,Actif,Compte courant,63,Béjaïa,Pharmacie,Crédit d'exploitation,9.0,90900.0,25500.0,724000.0,14400.0,60,7.14,47.0,0.546,1,0,10,1,33.9,91900.0,68.9
BNA003077,Gacem,Nabil,PME,Actif,Compte courant,64,Oran,Transport,Crédit immobilier,7.3,545000.0,300700.0,3166000.0,102600.0,36,10.29,50.3,0.706,1,2,45,1,48.1,43900.0,67.2
BNA003078,Khelifi,Imad,Professionnel,Actif,Compte entreprise,34,Constantine,Commerce,Crédit d'exploitation,3.3,258300.0,111200.0,3132000.0,51800.0,84,9.89,74.5,0.344,1,0,90,1,48.0,-58200.0,88.0
BNA003079,Hadji,Riad,Particulier,Actif,Compte courant,25,Biskra,Commerce,Crédit d'investissement,11.6,259600.0,88700.0,3646000.0,66500.0,60,3.6,5.4,0.848,2,0,0,0,39.7,816400.0,180.9
BNA003080,Meziane,Riad,Particulier,Actif,Compte entreprise,44,Tlemcen,Services,Crédit d'exploitation,6.1,49800.0,21600.0,449000.0,7400.0,84,9.69,97.1,0.205,3,1,5,1,51.6,-103100.0,78.4
BNA003081,Saidi,Mohamed,Particulier,Actif,Compte professionnel,49,Blida,Services,Crédit d'exploitation,14.9,66300.0,19100.0,417000.0,9800.0,48,5.78,38.8,1.0,0,0,0,0,11.8,197000.0,81.3
BNA003082,Touati,Karim,Professionnel,Actif,Compte courant,49,Tlemcen,Santé,Crédit personnel,4.0,152900.0,74000.0,3246000.0,62100.0,60,5.53,97.4,0.603,0,2,5,2,19.6,-153600.0,23.4
BNA003083,Haddad,Riad,Particulier,Actif,Compte entreprise,41,Blida,Pharmacie,Crédit équipement,4.8,57500.0,19400.0,362000.0,7500.0,60,9.18,10.2,0.568,0,0,0,0,18.2,88700.0,88.6
BNA003084,Meziane,Kamel,Grande Entreprise,Actif,Compte courant,51,Laghouat,Commerce,Crédit d'investissement,10.0,4883700.0,2061800.0,25616000.0,520200.0,60,8.06,90.0,0.24,1,0,15,2,35.9,1217500.0,54.8
BNA003085,Touati,Imad,Particulier,Actif,Compte courant,57,Constantine,Industrie,Crédit d'exploitation,4.7,63200.0,43500.0,200000.0,9100.0,24,8.55,82.0,0.814,4,1,15,2,40.7,-52300.0,52.3
BNA003086,Mokhtar,Mohamed,PME,Actif,Compte entreprise,57,Batna,Santé,Crédit personnel,3.6,374500.0,203600.0,3509000.0,53200.0,84,7.13,66.9,0.219,1,1,150,0,55.3,342800.0,30.9
BNA003087,Khelifi,Mohamed,Grande Entreprise,Actif,Compte courant,30,Constantine,Services,Crédit d'exploitation,16.1,2629200.0,1669000.0,21771000.0,360200.0,72,5.94,63.0,0.393,2,2,5,1,39.5,3744200.0,50.4
BNA003088,Mebarki,Ilyes,Professionnel,Inactif,Compte courant,30,Alger,Services,Crédit personnel,9.7,348900.0,251000.0,2817000.0,71900.0,48,10.34,72.7,0.546,1,5,30,0,48.6,236800.0,100.7
BNA003089,Larbi,Youcef,Particulier,Actif,Compte courant,50,Biskra,Services,Crédit immobilier,8.7,113000.0,61800.0,975000.0,45100.0,24,10.16,83.0,0.455,3,1,60,1,23.4,78000.0,95.0
BNA003090,Dahmani,Nabil,Particulier,Actif,Compte professionnel,46,Djelfa,Services,Crédit équipement,4.6,91700.0,65100.0,1979000.0,57600.0,36,3.04,78.6,0.244,0,1,45,2,50.1,103200.0,21.0
BNA003091,Hadji,Adel,Particulier,Actif,Compte entreprise,54,Sétif,BTPH,Crédit équipement,15.4,96900.0,38900.0,853000.0,25600.0,36,5.12,82.7,0.256,3,2,180,1,22.6,-29800.0,65.0
BNA003092,Mebarki,Karim,Particulier,Actif,Compte courant,61,Sétif,Santé,Crédit d'exploitation,2.1,149700.0,72400.0,1087000.0,35300.0,36,10.41,79.0,0.648,0,0,0,1,76.2,-149900.0,64.2
BNA003093,Rahmani,Nassim,Particulier,Actif,Compte courant,37,Tlemcen,Agriculture,Crédit immobilier,6.2,68700.0,38600.0,503000.0,14900.0,36,4.07,79.4,0.299,2,0,180,2,47.9,90700.0,52.0
BNA003094,Mansouri,Oussama,Particulier,Actif,Compte courant,26,Blida,Santé,Crédit d'exploitation,7.1,79200.0,33600.0,525000.0,16900.0,36,9.97,80.2,0.37,2,0,30,2,52.2,-22700.0,77.3
BNA003095,Chibani,Zakaria,Particulier,Actif,Compte courant,52,Biskra,BTPH,Crédit d'investissement,7.8,120300.0,78700.0,458000.0,11100.0,48,7.66,69.8,0.52,2,3,10,0,18.9,108900.0,111.7
BNA003096,Benali,Ilyes,PME,Actif,Compte courant,50,Constantine,Commerce,Crédit d'exploitation,6.4,706000.0,110700.0,6625000.0,165700.0,48,9.27,26.1,0.742,1,0,15,0,13.1,2179600.0,73.3
BNA003097,Saidi,Ilyes,Professionnel,Actif,Compte courant,29,Alger,Pharmacie,Crédit équipement,5.6,243900.0,134300.0,3636000.0,112200.0,36,6.98,55.1,0.239,2,2,120,0,62.5,269000.0,102.5
BNA003098,Chibani,Oussama,Particulier,Actif,Compte épargne,56,Tlemcen,Commerce,Crédit d'investissement,14.4,119700.0,43700.0,646000.0,8500.0,84,3.05,46.2,0.503,0,0,5,0,14.9,122400.0,53.5
BNA003099,Khelifi,Walid,Professionnel,Actif,Compte courant,61,Djelfa,Pharmacie,Crédit personnel,3.2,195700.0,50300.0,3470000.0,62900.0,60,3.34,2.0,0.726,0,1,0,0,30.5,740800.0,136.0
BNA003100,Saidi,Adel,Particulier,Actif,Compte courant,50,Blida,Commerce,Crédit équipement,4.0,103900.0,56000.0,1485000.0,27700.0,60,4.55,100.0,0.26,1,0,0,0,54.3,-98600.0,98.6
BNA003101,Brahimi,Adel,Particulier,Actif,Compte courant,61,Tlemcen,BTPH,Crédit personnel,13.6,92900.0,24900.0,1541000.0,37200.0,48,7.44,64.6,0.884,1,0,0,0,32.7,156200.0,151.7
BNA003102,Brahimi,Tarek,PME,Actif,Compte courant,30,Blida,Commerce,Crédit d'exploitation,2.6,2691200.0,879100.0,24705000.0,497500.0,60,7.71,57.7,0.607,2,1,15,1,23.8,1127800.0,33.0
BNA003103,Touati,Hichem,Particulier,Actif,Compte courant,51,Alger,Transport,Crédit d'exploitation,6.7,90400.0,32300.0,797000.0,14900.0,60,4.55,55.9,0.689,1,1,10,3,31.2,-119400.0,52.0
BNA003104,Mansouri,Yacine,Particulier,Actif,Compte entreprise,62,Béjaïa,Commerce,Crédit équipement,5.9,72400.0,17600.0,780000.0,34700.0,24,6.39,33.0,0.908,0,0,0,0,43.5,157000.0,123.0
BNA003105,Guediri,Anis,Particulier,Actif,Compte épargne,62,Biskra,Pharmacie,Crédit d'exploitation,11.1,86800.0,73700.0,712000.0,32700.0,24,9.41,75.1,0.648,0,1,30,0,64.6,-121600.0,93.8
BNA003106,Khelifi,Abdelkader,Particulier,Actif,Compte courant,47,Béjaïa,Santé,Crédit d'investissement,8.8,126900.0,78400.0,833000.0,17800.0,60,10.36,81.5,0.671,3,1,15,1,57.6,78200.0,68.5
BNA003107,Mebarki,Zakaria,Particulier,Actif,Compte professionnel,61,Constantine,BTPH,Crédit équipement,4.5,76900.0,21500.0,546000.0,17100.0,36,7.8,30.8,0.733,0,1,0,0,26.8,147700.0,112.9
BNA003108,Cherif,Ahmed,Particulier,Actif,Compte courant,54,Béjaïa,Agriculture,Crédit immobilier,4.1,59800.0,32000.0,257000.0,5200.0,60,7.86,86.3,0.506,1,0,60,1,42.1,-10000.0,130.6
BNA003109,Rahmani,Kamel,Particulier,Actif,Compte professionnel,64,Constantine,Santé,Crédit d'investissement,7.5,57000.0,32500.0,332000.0,5500.0,72,6.21,89.5,0.69,1,0,45,3,66.6,54300.0,64.6
BNA003110,Mansouri,Abdelkader,Particulier,Actif,Compte courant,38,Alger,Services,Crédit personnel,11.0,64300.0,41000.0,539000.0,12300.0,48,4.68,75.4,0.38,3,1,10,2,52.5,-9400.0,47.4
BNA003111,Ferhat,Kamel,PME,Actif,Compte professionnel,27,Biskra,BTPH,Crédit équipement,6.2,513200.0,378900.0,1713000.0,26800.0,72,4.03,94.7,0.324,0,1,30,0,43.5,-177800.0,58.6
BNA003112,Gacem,Imad,PME,Actif,Compte professionnel,41,Oran,Services,Crédit immobilier,8.3,442100.0,214700.0,1718000.0,35900.0,60,9.34,63.9,0.469,8,1,45,0,69.4,-391100.0,59.7
BNA003113,Zerrouki,Karim,PME,Actif,Compte entreprise,64,Béjaïa,Pharmacie,Crédit d'investissement,11.0,499200.0,89000.0,2158000.0,183600.0,12,3.83,20.7,0.819,0,0,0,0,6.7,1039700.0,47.8
BNA003114,Khelifi,Walid,Grande Entreprise,Actif,Compte entreprise,53,Laghouat,Services,Crédit d'exploitation,5.0,1445100.0,468200.0,10764000.0,240900.0,48,3.56,89.7,0.4,3,0,60,2,47.4,199900.0,67.5
BNA003115,Saidi,Ahmed,Professionnel,Actif,Compte courant,28,Biskra,Agriculture,Crédit personnel,7.4,132000.0,79400.0,1953000.0,38900.0,60,7.23,52.8,0.289,2,3,90,3,7.3,57000.0,61.6
BNA003116,Benyahia,Samir,Particulier,Actif,Compte courant,41,Alger,BTPH,Crédit d'investissement,2.8,72200.0,51700.0,463000.0,7200.0,72,3.95,79.4,0.493,1,1,30,0,29.0,49200.0,96.0
BNA003117,Larbi,Kamel,Particulier,Actif,Compte courant,53,Biskra,BTPH,Crédit équipement,4.8,87900.0,65100.0,1128000.0,21300.0,60,4.96,66.1,0.749,4,1,60,3,36.2,-1300.0,53.2
BNA003118,Yahiaoui,Bilal,PME,Actif,Compte épargne,23,Oran,Pharmacie,Crédit immobilier,2.8,236500.0,94700.0,2320000.0,43200.0,72,10.19,31.1,0.389,2,0,15,1,29.1,-222700.0,69.8
BNA003119,Guediri,Hichem,PME,Actif,Compte courant,33,Sétif,Santé,Crédit d'exploitation,4.9,533200.0,405200.0,1165000.0,34600.0,36,4.35,74.5,0.253,2,1,90,1,44.9,59800.0,94.4
BNA003120,Boudiaf,Ahmed,PME,Actif,Compte courant,51,Oran,Industrie,Crédit d'exploitation,6.3,212400.0,114900.0,2554000.0,44400.0,72,7.71,73.2,0.404,4,0,45,3,45.7,139000.0,56.5
BNA003121,Mansouri,Islam,Particulier,Inactif,Compte courant,48,Laghouat,Commerce,Crédit immobilier,10.6,60700.0,42400.0,597000.0,12200.0,60,8.28,58.4,0.393,5,2,60,3,47.2,110500.0,72.0
BNA003122,Boudiaf,Samir,Particulier,Actif,Compte courant,59,Batna,Santé,Crédit personnel,3.4,118500.0,59400.0,813000.0,15800.0,60,6.26,22.3,0.546,0,0,0,0,23.6,279100.0,122.7
BNA003123,Belaid,Walid,Particulier,Actif,Compte épargne,38,Constantine,Santé,Crédit personnel,9.9,80700.0,15000.0,828000.0,24900.0,36,5.28,30.4,0.859,0,0,0,1,18.9,142700.0,65.5
BNA003124,Belkacem,Imad,Professionnel,Actif,Compte courant,60,Annaba,Industrie,Crédit d'exploitation,10.0,234500.0,141100.0,3943000.0,81000.0,60,8.55,51.5,0.543,2,2,5,2,40.6,70500.0,67.1
BNA003125,Belkacem,Yacine,Particulier,Actif,Compte courant,34,Oran,Industrie,Crédit d'investissement,4.8,170300.0,103300.0,897000.0,20200.0,48,3.89,67.7,0.267,1,0,120,1,40.6,-163700.0,59.3
BNA003126,Dahmani,Walid,Professionnel,Actif,Compte courant,24,Constantine,BTPH,Crédit équipement,0.4,286900.0,191200.0,1617000.0,73300.0,24,8.27,45.7,0.896,3,1,15,4,34.7,218400.0,72.2
BNA003127,Guediri,Mohamed,Particulier,Actif,Compte épargne,56,Oran,Agriculture,Crédit immobilier,7.7,157900.0,112600.0,1576000.0,23400.0,84,6.47,61.0,0.505,1,0,45,0,52.6,32500.0,16.5
BNA003128,Bensalem,Bilal,Particulier,Actif,Compte professionnel,38,Laghouat,BTPH,Crédit d'investissement,6.3,80200.0,19000.0,480000.0,7700.0,72,4.91,42.5,0.822,0,0,0,1,6.8,203900.0,110.6
BNA003129,Meziane,Yacine,PME,Actif,Compte entreprise,46,Batna,Industrie,Crédit d'investissement,6.4,1166900.0,722100.0,4442000.0,105500.0,48,6.56,80.2,0.273,1,0,45,1,19.1,2176200.0,59.0
BNA003130,Brahimi,Islam,Particulier,Inactif,Compte professionnel,60,Djelfa,Industrie,Crédit personnel,11.4,132400.0,52400.0,1430000.0,32200.0,48,3.94,67.3,0.171,0,3,45,0,54.8,-204800.0,96.6
BNA003131,Belkacem,Zakaria,Professionnel,Actif,Compte professionnel,44,Tlemcen,Industrie,Crédit immobilier,18.9,178000.0,134600.0,2274000.0,70200.0,36,6.98,75.3,0.158,2,2,5,0,56.6,-223000.0,100.8
BNA003132,Chibani,Nassim,Particulier,Actif,Compte courant,48,Constantine,Pharmacie,Crédit d'investissement,6.8,91900.0,38200.0,846000.0,38000.0,24,7.33,44.5,0.151,3,3,30,1,48.9,42900.0,83.0
BNA003133,Yahiaoui,Mohamed,Grande Entreprise,Actif,Compte courant,35,Béjaïa,BTPH,Crédit immobilier,9.5,1478500.0,266400.0,12794000.0,395500.0,36,7.09,33.9,0.781,0,0,0,0,22.2,2446000.0,80.3
BNA003134,Guediri,Nabil,PME,Actif,Compte épargne,47,Tlemcen,Agriculture,Crédit immobilier,9.5,423200.0,55800.0,1886000.0,46200.0,48,8.22,36.1,0.737,0,0,0,1,26.2,810100.0,140.8
BNA003135,Benali,Mourad,PME,Inactif,Compte courant,23,Blida,Commerce,Crédit personnel,11.2,521000.0,106100.0,2596000.0,76400.0,36,3.77,27.5,0.404,1,1,0,3,32.8,1775800.0,101.0
BNA003136,Amrani,Ahmed,PME,Actif,Compte courant,35,Djelfa,Transport,Crédit équipement,7.5,921300.0,390200.0,4393000.0,85100.0,60,6.1,7.4,0.641,3,1,0,0,9.4,2301900.0,89.1
BNA003137,Dahmani,Salim,Particulier,Actif,Compte épargne,56,Biskra,Services,Crédit équipement,4.5,69700.0,15000.0,509000.0,11900.0,48,5.58,25.0,0.819,0,1,0,0,34.4,330600.0,36.8
BNA003138,Boudiaf,Nassim,Particulier,Actif,Compte courant,40,Annaba,Agriculture,Crédit d'exploitation,8.2,99900.0,23000.0,801000.0,18200.0,48,4.39,27.7,0.879,0,0,0,0,32.7,120700.0,104.3
BNA003139,Amrani,Mourad,Particulier,Actif,Compte épargne,23,Annaba,Industrie,Crédit équipement,7.3,122100.0,52600.0,1138000.0,33500.0,36,3.81,66.4,0.124,1,0,45,2,52.8,139200.0,48.3
BNA003140,Slimani,Ibrahim,Particulier,Actif,Compte courant,53,Laghouat,Santé,Crédit d'investissement,6.2,51300.0,18800.0,207000.0,5200.0,48,9.62,67.0,0.38,3,1,45,1,34.2,45000.0,55.5
BNA003141,Bensalem,Islam,Particulier,Actif,Compte entreprise,49,Sétif,BTPH,Crédit d'investissement,14.8,87500.0,52400.0,500000.0,9600.0,60,5.65,77.1,0.119,3,1,90,0,47.8,56000.0,84.0
BNA003142,Saidi,Kamel,Professionnel,Suspendu,Compte courant,53,Sétif,Agriculture,Crédit immobilier,4.2,195900.0,119300.0,1424000.0,27700.0,60,6.29,81.0,0.351,3,1,30,1,80.3,254100.0,74.2
BNA003143,Benali,Nassim,Particulier,Actif,Compte courant,29,Alger,Services,Crédit personnel,7.3,57400.0,15000.0,598000.0,14500.0,48,7.53,19.5,0.939,0,0,0,0,12.0,35900.0,85.7
BNA003144,Boudiaf,Imad,PME,Actif,Compte épargne,62,Laghouat,Commerce,Crédit d'investissement,5.8,563300.0,303000.0,4527000.0,93400.0,60,8.72,40.1,0.577,1,1,15,1,33.6,328000.0,82.3
BNA003145,Meziane,Oussama,PME,Actif,Compte courant,48,Béjaïa,Agriculture,Crédit équipement,7.9,250500.0,72600.0,2662000.0,44000.0,84,9.88,2.0,0.795,0,0,10,0,21.9,627200.0,161.2
BNA003146,Khelifi,Bilal,Particulier,Actif,Compte professionnel,65,Blida,Services,Crédit équipement,9.4,149500.0,86600.0,804000.0,11400.0,84,5.22,65.0,0.434,2,0,45,2,31.8,-91100.0,83.7
BNA003147,Benyahia,Mourad,PME,Actif,Compte courant,43,Béjaïa,Agriculture,Crédit personnel,11.2,2283100.0,1671500.0,17107000.0,329900.0,60,5.89,88.0,0.625,1,0,120,2,39.8,191800.0,79.8
BNA003148,Dahmani,Riad,Professionnel,Actif,Compte entreprise,39,Blida,Pharmacie,Crédit équipement,14.4,257200.0,140400.0,2148000.0,94100.0,24,4.82,94.4,0.208,4,1,5,6,28.4,-82200.0,21.7
BNA003149,Guediri,Imad,PME,Actif,Compte courant,37,Alger,BTPH,Crédit d'investissement,3.7,1320100.0,893700.0,9659000.0,241300.0,48,9.2,78.8,0.145,3,1,30,2,41.1,383800.0,70.2
BNA003150,Yahiaoui,Walid,Particulier,Actif,Compte professionnel,58,Laghouat,Agriculture,Crédit d'exploitation,9.9,41500.0,26500.0,302000.0,5000.0,72,6.13,89.6,0.2,5,1,0,1,51.8,46400.0,18.8
BNA003151,Haddad,Ilyes,Particulier,Actif,Compte entreprise,24,Béjaïa,Agriculture,Crédit immobilier,5.7,53100.0,34200.0,403000.0,12000.0,36,4.59,87.3,0.53,2,1,150,0,28.6,24300.0,77.2
BNA003152,Djelloul,Mohamed,Professionnel,Actif,Compte courant,44,Laghouat,BTPH,Crédit équipement,12.7,125200.0,54400.0,2230000.0,53900.0,48,7.47,78.7,0.213,1,1,180,3,48.1,194100.0,40.9
BNA003153,Nouri,Yacine,Grande Entreprise,Actif,Compte courant,54,Djelfa,BTPH,Crédit personnel,2.1,2044700.0,439900.0,6928000.0,164900.0,48,6.7,40.8,0.936,0,0,0,1,32.8,3568500.0,165.5
BNA003154,Touati,Bilal,PME,Actif,Compte entreprise,57,Constantine,Commerce,Crédit d'exploitation,6.0,425100.0,217000.0,3014000.0,42800.0,84,5.14,39.9,0.814,1,0,0,1,7.1,1755800.0,38.6
BNA003155,Boudiaf,Kamel,Particulier,Actif,Compte courant,34,Laghouat,Santé,Crédit d'investissement,18.9,65900.0,17200.0,706000.0,11900.0,72,6.72,5.1,0.903,0,0,0,0,13.9,114500.0,34.7
BNA003156,Rahmani,Bilal,PME,Actif,Compte courant,64,Béjaïa,Pharmacie,Crédit personnel,10.7,529200.0,169600.0,4029000.0,344200.0,12,4.63,16.6,0.707,0,0,0,0,38.3,875000.0,138.1
BNA003157,Guediri,Amine,Particulier,Actif,Compte courant,47,Biskra,Santé,Crédit équipement,9.3,59500.0,40500.0,317000.0,7800.0,48,8.24,82.1,0.356,1,0,30,5,49.4,40900.0,95.1
BNA003158,Belkacem,Nabil,Particulier,Actif,Compte courant,51,Annaba,Transport,Crédit personnel,8.4,42200.0,21800.0,329000.0,6100.0,72,10.21,74.3,0.656,1,1,90,3,41.0,45700.0,73.6
BNA003159,Belkacem,Ibrahim,Particulier,Actif,Compte entreprise,32,Blida,Services,Crédit immobilier,5.5,43100.0,28500.0,388000.0,6100.0,72,4.25,72.1,0.368,5,3,120,1,29.0,-28100.0,51.9
BNA003160,Larbi,Farid,PME,Actif,Compte professionnel,49,Constantine,Agriculture,Crédit équipement,11.9,364200.0,174700.0,3083000.0,93800.0,36,6.02,90.0,0.647,3,1,150,4,42.6,120900.0,61.9
BNA003161,Belaid,Tarek,Particulier,Actif,Compte courant,57,Tlemcen,Industrie,Crédit d'exploitation,6.5,71100.0,39100.0,359000.0,11400.0,36,8.75,42.6,0.403,2,1,90,0,31.8,78200.0,60.7
BNA003162,Dahmani,Sofiane,Professionnel,Actif,Compte courant,40,Blida,Santé,Crédit d'exploitation,7.1,270100.0,61400.0,1918000.0,44800.0,48,5.77,12.7,0.707,0,0,0,0,32.2,563100.0,112.1
BNA003163,Ferhat,Samir,Grande Entreprise,Actif,Compte courant,46,Oran,Industrie,Crédit d'exploitation,11.6,895900.0,175800.0,4301000.0,130300.0,36,5.72,50.5,0.628,0,0,0,0,26.1,2466400.0,75.6
BNA003164,Amrani,Abdelkader,Particulier,Actif,Compte entreprise,59,Béjaïa,Industrie,Crédit personnel,12.8,175100.0,76000.0,866000.0,16300.0,60,4.9,39.3,0.394,0,0,45,0,50.8,-85200.0,66.5
BNA003165,Belaid,Mohamed,Particulier,Suspendu,Compte épargne,64,Annaba,Commerce,Crédit d'exploitation,6.0,125600.0,75200.0,2275000.0,54700.0,48,7.23,87.9,0.275,2,1,45,5,62.2,181000.0,55.2
BNA003166,Belkacem,Abdelkader,Particulier,Actif,Compte courant,51,Batna,Transport,Crédit personnel,12.3,49000.0,32700.0,323000.0,5700.0,72,8.3,77.4,0.397,0,1,45,2,53.6,-15300.0,42.0
BNA003167,Dahmani,Anis,Particulier,Actif,Compte professionnel,34,Tlemcen,Services,Crédit personnel,7.7,91800.0,39500.0,787000.0,35900.0,24,8.93,78.1,0.204,3,0,15,3,47.3,80800.0,33.5
BNA003168,Ferhat,Bilal,Particulier,Actif,Compte entreprise,56,Batna,Industrie,Crédit immobilier,4.3,92300.0,58700.0,771000.0,14600.0,60,5.26,86.3,0.347,3,0,30,2,35.3,-101900.0,52.2
BNA003169,Chibani,Adel,Particulier,Inactif,Compte courant,29,Alger,BTPH,Crédit d'exploitation,5.8,81400.0,56200.0,924000.0,19000.0,60,8.64,39.7,0.661,1,2,120,2,77.3,-15100.0,82.4
BNA003170,Saidi,Samir,Particulier,Actif,Compte professionnel,43,Batna,Services,Crédit personnel,3.4,110300.0,55400.0,785000.0,23300.0,36,4.4,81.9,0.552,2,2,150,3,49.6,-24300.0,87.1
BNA003171,Ferhat,Rachid,Particulier,Actif,Compte entreprise,42,Djelfa,Transport,Crédit d'investissement,2.8,60900.0,24900.0,344000.0,5400.0,72,4.05,91.7,0.332,1,2,45,4,28.9,-4900.0,97.5
BNA003172,Nouri,Yacine,Particulier,Actif,Compte entreprise,62,Béjaïa,Transport,Crédit d'investissement,2.5,53300.0,38400.0,250000.0,5800.0,48,5.22,74.6,0.241,1,0,30,1,46.5,50400.0,103.5
BNA003173,Amrani,Yacine,PME,Actif,Compte épargne,29,Biskra,Services,Crédit d'investissement,3.9,831000.0,549600.0,6134000.0,156000.0,48,10.13,69.9,0.397,2,1,90,1,34.4,38600.0,46.1
BNA003174,Boudiaf,Youcef,PME,Actif,Compte professionnel,23,Laghouat,Transport,Crédit immobilier,11.7,495700.0,137900.0,3947000.0,94300.0,48,6.89,16.5,0.911,1,0,0,0,41.9,1153600.0,104.3
BNA003175,Zerrouki,Karim,Particulier,Actif,Compte épargne,37,Sétif,Santé,Crédit d'exploitation,3.7,147000.0,98000.0,925000.0,15700.0,72,6.87,81.5,0.332,2,2,60,1,66.5,96900.0,89.5
BNA003176,Djelloul,Rachid,Particulier,Actif,Compte courant,45,Batna,Industrie,Crédit équipement,6.3,114400.0,44000.0,1207000.0,30200.0,48,9.23,91.3,0.199,1,3,90,4,33.7,80200.0,90.9
BNA003177,Zerrouki,Bilal,PME,Actif,Compte courant,61,Béjaïa,Agriculture,Crédit personnel,4.4,460500.0,197500.0,2866000.0,41500.0,84,5.74,83.2,0.727,1,1,45,2,59.8,297000.0,72.5
BNA003178,Benyahia,Amine,Particulier,Actif,Compte courant,61,Blida,Industrie,Crédit équipement,10.5,66500.0,51500.0,256000.0,11800.0,24,10.29,84.9,0.266,0,0,60,3,43.8,53100.0,63.0
BNA003179,Amrani,Adel,Particulier,Actif,Compte professionnel,43,Sétif,BTPH,Crédit personnel,7.6,137600.0,36400.0,502000.0,11400.0,48,4.19,25.7,0.825,1,0,0,0,16.6,496700.0,139.1
BNA003180,Bensalem,Bilal,Professionnel,Actif,Compte épargne,38,Djelfa,Commerce,Crédit équipement,2.7,254700.0,157200.0,1674000.0,53900.0,36,9.8,73.7,0.306,4,0,45,4,33.5,-243400.0,107.7
BNA003181,Yahiaoui,Walid,PME,Actif,Compte épargne,54,Béjaïa,BTPH,Crédit d'exploitation,4.3,3044700.0,2458200.0,24336000.0,554500.0,48,4.46,66.0,0.159,1,1,60,1,51.5,-2267900.0,72.1
BNA003182,Ferhat,Imad,Particulier,Actif,Compte épargne,24,Sétif,Services,Crédit d'exploitation,8.5,250900.0,145500.0,1096000.0,24800.0,48,4.04,59.3,0.203,4,0,150,2,17.2,-54000.0,48.7
BNA003183,Brahimi,Samir,Particulier,Actif,Compte courant,42,Biskra,Pharmacie,Crédit d'investissement,9.5,71000.0,30800.0,342000.0,8500.0,48,9.15,68.9,0.756,1,3,30,4,51.1,-8700.0,75.4
BNA003184,Yahiaoui,Samir,Particulier,Actif,Compte professionnel,38,Constantine,Pharmacie,Crédit personnel,10.4,57600.0,32500.0,351000.0,7800.0,48,3.07,75.9,0.828,1,1,120,2,54.0,29500.0,34.0
BNA003185,Boudiaf,Yacine,Professionnel,Actif,Compte courant,30,Sétif,Agriculture,Crédit immobilier,16.5,179200.0,127900.0,726000.0,13200.0,60,3.5,72.3,0.76,2,1,60,3,38.9,85600.0,61.7
BNA003186,Bensalem,Samir,PME,Actif,Compte courant,43,Biskra,Santé,Crédit personnel,4.5,183100.0,108000.0,1180000.0,26200.0,48,3.17,67.1,0.42,2,2,60,2,42.6,-256000.0,45.5
BNA003187,Bensalem,Farid,PME,Actif,Compte entreprise,50,Sétif,BTPH,Crédit équipement,2.1,827100.0,406900.0,8419000.0,174200.0,60,8.87,80.3,0.826,3,1,5,1,20.3,15000.0,64.1
BNA003188,Dahmani,Bilal,Particulier,Actif,Compte courant,63,Oran,BTPH,Crédit d'investissement,2.5,60000.0,38300.0,544000.0,13000.0,48,7.01,90.2,0.177,2,3,10,0,31.1,66800.0,91.0
BNA003189,Yahiaoui,Ibrahim,PME,Actif,Compte courant,43,Batna,Services,Crédit équipement,3.3,1631300.0,876600.0,16716000.0,290000.0,72,7.62,62.9,0.498,2,1,15,0,52.1,2274200.0,102.7
BNA003190,Nouri,Mohamed,PME,Actif,Compte courant,58,Djelfa,Santé,Crédit d'investissement,9.0,1173400.0,803700.0,5360000.0,103400.0,60,5.92,57.4,0.274,4,1,90,0,28.5,-825400.0,75.9
BNA003191,Khelifi,Nabil,Particulier,Actif,Compte courant,47,Béjaïa,Services,Crédit d'exploitation,2.9,63100.0,17100.0,627000.0,8400.0,84,3.48,20.6,0.652,1,0,5,1,8.8,101200.0,108.2
BNA003192,Benali,Ilyes,PME,Suspendu,Compte professionnel,65,Tlemcen,Agriculture,Crédit d'investissement,9.1,470000.0,141000.0,3353000.0,47900.0,84,5.35,74.5,0.327,2,6,150,6,30.0,34300.0,64.7
BNA003193,Chibani,Aymen,Particulier,Actif,Compte courant,61,Constantine,Transport,Crédit d'investissement,8.7,186500.0,46600.0,794000.0,12300.0,72,3.54,90.6,0.06,2,1,150,2,51.4,150400.0,85.0
BNA003194,Boudiaf,Kamel,Grande Entreprise,Actif,Compte entreprise,32,Oran,Agriculture,Crédit personnel,4.9,2512100.0,608200.0,18964000.0,553900.0,36,3.29,39.6,0.935,1,0,0,0,36.3,4225200.0,67.8
BNA003195,Rahmani,Farid,PME,Actif,Compte épargne,33,Laghouat,Commerce,Crédit personnel,4.2,486100.0,224400.0,6836000.0,138400.0,60,7.93,79.5,0.432,0,1,120,2,49.6,-366700.0,83.4
BNA003196,Boudiaf,Ilyes,Particulier,Actif,Compte courant,30,Oran,Industrie,Crédit personnel,11.0,90600.0,62100.0,689000.0,14000.0,60,8.11,64.6,0.291,1,0,0,1,53.0,60600.0,96.6
BNA003197,Cherif,Farid,Grande Entreprise,Actif,Compte entreprise,36,Tlemcen,Services,Crédit d'exploitation,4.5,4616700.0,3461900.0,23064000.0,558700.0,48,7.59,76.0,0.341,2,2,30,3,14.5,2329300.0,62.6
BNA003198,Mansouri,Youcef,Particulier,Actif,Compte épargne,48,Annaba,Transport,Crédit d'exploitation,6.3,195900.0,154300.0,3093000.0,44500.0,84,5.54,93.8,0.359,2,2,30,1,43.7,16600.0,46.1
BNA003199,Mebarki,Sofiane,Particulier,Actif,Compte courant,65,Laghouat,Pharmacie,Crédit équipement,11.7,72500.0,15000.0,583000.0,10900.0,60,4.43,51.6,0.906,2,0,0,0,18.0,86500.0,168.8
BNA003200,Boudiaf,Walid,Particulier,Actif,Compte professionnel,31,Djelfa,Commerce,Crédit d'exploitation,1.2,86800.0,31700.0,777000.0,15500.0,60,7.31,87.6,0.444,2,1,150,7,56.7,-124300.0,55.8
BNA003201,Benali,Anis,Particulier,Actif,Compte professionnel,34,Béjaïa,Agriculture,Crédit d'exploitation,7.7,118600.0,19900.0,1456000.0,36000.0,48,8.62,17.3,0.858,1,1,0,0,19.8,247000.0,122.2
BNA003202,Mokhtar,Samir,Particulier,Actif,Compte courant,28,Biskra,Santé,Crédit personnel,1.0,139200.0,44200.0,586000.0,14400.0,48,8.47,98.0,0.693,2,1,120,3,60.0,-61900.0,37.1
BNA003203,Bensalem,Yacine,Particulier,Actif,Compte courant,34,Tlemcen,Agriculture,Crédit d'investissement,14.0,65700.0,46400.0,241000.0,5900.0,48,7.82,79.2,0.152,3,3,5,1,41.8,111300.0,53.9
BNA003204,Amrani,Kamel,Particulier,Actif,Compte courant,27,Batna,Commerce,Crédit d'investissement,6.4,121200.0,23200.0,740000.0,23700.0,36,9.53,40.9,0.783,1,0,0,0,25.0,239800.0,51.0
BNA003205,Chibani,Tarek,Particulier,Actif,Compte courant,28,Constantine,Commerce,Crédit personnel,3.1,135400.0,63100.0,1450000.0,31000.0,60,10.21,9.5,0.788,0,0,5,0,8.2,474100.0,61.0
BNA003206,Yahiaoui,Tarek,PME,Actif,Compte courant,29,Alger,Agriculture,Crédit d'exploitation,16.5,214000.0,94000.0,2194000.0,67200.0,36,6.5,33.1,0.89,1,0,10,0,14.0,253800.0,158.5
BNA003207,Amrani,Youcef,PME,Actif,Compte courant,28,Constantine,Transport,Crédit d'investissement,5.1,1345600.0,266700.0,6788000.0,98900.0,84,5.91,32.9,0.909,0,0,0,1,21.3,282800.0,153.4
BNA003208,Slimani,Salim,PME,Actif,Compte courant,62,Blida,BTPH,Crédit équipement,7.7,622800.0,156500.0,1749000.0,31600.0,60,3.21,32.1,0.69,0,0,0,1,13.6,744200.0,54.9
BNA003209,Mansouri,Kamel,PME,Actif,Compte courant,51,Djelfa,BTPH,Crédit d'exploitation,2.3,546500.0,287100.0,4944000.0,426000.0,12,6.22,79.3,0.491,1,2,90,2,19.8,243700.0,87.4
BNA003210,Mansouri,Mohamed,Professionnel,Actif,Compte entreprise,61,Béjaïa,Transport,Crédit d'investissement,11.4,132100.0,34400.0,1151000.0,23100.0,60,7.59,100.0,0.659,1,0,45,0,46.0,-192000.0,65.4
BNA003211,Cherif,Youcef,Particulier,Actif,Compte courant,50,Béjaïa,BTPH,Crédit équipement,12.3,60400.0,44600.0,444000.0,6600.0,84,6.42,81.8,0.367,2,0,150,4,26.6,74300.0,62.0
BNA003212,Amrani,Ilyes,Grande Entreprise,Actif,Compte entreprise,33,Tlemcen,Agriculture,Crédit d'exploitation,4.8,768600.0,384000.0,4065000.0,91200.0,48,3.66,78.2,0.296,1,0,5,2,49.9,-82100.0,82.3
BNA003213,Amrani,Samir,Particulier,Actif,Compte courant,33,Annaba,Santé,Crédit d'investissement,9.2,90900.0,48600.0,455000.0,14600.0,36,9.42,100.0,0.499,0,0,180,0,56.0,-107200.0,40.1
BNA003214,Mebarki,Rachid,Particulier,Actif,Compte épargne,35,Alger,Pharmacie,Crédit équipement,5.1,74700.0,54600.0,582000.0,18700.0,36,9.86,68.0,0.349,2,2,45,1,35.0,-66800.0,69.8
BNA003215,Hadji,Bilal,Grande Entreprise,Actif,Compte courant,34,Annaba,Pharmacie,Crédit personnel,18.1,2546200.0,1434200.0,26427000.0,1207500.0,24,9.02,67.3,0.442,2,0,15,1,47.0,-2351000.0,59.7
BNA003216,Amrani,Amine,Particulier,Actif,Compte épargne,65,Blida,Pharmacie,Crédit équipement,1.6,134200.0,52000.0,937000.0,22100.0,48,6.12,13.6,0.9,0,0,0,1,14.8,277000.0,84.6
BNA003217,Nouri,Nabil,PME,Actif,Compte courant,37,Oran,BTPH,Crédit équipement,6.1,387600.0,161300.0,1960000.0,47900.0,48,8.06,36.8,0.601,0,0,0,0,27.3,956000.0,83.3
BNA003218,Boudiaf,Ilyes,Particulier,Actif,Compte courant,40,Oran,Services,Crédit d'investissement,10.0,118600.0,70800.0,831000.0,17400.0,60,9.46,89.3,0.582,0,1,0,0,34.9,-25100.0,90.2
BNA003219,Mebarki,Islam,Professionnel,Actif,Compte épargne,64,Annaba,Commerce,Crédit équipement,3.6,176500.0,127900.0,1669000.0,34300.0,60,8.58,46.6,0.676,4,1,60,1,59.3,344900.0,65.4
BNA003220,Amrani,Walid,Professionnel,Actif,Compte courant,64,Biskra,Transport,Crédit d'exploitation,2.7,257800.0,178700.0,2476000.0,49300.0,60,7.27,35.4,0.158,3,0,90,1,44.1,-206700.0,69.7
BNA003221,Djelloul,Amine,Grande Entreprise,Actif,Compte courant,31,Constantine,Industrie,Crédit d'exploitation,4.4,1557900.0,809100.0,11217000.0,199400.0,72,8.49,90.0,0.846,1,1,45,0,46.1,1237000.0,71.5
BNA003222,Belaid,Sofiane,Particulier,Actif,Compte courant,65,Djelfa,Pharmacie,Crédit personnel,7.2,87400.0,20300.0,635000.0,15700.0,48,8.75,25.5,0.91,0,0,0,0,21.4,297900.0,99.2
BNA003223,Khelifi,Nassim,Particulier,Actif,Compte épargne,34,Djelfa,Services,Crédit immobilier,5.3,114500.0,80900.0,716000.0,16600.0,48,5.23,71.9,0.103,3,1,30,0,36.6,158300.0,60.0
BNA003224,Benyahia,Amine,Particulier,Actif,Compte épargne,30,Alger,Commerce,Crédit d'exploitation,2.2,86900.0,48400.0,513000.0,15800.0,36,6.7,89.6,0.343,1,0,10,1,28.6,98500.0,72.1
BNA003225,Belkacem,Adel,PME,Inactif,Compte courant,37,Biskra,Agriculture,Crédit d'exploitation,13.8,777100.0,389400.0,4248000.0,81000.0,60,5.42,90.9,0.203,3,1,10,0,44.0,209600.0,29.1
BNA003226,Nouri,Aymen,Particulier,Actif,Compte courant,61,Constantine,Industrie,Crédit immobilier,6.8,136200.0,32000.0,608000.0,9200.0,72,3.04,31.6,0.68,0,0,0,0,25.9,382900.0,100.9
BNA003227,Belaid,Walid,PME,Actif,Compte courant,62,Sétif,Services,Crédit immobilier,7.5,467100.0,150400.0,3927000.0,80200.0,60,8.29,68.5,0.127,2,2,60,1,42.3,-466100.0,56.4
BNA003228,Larbi,Walid,Professionnel,Actif,Compte courant,57,Tlemcen,BTPH,Crédit équipement,14.6,292800.0,147300.0,1645000.0,36800.0,48,3.56,57.1,0.431,5,1,45,3,69.8,32900.0,60.9
BNA003229,Rahmani,Kamel,Particulier,Actif,Compte épargne,63,Laghouat,Industrie,Crédit équipement,6.1,142500.0,32200.0,1308000.0,58900.0,24,7.59,14.3,0.795,0,0,0,0,5.0,713500.0,128.3
BNA003230,Amrani,Karim,Particulier,Actif,Compte entreprise,33,Sétif,Transport,Crédit équipement,12.4,54900.0,29400.0,466000.0,9600.0,60,8.64,75.6,0.547,0,0,90,1,15.9,-54000.0,88.8
BNA003231,Bensalem,Samir,Particulier,Actif,Compte entreprise,43,Laghouat,BTPH,Crédit immobilier,7.9,63900.0,53300.0,223000.0,7000.0,36,8.26,86.4,0.713,3,1,120,2,31.0,105900.0,16.1
BNA003232,Ferhat,Abdelkader,Particulier,Actif,Compte épargne,33,Oran,Services,Crédit d'investissement,5.6,71600.0,43800.0,910000.0,27500.0,36,5.51,80.0,0.535,2,1,120,2,46.3,14100.0,57.9
BNA003233,Belkacem,Sofiane,PME,Actif,Compte entreprise,24,Annaba,Agriculture,Crédit d'exploitation,14.8,761100.0,176700.0,4793000.0,89600.0,60,4.63,67.5,0.291,3,0,45,0,43.5,632500.0,58.7
BNA003234,Mebarki,Ahmed,PME,Actif,Compte épargne,42,Djelfa,Agriculture,Crédit immobilier,7.7,782700.0,497100.0,6784000.0,151800.0,48,3.54,71.2,0.062,4,2,150,0,47.7,-1099700.0,56.0
BNA003235,Djelloul,Mohamed,Particulier,Actif,Compte courant,29,Béjaïa,Industrie,Crédit équipement,10.4,72900.0,34200.0,551000.0,11500.0,60,9.05,70.9,0.187,3,0,30,1,36.8,-28800.0,45.2
BNA003236,Yahiaoui,Hichem,Particulier,Actif,Compte épargne,59,Blida,Transport,Crédit personnel,10.8,172400.0,49500.0,3233000.0,81600.0,48,9.73,26.8,0.803,2,0,0,0,16.7,385000.0,126.0
BNA003237,Cherif,Ilyes,Particulier,Actif,Compte professionnel,37,Béjaïa,Santé,Crédit équipement,13.9,79100.0,27700.0,742000.0,13700.0,60,4.14,33.8,0.894,0,0,0,0,19.2,273000.0,155.6
BNA003238,Larbi,Samir,Professionnel,Actif,Compte épargne,49,Alger,Pharmacie,Crédit d'exploitation,9.2,465300.0,259600.0,4012000.0,125600.0,36,7.93,84.1,0.662,1,0,120,0,14.8,-47100.0,20.4
BNA003239,Benyahia,Aymen,Particulier,Actif,Compte épargne,52,Sétif,Transport,Crédit personnel,8.5,68100.0,42200.0,615000.0,11300.0,72,9.84,81.2,0.647,2,1,60,3,47.9,74200.0,47.7
BNA003240,Hadji,Yacine,Grande Entreprise,Actif,Compte entreprise,39,Constantine,BTPH,Crédit personnel,3.9,3781100.0,2859800.0,29644000.0,725700.0,48,8.14,66.1,0.641,3,0,15,4,35.0,380600.0,83.0
BNA003241,Dahmani,Ahmed,Particulier,Actif,Compte entreprise,53,Tlemcen,Santé,Crédit personnel,2.8,53400.0,15000.0,241000.0,3600.0,84,6.84,25.0,0.672,0,0,0,2,41.2,142500.0,167.1
BNA003242,Haddad,Sofiane,Professionnel,Actif,Compte professionnel,64,Biskra,Commerce,Crédit d'investissement,8.3,214000.0,130800.0,5172000.0,97400.0,60,4.9,83.9,0.427,2,1,45,2,36.2,105300.0,50.9
BNA003243,Mokhtar,Riad,Particulier,Actif,Compte courant,46,Tlemcen,Santé,Crédit immobilier,7.6,64100.0,15000.0,462000.0,20600.0,24,6.55,17.7,0.841,0,0,0,0,15.8,138700.0,133.8
BNA003244,Meziane,Ilyes,Professionnel,Actif,Compte courant,25,Biskra,Transport,Crédit équipement,13.6,158100.0,117000.0,1403000.0,42200.0,36,5.22,78.1,0.586,2,2,30,3,37.0,272100.0,104.3
BNA003245,Larbi,Ahmed,Particulier,Actif,Compte professionnel,46,Sétif,Agriculture,Crédit immobilier,1.1,44200.0,24500.0,457000.0,9800.0,60,10.44,100.0,0.637,0,0,30,2,51.8,100900.0,56.4
BNA003246,Saidi,Oussama,Professionnel,Actif,Compte entreprise,30,Batna,Santé,Crédit équipement,8.9,109200.0,67000.0,494000.0,22400.0,24,8.22,96.1,0.192,2,1,45,4,17.0,-108000.0,73.2
BNA003247,Nouri,Anis,Particulier,Actif,Compte professionnel,43,Laghouat,Agriculture,Crédit équipement,6.8,230700.0,143900.0,327000.0,6900.0,60,9.5,64.6,0.57,6,1,45,1,22.8,203300.0,5.9
BNA003248,Cherif,Kamel,Particulier,Actif,Compte courant,60,Béjaïa,Commerce,Crédit immobilier,9.9,49400.0,24700.0,691000.0,60900.0,12,10.47,73.2,0.22,2,2,120,1,45.1,30800.0,98.9
BNA003249,Meziane,Rachid,Particulier,Actif,Compte courant,56,Biskra,Santé,Crédit équipement,3.0,104200.0,52700.0,1115000.0,27400.0,48,8.36,42.8,0.335,1,2,45,1,56.8,84300.0,49.2
BNA003250,Saidi,Ilyes,PME,Actif,Compte entreprise,36,Sétif,Services,Crédit personnel,3.4,650600.0,408600.0,6378000.0,99300.0,72,3.82,45.4,0.377,2,2,30,1,36.1,-148500.0,54.3
BNA003251,Guediri,Nabil,Grande Entreprise,Actif,Compte épargne,54,Annaba,Agriculture,Crédit d'investissement,5.3,1010100.0,331600.0,8440000.0,193100.0,48,4.67,51.7,0.801,0,0,0,0,26.8,-793400.0,124.3
BNA003252,Cherif,Riad,Particulier,Actif,Compte courant,40,Biskra,Santé,Crédit personnel,4.2,78100.0,45900.0,1201000.0,22300.0,60,4.33,78.5,0.27,4,2,30,1,29.2,-32200.0,68.2
BNA003253,Slimani,Aymen,PME,Actif,Compte épargne,41,Constantine,Santé,Crédit personnel,8.9,495500.0,294400.0,3200000.0,51200.0,84,8.82,61.9,0.149,1,1,45,3,66.8,111600.0,66.9
BNA003254,Larbi,Rachid,Particulier,Inactif,Compte courant,35,Blida,Santé,Crédit personnel,1.9,46400.0,28400.0,388000.0,9900.0,48,10.07,73.5,0.558,4,1,120,5,31.2,-21700.0,76.7
BNA003255,Guediri,Amine,Particulier,Actif,Compte courant,58,Biskra,Industrie,Crédit immobilier,4.9,101900.0,15000.0,688000.0,17400.0,48,9.78,11.3,0.946,0,0,0,0,26.0,220200.0,175.4
BNA003256,Guediri,Mourad,PME,Actif,Compte épargne,44,Constantine,Transport,Crédit personnel,2.1,887800.0,508300.0,5641000.0,105800.0,72,10.44,69.5,0.561,1,2,90,2,51.6,-42500.0,45.7
BNA003257,Djelloul,Nabil,PME,Actif,Compte courant,62,Constantine,Services,Crédit d'exploitation,8.7,1763000.0,631100.0,9934000.0,292200.0,36,3.75,25.4,0.933,0,0,0,2,21.9,7761100.0,115.1
BNA003258,Mebarki,Imad,PME,Actif,Compte entreprise,61,Constantine,Transport,Crédit immobilier,14.8,622600.0,462600.0,7186000.0,214400.0,36,4.69,55.8,0.58,0,1,5,0,39.5,1030300.0,54.2
BNA003259,Gacem,Adel,Particulier,Actif,Compte courant,31,Béjaïa,Pharmacie,Crédit d'exploitation,12.3,142500.0,55000.0,868000.0,14100.0,72,5.18,78.6,0.16,0,0,0,2,17.8,86100.0,40.3
BNA003260,Saidi,Youcef,PME,Actif,Compte courant,55,Constantine,Santé,Crédit équipement,2.9,876400.0,553700.0,5345000.0,247700.0,24,10.44,70.3,0.481,2,0,0,2,50.9,-670500.0,5.3
BNA003261,Gacem,Rachid,PME,Actif,Compte épargne,29,Laghouat,Transport,Crédit d'exploitation,5.8,657800.0,217600.0,8095000.0,145000.0,72,8.77,8.0,0.615,0,0,0,0,20.3,1023300.0,74.9
BNA003262,Rahmani,Tarek,Professionnel,Suspendu,Compte épargne,32,Djelfa,Industrie,Crédit immobilier,0.9,206300.0,106600.0,2749000.0,47700.0,72,7.64,66.2,0.449,4,1,60,0,28.8,423300.0,18.9
BNA003263,Benyahia,Walid,Particulier,Actif,Compte courant,55,Biskra,BTPH,Crédit d'investissement,5.5,87200.0,34100.0,524000.0,15500.0,36,4.32,80.6,0.605,0,4,90,3,45.3,4500.0,72.9
BNA003264,Saidi,Mourad,Particulier,Inactif,Compte courant,25,Djelfa,Services,Crédit personnel,6.9,245900.0,98700.0,1801000.0,36600.0,60,8.12,88.2,0.589,2,0,45,3,57.1,-49700.0,85.3
BNA003265,Larbi,Bilal,PME,Actif,Compte courant,29,Constantine,Industrie,Crédit d'exploitation,6.1,1196300.0,636400.0,5072000.0,108900.0,60,10.47,79.1,0.613,4,1,30,0,24.7,685700.0,53.2
BNA003266,Cherif,Walid,Professionnel,Actif,Compte entreprise,42,Blida,Commerce,Crédit personnel,4.2,164900.0,68100.0,1141000.0,25600.0,48,3.76,79.5,0.192,4,1,10,1,58.0,-101700.0,52.5
BNA003267,Belkacem,Amine,Particulier,Actif,Compte courant,51,Batna,Industrie,Crédit immobilier,13.2,65100.0,20700.0,527000.0,15900.0,36,5.36,2.0,0.72,0,0,0,0,25.1,212400.0,98.1
BNA003268,Belkacem,Tarek,Grande Entreprise,Actif,Compte courant,62,Constantine,BTPH,Crédit d'exploitation,4.4,5039300.0,2826100.0,21858000.0,1921800.0,12,10.01,27.6,0.195,0,0,180,2,40.6,6683300.0,82.5
BNA003269,Touati,Rachid,Particulier,Actif,Compte courant,48,Laghouat,Agriculture,Crédit équipement,1.9,101200.0,49000.0,856000.0,12700.0,84,6.46,36.2,0.365,1,0,150,1,38.3,-152800.0,94.6
BNA003270,Saidi,Salim,Particulier,Actif,Compte professionnel,42,Sétif,Commerce,Crédit d'exploitation,20.0,132700.0,29000.0,1206000.0,28700.0,48,6.64,29.4,0.643,0,0,0,0,16.6,218100.0,87.9
BNA003271,Slimani,Zakaria,PME,Actif,Compte courant,42,Laghouat,Industrie,Crédit d'exploitation,2.1,176300.0,72500.0,1411000.0,34300.0,48,7.76,35.7,0.907,0,0,0,0,10.7,472800.0,114.5
BNA003272,Mebarki,Nabil,PME,Actif,Compte épargne,45,Oran,Industrie,Crédit équipement,5.0,976100.0,613500.0,4068000.0,98600.0,48,7.64,72.9,0.135,1,0,45,3,41.0,736900.0,83.8
BNA003273,Dahmani,Ibrahim,Particulier,Actif,Compte courant,63,Béjaïa,Transport,Crédit personnel,15.5,54700.0,33500.0,566000.0,8800.0,84,7.8,85.2,0.419,1,2,30,2,33.0,52000.0,26.8
BNA003274,Dahmani,Ilyes,PME,Inactif,Compte épargne,43,Djelfa,Santé,Crédit équipement,7.3,1822600.0,240300.0,16983000.0,310900.0,60,3.75,30.8,0.847,0,0,5,0,16.3,2925200.0,104.9
BNA003275,Bensalem,Sofiane,Particulier,Actif,Compte courant,43,Tlemcen,Santé,Crédit personnel,11.1,82500.0,53600.0,1780000.0,79100.0,24,6.28,61.5,0.538,2,2,30,1,32.9,-65000.0,56.4
BNA003276,Meziane,Walid,Grande Entreprise,Actif,Compte courant,30,Tlemcen,Commerce,Crédit d'exploitation,5.5,429300.0,261300.0,3406000.0,79800.0,48,5.91,94.2,0.401,2,0,180,3,34.7,921200.0,65.5
BNA003277,Djelloul,Sofiane,PME,Actif,Compte épargne,53,Batna,Industrie,Crédit personnel,4.0,841600.0,138400.0,3797000.0,328500.0,12,6.96,34.6,0.639,1,0,0,0,27.0,240600.0,104.0
BNA003278,Belaid,Walid,PME,Actif,Compte courant,30,Annaba,BTPH,Crédit d'exploitation,10.4,474500.0,212700.0,3467000.0,60100.0,72,7.59,76.7,0.229,0,3,30,1,43.5,101300.0,38.4
BNA003279,Larbi,Aymen,Particulier,Actif,Compte courant,23,Alger,Services,Crédit personnel,9.0,120500.0,83200.0,1050000.0,32100.0,36,6.33,62.9,0.257,2,0,30,3,50.6,-265800.0,50.8
BNA003280,Slimani,Hichem,PME,Actif,Compte courant,51,Constantine,Industrie,Crédit d'investissement,11.0,1055300.0,548700.0,4899000.0,120200.0,48,8.27,85.4,0.657,0,0,30,2,49.4,-361000.0,72.0
BNA003281,Yahiaoui,Amine,Particulier,Actif,Compte épargne,29,Sétif,Pharmacie,Crédit immobilier,1.2,100700.0,40000.0,634000.0,15800.0,48,9.08,82.4,0.52,3,0,60,3,25.3,161800.0,42.0
BNA003282,Guediri,Nabil,Particulier,Actif,Compte épargne,46,Annaba,Transport,Crédit d'investissement,11.2,137100.0,30600.0,825000.0,19900.0,48,7.36,12.7,0.883,0,0,0,0,7.8,490800.0,145.6
BNA003283,Gacem,Bilal,Particulier,Actif,Compte courant,33,Djelfa,Agriculture,Crédit immobilier,19.8,60400.0,39600.0,383000.0,17300.0,24,7.83,54.3,0.253,1,1,60,2,35.6,-15100.0,0.4
BNA003284,Zerrouki,Nabil,PME,Actif,Compte courant,41,Batna,Commerce,Crédit personnel,4.6,706200.0,185800.0,2650000.0,227200.0,12,5.25,34.1,0.767,1,0,0,1,29.0,1862800.0,94.1
BNA003285,Yahiaoui,Riad,Particulier,Actif,Compte courant,52,Sétif,Pharmacie,Crédit d'exploitation,4.4,71700.0,41000.0,428000.0,8300.0,60,5.92,84.7,0.117,3,1,90,2,27.7,-20800.0,82.5
BNA003286,Gacem,Riad,Particulier,Suspendu,Compte courant,61,Laghouat,Transport,Crédit équipement,5.0,56300.0,20700.0,392000.0,8700.0,48,3.29,66.8,0.257,2,4,60,1,43.0,2800.0,72.2
BNA003287,Chibani,Abdelkader,Particulier,Actif,Compte courant,65,Oran,Agriculture,Crédit personnel,4.6,89400.0,17300.0,675000.0,16900.0,48,9.22,34.1,0.536,1,0,0,0,16.1,413700.0,30.5
BNA003288,Dahmani,Imad,Grande Entreprise,Actif,Compte courant,23,Blida,BTPH,Crédit personnel,20.0,1548400.0,1108900.0,18145000.0,367500.0,60,7.95,57.7,0.802,0,2,30,3,38.2,-549200.0,38.7
BNA003289,Slimani,Hichem,Particulier,Actif,Compte entreprise,47,Tlemcen,Santé,Crédit immobilier,12.5,86200.0,36800.0,704000.0,61200.0,12,7.93,94.4,0.171,2,0,30,0,60.1,-2600.0,39.3
BNA003290,Rahmani,Ahmed,Particulier,Actif,Compte courant,59,Annaba,Industrie,Crédit d'exploitation,6.5,83300.0,38900.0,746000.0,17500.0,48,6.04,88.6,0.302,4,0,60,1,49.0,120500.0,54.4
BNA003291,Meziane,Karim,Professionnel,Actif,Compte épargne,39,Djelfa,Pharmacie,Crédit d'investissement,12.6,147000.0,39900.0,2738000.0,49000.0,72,8.76,34.8,0.814,0,0,0,0,15.2,291100.0,62.5
BNA003292,Mansouri,Karim,PME,Actif,Compte professionnel,49,Tlemcen,Santé,Crédit d'investissement,7.9,182300.0,37300.0,526000.0,12200.0,48,5.32,3.9,0.805,0,0,0,0,19.4,123700.0,87.5
BNA003293,Gacem,Oussama,PME,Actif,Compte courant,45,Alger,BTPH,Crédit immobilier,2.5,272300.0,60000.0,861000.0,25400.0,36,3.99,16.1,0.846,1,0,0,0,21.5,595000.0,31.5
BNA003294,Benyahia,Karim,PME,Actif,Compte entreprise,47,Batna,Agriculture,Crédit équipement,6.6,375700.0,232400.0,2724000.0,50000.0,72,9.64,80.4,0.563,0,1,90,0,42.6,-30200.0,57.8
BNA003295,Bensalem,Oussama,Particulier,Actif,Compte courant,32,Alger,Transport,Crédit d'investissement,9.1,93600.0,63300.0,434000.0,13200.0,36,6.18,83.4,0.228,2,1,120,2,44.7,58100.0,52.4
BNA003296,Ferhat,Nabil,Professionnel,Actif,Compte épargne,40,Djelfa,Services,Crédit d'exploitation,8.1,197700.0,123500.0,1458000.0,33000.0,48,4.14,85.2,0.059,2,1,30,1,34.7,-233000.0,51.0
BNA003297,Yahiaoui,Nabil,PME,Suspendu,Compte entreprise,34,Djelfa,Services,Crédit équipement,20.0,601500.0,330600.0,3655000.0,116000.0,36,8.87,80.8,0.36,2,2,15,1,59.5,822500.0,57.6
BNA003298,Rahmani,Adel,Particulier,Actif,Compte entreprise,60,Blida,Industrie,Crédit d'investissement,8.0,35000.0,17500.0,266000.0,4600.0,72,7.67,66.9,0.774,2,1,15,1,42.1,-200.0,85.3
BNA003299,Nouri,Mohamed,Professionnel,Actif,Compte entreprise,46,Blida,Transport,Crédit équipement,10.6,188700.0,101200.0,1390000.0,23200.0,72,6.25,63.5,0.538,1,0,30,0,37.9,285900.0,82.3
BNA003300,Mansouri,Bilal,Particulier,Actif,Compte courant,60,Djelfa,Agriculture,Crédit d'investissement,8.2,40400.0,15000.0,212000.0,5200.0,48,8.34,52.7,0.851,1,0,0,0,20.2,152500.0,86.3
BNA003301,Nouri,Hichem,Professionnel,Actif,Compte entreprise,41,Tlemcen,Industrie,Crédit personnel,3.2,185000.0,16900.0,3658000.0,90200.0,48,8.51,41.8,1.0,0,0,15,1,42.2,546800.0,97.0
BNA003302,Chibani,Walid,PME,Actif,Compte entreprise,47,Alger,Transport,Crédit personnel,5.4,1100500.0,453800.0,5955000.0,89000.0,84,6.71,29.4,0.942,0,1,0,0,30.9,2792400.0,134.2
BNA003303,Mebarki,Ahmed,PME,Actif,Compte épargne,47,Batna,Santé,Crédit d'exploitation,5.4,315000.0,95600.0,1463000.0,24600.0,72,6.47,60.4,0.748,4,0,30,0,47.1,-476900.0,39.0
BNA003304,Khelifi,Salim,Particulier,Actif,Compte courant,28,Batna,Services,Crédit d'investissement,9.9,103600.0,77500.0,482000.0,10300.0,60,10.41,79.4,0.576,1,0,90,2,31.2,-178500.0,22.0
BNA003305,Larbi,Tarek,Particulier,Actif,Compte courant,52,Alger,Agriculture,Crédit immobilier,2.9,59000.0,22600.0,719000.0,63100.0,12,9.65,80.6,0.362,1,1,0,1,59.3,156200.0,48.0
BNA003306,Slimani,Imad,Particulier,Actif,Compte courant,42,Laghouat,Pharmacie,Crédit d'investissement,6.8,129700.0,24500.0,752000.0,23500.0,36,7.72,14.1,0.901,0,0,0,0,31.4,472200.0,125.8
BNA003307,Gacem,Ahmed,Particulier,Actif,Compte épargne,47,Batna,Pharmacie,Crédit personnel,4.8,52800.0,35300.0,355000.0,8200.0,48,4.95,78.6,0.089,2,2,45,1,40.4,-54500.0,110.9
BNA003308,Brahimi,Zakaria,Grande Entreprise,Actif,Compte courant,26,Djelfa,Transport,Crédit d'investissement,5.3,667100.0,365800.0,3065000.0,55300.0,60,3.2,42.3,0.104,0,0,5,0,39.7,899500.0,106.2
BNA003309,Benyahia,Riad,Particulier,Actif,Compte courant,56,Biskra,Services,Crédit personnel,6.6,141700.0,93500.0,1451000.0,28800.0,60,7.1,59.7,0.22,3,1,45,1,62.3,-61500.0,86.6
BNA003310,Bensalem,Hichem,Particulier,Actif,Compte épargne,34,Laghouat,Santé,Crédit d'exploitation,1.0,136100.0,21800.0,1086000.0,27600.0,48,10.17,46.6,0.888,0,0,0,0,15.1,254900.0,74.7
BNA003311,Brahimi,Amine,Professionnel,Actif,Compte courant,42,Biskra,Santé,Crédit d'exploitation,12.9,121700.0,87900.0,574000.0,9200.0,72,4.87,67.0,0.447,1,0,120,1,47.5,5900.0,103.5
BNA003312,Belaid,Abdelkader,Particulier,Actif,Compte entreprise,64,Tlemcen,Services,Crédit immobilier,6.2,91700.0,54800.0,904000.0,20600.0,48,4.49,76.2,0.568,0,0,120,1,42.2,25400.0,48.6
BNA003313,Khelifi,Nassim,Particulier,Actif,Compte courant,28,Djelfa,Santé,Crédit d'investissement,3.6,63500.0,34900.0,826000.0,13300.0,84,8.94,65.1,0.549,1,0,30,3,41.2,40300.0,57.8
BNA003314,Slimani,Riad,Particulier,Actif,Compte professionnel,52,Alger,Agriculture,Crédit personnel,5.5,138200.0,59000.0,809000.0,24700.0,36,6.28,87.4,0.443,2,1,90,2,44.5,-22400.0,0.0
BNA003315,Boudiaf,Adel,Particulier,Actif,Compte épargne,56,Béjaïa,Pharmacie,Crédit d'exploitation,1.6,131700.0,93400.0,853000.0,20500.0,48,7.21,54.0,0.094,1,1,90,1,51.3,117800.0,60.3
BNA003316,Hadji,Ilyes,Particulier,Actif,Compte épargne,37,Annaba,BTPH,Crédit personnel,2.2,127200.0,27800.0,1070000.0,26700.0,48,9.16,10.5,0.896,0,0,15,0,8.5,299600.0,63.9
BNA003317,Amrani,Aymen,PME,Actif,Compte courant,42,Biskra,Agriculture,Crédit personnel,15.2,606400.0,351900.0,3388000.0,150300.0,24,6.12,77.3,0.138,4,0,150,1,27.3,78400.0,72.4
BNA003318,Mansouri,Ilyes,Professionnel,Actif,Compte courant,36,Tlemcen,Industrie,Crédit immobilier,6.7,178800.0,77900.0,6128000.0,116200.0,60,5.21,78.2,0.207,1,0,150,1,20.1,3700.0,83.7
BNA003319,Bensalem,Abdelkader,Grande Entreprise,Actif,Compte professionnel,47,Constantine,Pharmacie,Crédit d'investissement,6.1,1524400.0,694400.0,9385000.0,211100.0,48,3.81,91.0,0.313,2,2,0,4,53.5,594700.0,40.5
BNA003320,Khelifi,Ilyes,PME,Actif,Compte courant,64,Alger,Commerce,Crédit d'exploitation,6.4,748400.0,461900.0,5079000.0,227200.0,24,6.93,70.7,0.655,1,2,45,5,37.7,-184100.0,57.7
BNA003321,Haddad,Nabil,Particulier,Inactif,Compte entreprise,62,Sétif,Commerce,Crédit personnel,7.1,89900.0,20100.0,1291000.0,58900.0,24,8.85,33.6,0.707,0,0,0,1,33.7,328400.0,158.9
BNA003322,Ferhat,Farid,Particulier,Actif,Compte entreprise,48,Béjaïa,Commerce,Crédit immobilier,9.0,125300.0,21000.0,1780000.0,23500.0,84,3.03,36.2,0.845,1,0,0,1,30.1,218100.0,97.4
BNA003323,Mokhtar,Ahmed,Particulier,Actif,Compte épargne,40,Biskra,Services,Crédit d'exploitation,3.5,102100.0,39000.0,945000.0,21700.0,48,4.85,72.7,0.474,1,0,45,1,33.5,101900.0,76.3
BNA003324,Dahmani,Kamel,Particulier,Actif,Compte épargne,65,Blida,Pharmacie,Crédit équipement,1.0,73000.0,15000.0,674000.0,12600.0,72,10.25,18.4,0.757,0,0,0,1,37.0,97800.0,92.6
BNA003325,Belkacem,Youcef,Particulier,Actif,Compte épargne,36,Alger,Agriculture,Crédit d'investissement,1.7,98500.0,63200.0,1160000.0,24500.0,60,9.67,81.4,0.221,2,1,120,0,55.6,-132700.0,46.4
BNA003326,Zerrouki,Ibrahim,PME,Actif,Compte courant,30,Biskra,Agriculture,Crédit d'exploitation,4.5,695900.0,529900.0,12648000.0,297000.0,48,6.0,79.9,0.377,3,2,30,1,31.6,-29600.0,54.9
BNA003327,Gacem,Abdelkader,PME,Actif,Compte courant,33,Alger,Agriculture,Crédit équipement,1.4,2669800.0,1711700.0,21504000.0,404300.0,60,4.85,72.4,0.326,3,1,30,1,37.0,532300.0,83.7
BNA003328,Meziane,Abdelkader,Particulier,Actif,Compte courant,35,Annaba,Services,Crédit d'exploitation,12.1,71700.0,28800.0,331000.0,29000.0,12,9.4,56.5,0.184,1,0,90,2,30.8,8300.0,96.3
BNA003329,Belkacem,Tarek,Particulier,Actif,Compte courant,50,Biskra,Transport,Crédit immobilier,12.5,93000.0,20000.0,740000.0,22000.0,36,4.39,35.6,0.569,1,0,0,0,42.0,188400.0,58.8
BNA003330,Touati,Samir,Particulier,Actif,Compte entreprise,38,Batna,Pharmacie,Crédit d'exploitation,6.1,58000.0,39100.0,441000.0,9500.0,60,10.49,84.2,0.668,1,1,15,1,59.8,26400.0,53.1
BNA003331,Amrani,Samir,PME,Actif,Compte courant,63,Constantine,Industrie,Crédit d'investissement,5.3,758300.0,312300.0,4078000.0,55300.0,84,3.75,74.1,0.178,2,1,120,1,37.9,-517200.0,39.7
BNA003332,Bensalem,Bilal,Particulier,Actif,Compte courant,28,Batna,Santé,Crédit équipement,6.1,87600.0,59600.0,874000.0,11800.0,84,3.62,96.7,0.312,1,3,120,5,56.1,190600.0,55.7
BNA003333,Gacem,Kamel,Particulier,Actif,Compte courant,49,Blida,Industrie,Crédit personnel,7.8,50100.0,30800.0,213000.0,4500.0,60,9.47,79.1,0.278,3,2,60,2,25.9,-30000.0,41.7
BNA003334,Chibani,Karim,PME,Actif,Compte courant,27,Batna,Services,Crédit immobilier,14.4,389500.0,180500.0,2953000.0,54600.0,60,4.2,87.1,0.172,1,1,5,0,34.0,815000.0,55.7
BNA003335,Haddad,Sofiane,Particulier,Actif,Compte courant,60,Alger,Commerce,Crédit personnel,10.2,99400.0,25100.0,807000.0,24900.0,36,6.83,42.3,0.416,0,0,0,0,31.7,162900.0,121.9
BNA003336,Djelloul,Islam,PME,Actif,Compte courant,62,Batna,Santé,Crédit équipement,5.6,413600.0,209300.0,3617000.0,89900.0,48,8.91,92.8,0.893,1,1,60,1,60.1,435500.0,89.2
BNA003337,Meziane,Ibrahim,PME,Actif,Compte entreprise,41,Batna,Industrie,Crédit équipement,3.0,1133500.0,128600.0,5222000.0,132800.0,48,10.15,15.5,0.583,0,0,0,0,31.6,1170600.0,93.9
BNA003338,Khelifi,Samir,Particulier,Actif,Compte courant,31,Constantine,Santé,Crédit d'investissement,10.2,158400.0,104100.0,1647000.0,40200.0,48,8.04,79.6,0.815,0,0,90,3,35.0,127300.0,29.8
BNA003339,Benali,Zakaria,Particulier,Actif,Compte épargne,49,Béjaïa,Pharmacie,Crédit équipement,1.3,80500.0,25800.0,842000.0,19600.0,48,5.43,37.9,0.401,0,1,15,1,61.5,-7100.0,65.4
BNA003340,Mebarki,Ahmed,PME,Actif,Compte professionnel,46,Laghouat,BTPH,Crédit immobilier,8.6,553900.0,217100.0,4571000.0,111600.0,48,8.02,93.0,0.595,2,2,150,0,48.1,-628000.0,51.4
BNA003341,Boudiaf,Nabil,Particulier,Actif,Compte courant,47,Béjaïa,Services,Crédit personnel,8.0,111000.0,52000.0,1010000.0,20900.0,60,8.87,23.4,0.904,0,0,0,0,16.4,405300.0,133.1
BNA003342,Belkacem,Samir,Particulier,Actif,Compte courant,35,Batna,Industrie,Crédit personnel,1.6,89500.0,15000.0,1313000.0,41000.0,36,7.75,24.4,0.607,1,0,0,0,21.2,168500.0,119.8
BNA003343,Mokhtar,Farid,Professionnel,Actif,Compte entreprise,64,Biskra,Pharmacie,Crédit d'investissement,12.2,263800.0,85700.0,3787000.0,113700.0,36,5.14,2.0,0.79,2,0,0,0,25.6,141700.0,114.1
BNA003344,Djelloul,Amine,Particulier,Actif,Compte professionnel,51,Tlemcen,Transport,Crédit équipement,5.6,68200.0,52800.0,412000.0,12400.0,36,5.43,73.3,0.774,3,1,15,6,40.6,162500.0,56.2
BNA003345,Djelloul,Amine,Professionnel,Actif,Compte épargne,49,Blida,Transport,Crédit d'exploitation,13.0,231200.0,27600.0,3103000.0,70600.0,48,4.39,24.7,0.862,0,0,0,0,21.6,636800.0,149.4
BNA003346,Djelloul,Rachid,Particulier,Actif,Compte courant,29,Béjaïa,Services,Crédit immobilier,2.7,64000.0,28400.0,388000.0,9900.0,48,10.43,45.7,0.904,0,0,0,0,21.4,182100.0,51.9
BNA003347,Zerrouki,Nassim,Particulier,Actif,Compte courant,23,Annaba,Transport,Crédit d'exploitation,6.7,94900.0,60400.0,856000.0,20900.0,48,7.96,65.2,0.403,0,2,5,0,25.8,-41800.0,36.5
BNA003348,Khelifi,Sofiane,Professionnel,Actif,Compte courant,41,Laghouat,Santé,Crédit personnel,6.6,562800.0,85300.0,11254000.0,199600.0,72,8.41,36.3,0.888,0,0,0,0,22.6,2267700.0,141.9
BNA003349,Boudiaf,Nassim,Particulier,Actif,Compte courant,49,Blida,BTPH,Crédit personnel,4.7,92800.0,44200.0,988000.0,15700.0,72,4.48,95.5,0.595,1,0,180,0,54.2,80700.0,51.9
BNA003350,Mebarki,Samir,Particulier,Actif,Compte entreprise,51,Sétif,Santé,Crédit équipement,9.5,133000.0,46300.0,1703000.0,53100.0,36,7.62,85.2,0.11,0,0,90,2,42.6,37100.0,41.0
BNA003351,Larbi,Hichem,PME,Actif,Compte entreprise,42,Biskra,Transport,Crédit immobilier,11.0,832500.0,642500.0,3572000.0,114400.0,36,9.49,85.7,0.209,0,0,90,0,63.8,-413700.0,48.7
BNA003352,Amrani,Riad,PME,Actif,Compte courant,46,Laghouat,Santé,Crédit équipement,20.0,601800.0,242600.0,4506000.0,395500.0,12,9.68,5.5,0.586,0,0,0,0,19.9,1616800.0,139.3
BNA003353,Cherif,Farid,PME,Actif,Compte épargne,59,Constantine,Commerce,Crédit équipement,3.8,1935900.0,514200.0,17167000.0,279900.0,72,5.43,27.3,0.384,0,0,0,0,26.7,7837700.0,87.1
BNA003354,Larbi,Salim,Professionnel,Actif,Compte courant,28,Oran,Industrie,Crédit immobilier,6.6,84300.0,41500.0,886000.0,25800.0,36,3.18,93.8,0.129,2,0,45,0,51.3,26500.0,60.6
BNA003355,Mebarki,Riad,Grande Entreprise,Actif,Compte professionnel,63,Alger,Agriculture,Crédit équipement,6.2,2073300.0,472400.0,9833000.0,159900.0,72,5.34,46.1,0.84,1,0,0,0,19.3,2912500.0,120.8
BNA003356,Zerrouki,Riad,Particulier,Actif,Compte entreprise,35,Béjaïa,Commerce,Crédit personnel,3.5,237800.0,146600.0,1306000.0,57800.0,24,5.89,71.6,0.215,0,3,150,3,35.1,208600.0,62.7
BNA003357,Khelifi,Karim,Grande Entreprise,Actif,Compte entreprise,54,Biskra,Services,Crédit d'exploitation,11.1,1508400.0,809400.0,5047000.0,95000.0,60,4.88,100.0,0.149,1,0,0,1,31.4,-1457800.0,19.1
BNA003358,Guediri,Oussama,Particulier,Actif,Compte courant,63,Alger,Industrie,Crédit immobilier,4.6,74600.0,50200.0,637000.0,11200.0,72,8.21,76.2,0.385,1,0,30,4,80.5,72300.0,98.3
BNA003359,Boudiaf,Amine,Professionnel,Actif,Compte entreprise,43,Annaba,BTPH,Crédit d'investissement,3.7,99400.0,50900.0,964000.0,21700.0,48,3.78,74.0,0.441,2,0,60,0,15.6,-2500.0,74.1
BNA003360,Guediri,Samir,Particulier,Actif,Compte courant,47,Constantine,Agriculture,Crédit équipement,2.3,191800.0,121300.0,1667000.0,38500.0,48,5.1,80.5,0.52,1,0,90,5,44.7,150900.0,90.4
BNA003361,Cherif,Amine,Professionnel,Actif,Compte courant,57,Laghouat,Santé,Crédit d'exploitation,10.8,64100.0,40300.0,885000.0,17600.0,60,7.12,86.9,0.545,0,0,15,3,56.4,-8000.0,90.9
BNA003362,Larbi,Hichem,Particulier,Actif,Compte courant,46,Sétif,BTPH,Crédit d'exploitation,6.9,132900.0,66900.0,1390000.0,23300.0,72,6.42,100.0,0.149,3,1,60,1,19.7,94800.0,60.5
BNA003363,Khelifi,Mourad,Particulier,Actif,Compte courant,61,Blida,Industrie,Crédit d'investissement,9.9,80200.0,62000.0,479000.0,9000.0,60,4.94,92.5,0.853,3,0,150,2,56.9,-12400.0,80.2
BNA003364,Nouri,Riad,Professionnel,Actif,Compte entreprise,24,Constantine,Industrie,Crédit immobilier,4.4,195700.0,91700.0,2479000.0,33200.0,84,3.42,79.9,0.654,3,1,60,1,60.2,139300.0,100.8
BNA003365,Yahiaoui,Ilyes,Professionnel,Actif,Compte courant,65,Béjaïa,BTPH,Crédit d'exploitation,9.5,56000.0,27700.0,558000.0,25800.0,24,10.23,77.8,0.647,0,2,45,3,31.0,7300.0,74.5
BNA003366,Nouri,Oussama,Particulier,Actif,Compte épargne,36,Batna,Services,Crédit personnel,2.5,148100.0,78000.0,928000.0,19400.0,60,9.27,72.6,0.51,2,0,0,1,44.0,-126700.0,64.4
BNA003367,Amrani,Zakaria,Particulier,Actif,Compte entreprise,50,Béjaïa,Services,Crédit équipement,4.0,105200.0,15700.0,1106000.0,21100.0,60,5.52,30.8,0.457,0,0,5,0,33.6,217700.0,110.8
BNA003368,Mokhtar,Mohamed,Particulier,Actif,Compte professionnel,40,Tlemcen,Transport,Crédit d'exploitation,9.5,60300.0,47300.0,415000.0,8300.0,60,7.51,68.6,0.441,1,0,60,1,20.8,-40600.0,30.6
BNA003369,Belkacem,Rachid,Particulier,Actif,Compte courant,27,Béjaïa,Pharmacie,Crédit d'exploitation,3.2,84100.0,68200.0,292000.0,4200.0,84,5.5,43.3,0.437,3,0,150,1,31.3,93000.0,65.8
BNA003370,Cherif,Ahmed,PME,Inactif,Compte courant,33,Biskra,Commerce,Crédit immobilier,7.8,496100.0,177600.0,912000.0,16400.0,60,3.15,21.9,0.874,0,0,0,1,4.0,1085500.0,80.3
BNA003371,Gacem,Karim,Particulier,Actif,Compte courant,56,Béjaïa,Transport,Crédit équipement,3.4,147600.0,68500.0,1253000.0,23700.0,60,5.06,59.4,0.421,0,1,90,0,21.8,136000.0,14.1
BNA003372,Gacem,Rachid,PME,Actif,Compte courant,52,Djelfa,Agriculture,Crédit immobilier,1.6,462000.0,212400.0,5487000.0,100500.0,60,3.78,27.9,0.637,0,0,0,0,30.0,299500.0,118.0
BNA003373,Mebarki,Yacine,PME,Actif,Compte courant,63,Alger,Transport,Crédit personnel,14.0,750100.0,398200.0,5274000.0,154900.0,36,3.64,72.3,0.839,5,1,90,4,34.8,749300.0,93.1
BNA003374,Zerrouki,Ahmed,Particulier,Actif,Compte entreprise,58,Sétif,Transport,Crédit personnel,2.7,157100.0,21400.0,2642000.0,231600.0,12,9.49,40.3,0.682,0,0,10,0,22.2,335700.0,146.3
BNA003375,Chibani,Ahmed,Particulier,Actif,Compte courant,38,Djelfa,BTPH,Crédit d'exploitation,4.5,70300.0,46500.0,421000.0,6200.0,84,6.32,83.6,0.506,4,1,90,2,29.7,65800.0,106.9
BNA003376,Zerrouki,Adel,Particulier,Suspendu,Compte courant,31,Biskra,Commerce,Crédit personnel,4.9,66600.0,39900.0,776000.0,16500.0,60,10.02,74.4,0.307,4,1,30,1,17.6,-68100.0,35.9
BNA003377,Belaid,Islam,Particulier,Actif,Compte courant,59,Djelfa,Commerce,Crédit équipement,3.6,57800.0,15000.0,594000.0,14200.0,48,6.8,26.5,0.935,1,0,15,0,22.3,101500.0,103.0
BNA003378,Saidi,Ilyes,Particulier,Actif,Compte épargne,51,Béjaïa,Santé,Crédit personnel,0.5,40800.0,15000.0,260000.0,5800.0,48,3.81,29.0,0.88,0,0,0,0,26.8,110300.0,139.3
BNA003379,Mokhtar,Oussama,Particulier,Actif,Compte courant,65,Béjaïa,Santé,Crédit personnel,8.7,124000.0,53400.0,677000.0,59300.0,12,9.19,6.6,0.825,0,0,0,0,42.5,-101500.0,91.0
BNA003380,Gacem,Adel,Particulier,Actif,Compte courant,47,Oran,Commerce,Crédit d'exploitation,12.6,57200.0,26000.0,578000.0,13400.0,48,5.48,71.0,0.185,4,2,45,4,38.9,-58300.0,59.7
BNA003381,Belkacem,Karim,PME,Actif,Compte professionnel,44,Blida,Services,Crédit d'exploitation,10.5,702900.0,295300.0,2687000.0,65400.0,48,7.81,84.0,0.088,1,1,60,1,27.6,301600.0,72.8
BNA003382,Khelifi,Ibrahim,Particulier,Actif,Compte entreprise,30,Sétif,Services,Crédit personnel,5.9,78500.0,37100.0,925000.0,14200.0,84,7.45,67.0,0.488,0,3,180,2,51.7,17600.0,72.4
BNA003383,Mansouri,Abdelkader,PME,Actif,Compte courant,38,Laghouat,Commerce,Crédit immobilier,5.6,234500.0,167800.0,2799000.0,46700.0,72,6.22,78.2,0.695,0,0,90,0,56.6,-64200.0,102.6
BNA003384,Bensalem,Anis,Professionnel,Actif,Compte courant,59,Laghouat,Santé,Crédit personnel,0.9,133600.0,15500.0,1684000.0,28100.0,84,10.16,9.9,0.709,0,0,0,0,6.2,153000.0,1.5
BNA003385,Haddad,Walid,Particulier,Actif,Compte courant,35,Béjaïa,Industrie,Crédit immobilier,16.0,117500.0,71000.0,2056000.0,45700.0,48,3.26,59.8,0.275,2,0,60,1,20.7,164800.0,54.3
BNA003386,Zerrouki,Mohamed,Particulier,Actif,Compte professionnel,65,Tlemcen,Commerce,Crédit personnel,17.5,57600.0,19200.0,435000.0,19700.0,24,8.0,100.0,0.41,6,1,30,2,36.7,-41300.0,65.8
BNA003387,Meziane,Aymen,Particulier,Actif,Compte professionnel,51,Blida,Commerce,Crédit d'exploitation,6.1,93600.0,46900.0,720000.0,13700.0,60,5.4,74.8,0.466,2,0,150,4,31.2,2800.0,44.7
BNA003388,Touati,Farid,Particulier,Actif,Compte courant,36,Sétif,Pharmacie,Crédit équipement,8.3,87900.0,43400.0,614000.0,11400.0,60,4.4,20.6,0.742,1,0,0,0,5.7,131100.0,71.4
BNA003389,Touati,Tarek,Particulier,Actif,Compte courant,31,Sétif,Services,Crédit immobilier,13.3,109200.0,18100.0,740000.0,22500.0,36,5.92,26.6,0.864,0,0,0,0,13.5,403000.0,73.1
BNA003390,Belaid,Hichem,Grande Entreprise,Actif,Compte courant,53,Oran,Services,Crédit d'exploitation,3.1,1479600.0,332600.0,8242000.0,134400.0,72,5.43,23.3,0.897,1,0,0,0,19.6,362300.0,100.0
BNA003391,Rahmani,Samir,Particulier,Actif,Compte courant,23,Sétif,BTPH,Crédit d'investissement,18.9,94800.0,19900.0,1233000.0,20700.0,84,10.39,19.0,0.806,0,0,0,0,28.2,305900.0,100.5
BNA003392,Yahiaoui,Anis,PME,Actif,Compte entreprise,33,Sétif,Industrie,Crédit d'investissement,5.0,193600.0,76000.0,1672000.0,51500.0,36,6.82,58.8,0.307,1,3,30,1,48.3,-159200.0,46.0
BNA003393,Mansouri,Karim,Particulier,Actif,Compte courant,31,Sétif,Pharmacie,Crédit d'investissement,7.8,66000.0,47700.0,496000.0,42800.0,12,6.29,86.3,0.48,2,0,0,3,47.7,38400.0,82.5
BNA003394,Belaid,Aymen,Particulier,Actif,Compte épargne,43,Annaba,Santé,Crédit d'exploitation,6.4,98500.0,66400.0,744000.0,22300.0,36,5.13,66.1,0.206,2,0,0,0,60.5,-61300.0,123.7
BNA003395,Ferhat,Zakaria,Particulier,Actif,Compte épargne,52,Tlemcen,Agriculture,Crédit immobilier,2.9,97700.0,70500.0,666000.0,12000.0,60,3.03,91.3,0.619,0,0,0,1,5.3,146900.0,49.3
BNA003396,Haddad,Anis,Particulier,Actif,Compte professionnel,28,Annaba,BTPH,Crédit immobilier,6.0,97800.0,37800.0,1162000.0,34200.0,36,3.73,86.8,0.114,3,0,10,2,43.5,-34900.0,58.9
BNA003397,Rahmani,Yacine,Particulier,Actif,Compte courant,33,Constantine,Transport,Crédit personnel,4.2,71700.0,55000.0,396000.0,9300.0,48,6.2,78.9,0.449,2,0,90,1,55.3,-107200.0,81.9
BNA003398,Mebarki,Imad,Particulier,Actif,Compte entreprise,45,Annaba,Services,Crédit d'exploitation,3.0,87300.0,60300.0,444000.0,7100.0,84,8.9,70.7,0.393,1,0,5,2,51.2,-23500.0,97.8
BNA003399,Zerrouki,Nabil,Particulier,Actif,Compte entreprise,29,Oran,Industrie,Crédit d'exploitation,3.7,107800.0,54700.0,972000.0,14000.0,84,5.49,80.4,0.355,1,0,60,0,23.7,67800.0,60.2
BNA003400,Mokhtar,Imad,Grande Entreprise,Actif,Compte entreprise,34,Sétif,BTPH,Crédit immobilier,4.5,2006300.0,1479800.0,9823000.0,247100.0,48,9.56,77.2,0.052,3,0,90,0,26.1,4236200.0,52.7
BNA003401,Dahmani,Sofiane,Professionnel,Actif,Compte courant,43,Sétif,BTPH,Crédit immobilier,20.0,225900.0,131600.0,2006000.0,39800.0,60,7.13,76.3,0.119,5,2,60,4,48.9,280700.0,77.6
BNA003402,Benali,Rachid,Particulier,Actif,Compte professionnel,40,Djelfa,Transport,Crédit équipement,0.9,78300.0,52300.0,926000.0,15000.0,72,5.27,60.1,0.142,1,3,30,3,59.3,18800.0,70.7
BNA003403,Dahmani,Farid,PME,Actif,Compte courant,43,Sétif,Transport,Crédit immobilier,4.5,880600.0,531700.0,3970000.0,73300.0,60,4.09,77.1,0.514,2,0,0,1,35.9,910900.0,45.3
BNA003404,Saidi,Anis,Particulier,Actif,Compte entreprise,60,Oran,Pharmacie,Crédit immobilier,7.0,87600.0,65700.0,741000.0,23200.0,36,8.04,91.2,0.531,3,1,180,2,43.0,69400.0,40.8
BNA003405,Djelloul,Ilyes,Particulier,Actif,Compte courant,50,Tlemcen,Agriculture,Crédit immobilier,5.1,76700.0,29400.0,319000.0,28000.0,12,10.03,57.0,0.207,3,0,90,1,15.2,4700.0,105.5
BNA003406,Boudiaf,Tarek,Particulier,Inactif,Compte professionnel,42,Sétif,Transport,Crédit personnel,2.5,63900.0,35000.0,322000.0,4500.0,84,4.33,73.4,0.34,1,2,120,0,44.9,52000.0,53.3
BNA003407,Belkacem,Salim,Particulier,Actif,Compte épargne,40,Tlemcen,BTPH,Crédit d'exploitation,2.6,104100.0,63600.0,659000.0,13400.0,60,8.0,88.3,0.496,3,1,30,4,53.6,-90100.0,33.7
BNA003408,Yahiaoui,Islam,Particulier,Actif,Compte courant,25,Biskra,Agriculture,Crédit d'exploitation,5.6,75900.0,57400.0,1619000.0,23000.0,84,5.15,75.3,0.251,0,1,180,1,43.8,94600.0,50.6
BNA003409,Cherif,Amine,Professionnel,Actif,Compte épargne,55,Constantine,BTPH,Crédit personnel,10.6,167300.0,107100.0,3384000.0,79400.0,48,5.94,91.2,0.376,1,3,180,1,27.9,54500.0,68.5
BNA003410,Zerrouki,Nassim,Particulier,Inactif,Compte courant,61,Béjaïa,Transport,Crédit d'exploitation,1.2,85400.0,58100.0,511000.0,11600.0,48,4.33,70.7,0.371,3,1,150,1,21.9,-156200.0,92.1
BNA003411,Yahiaoui,Imad,Professionnel,Actif,Compte professionnel,46,Constantine,Pharmacie,Crédit immobilier,3.0,371400.0,112900.0,2986000.0,71600.0,48,7.04,33.6,0.768,0,0,0,1,23.9,339400.0,74.8
BNA003412,Hadji,Ibrahim,PME,Actif,Compte courant,57,Batna,Santé,Crédit personnel,4.8,876200.0,673800.0,6279000.0,96400.0,84,7.54,72.6,0.422,1,1,10,3,22.1,267500.0,41.2
BNA003413,Rahmani,Mohamed,PME,Actif,Compte courant,29,Tlemcen,Santé,Crédit personnel,4.5,323200.0,32500.0,951000.0,28100.0,36,4.1,17.7,0.441,1,0,0,0,14.6,1350700.0,109.5
BNA003414,Mokhtar,Karim,Particulier,Actif,Compte courant,26,Tlemcen,Pharmacie,Crédit équipement,0.4,146500.0,104200.0,832000.0,20800.0,48,9.33,82.7,0.027,0,1,90,3,52.8,107300.0,52.2
BNA003415,Djelloul,Rachid,Particulier,Actif,Compte entreprise,38,Blida,Transport,Crédit personnel,5.6,85100.0,50000.0,1383000.0,120700.0,12,8.55,63.5,0.772,1,1,45,2,59.7,107400.0,38.8
BNA003416,Boudiaf,Islam,Professionnel,Actif,Compte professionnel,65,Constantine,Pharmacie,Crédit immobilier,9.5,250800.0,129900.0,3620000.0,65400.0,60,3.21,66.4,0.268,2,0,90,2,35.5,-94400.0,53.1
BNA003417,Haddad,Abdelkader,Particulier,Actif,Compte entreprise,36,Annaba,Services,Crédit d'investissement,6.1,51700.0,15000.0,206000.0,6000.0,36,3.25,41.1,0.823,0,0,0,0,17.2,92200.0,106.1
BNA003418,Ferhat,Kamel,Professionnel,Inactif,Compte épargne,44,Annaba,Agriculture,Crédit personnel,7.2,209300.0,108800.0,3082000.0,269500.0,12,8.95,100.0,0.886,1,4,5,1,68.0,178300.0,71.0
BNA003419,Mansouri,Oussama,PME,Actif,Compte épargne,47,Sétif,Industrie,Crédit équipement,4.2,1335200.0,126600.0,6179000.0,90700.0,84,6.13,27.0,0.92,0,0,0,0,17.6,3216300.0,89.0
BNA003420,Yahiaoui,Zakaria,Professionnel,Actif,Compte courant,62,Annaba,Agriculture,Crédit personnel,6.2,83700.0,52900.0,1130000.0,21500.0,60,5.4,66.0,0.197,2,0,45,3,32.5,60300.0,70.9
BNA003421,Haddad,Karim,Particulier,Actif,Compte courant,49,Tlemcen,Pharmacie,Crédit d'exploitation,1.2,220500.0,140300.0,1883000.0,40400.0,60,10.41,85.4,0.403,3,1,120,1,55.0,-253200.0,78.3
BNA003422,Slimani,Riad,Particulier,Actif,Compte courant,28,Batna,Pharmacie,Crédit équipement,13.8,96900.0,28300.0,530000.0,8500.0,72,4.88,25.8,0.726,0,0,0,0,37.3,230500.0,135.3
BNA003423,Haddad,Salim,PME,Actif,Compte courant,36,Alger,BTPH,Crédit d'exploitation,5.5,462500.0,340300.0,4252000.0,127500.0,36,5.01,67.3,0.164,1,1,150,3,48.2,500500.0,112.6
BNA003424,Zerrouki,Adel,Particulier,Actif,Compte entreprise,38,Batna,Transport,Crédit personnel,6.6,53000.0,36200.0,611000.0,10100.0,84,9.94,86.1,0.477,2,2,60,2,27.5,71700.0,22.9
BNA003425,Guediri,Sofiane,Professionnel,Actif,Compte courant,49,Oran,Pharmacie,Crédit d'investissement,11.9,100900.0,66900.0,503000.0,10600.0,60,9.5,96.4,0.678,3,0,90,2,34.9,-82400.0,109.4
BNA003426,Boudiaf,Samir,Particulier,Actif,Compte épargne,25,Sétif,Santé,Crédit personnel,5.0,113400.0,80000.0,1011000.0,21300.0,60,9.61,70.2,0.346,1,1,30,4,51.9,85300.0,31.3
BNA003427,Bensalem,Ahmed,PME,Actif,Compte entreprise,40,Sétif,Pharmacie,Crédit équipement,1.9,526400.0,162000.0,3770000.0,329600.0,12,8.95,22.2,0.796,1,0,0,0,27.4,1825300.0,112.1
BNA003428,Yahiaoui,Ahmed,Particulier,Actif,Compte courant,31,Laghouat,Commerce,Crédit personnel,5.1,93300.0,72600.0,987000.0,15700.0,72,4.56,83.9,0.41,5,0,15,3,25.3,111900.0,38.2
BNA003429,Cherif,Farid,Particulier,Actif,Compte entreprise,36,Djelfa,Pharmacie,Crédit immobilier,2.3,44100.0,25000.0,265000.0,6300.0,48,6.93,74.1,0.817,1,0,60,0,42.6,3700.0,54.4
BNA003430,Meziane,Youcef,Professionnel,Actif,Compte courant,50,Oran,Commerce,Crédit personnel,12.1,189600.0,66100.0,1951000.0,38400.0,60,6.7,85.1,0.229,1,0,10,2,43.3,-156800.0,90.8
BNA003431,Gacem,Hichem,PME,Actif,Compte professionnel,44,Laghouat,Commerce,Crédit équipement,12.5,535500.0,376400.0,2740000.0,43000.0,84,8.21,69.7,0.368,4,0,0,1,30.5,-144700.0,63.2
BNA003432,Meziane,Bilal,PME,Actif,Compte courant,46,Oran,Santé,Crédit équipement,14.5,341700.0,89000.0,3972000.0,67300.0,72,6.8,3.8,0.792,0,0,0,0,7.7,254100.0,104.8
BNA003433,Rahmani,Imad,Particulier,Actif,Compte épargne,45,Tlemcen,Services,Crédit équipement,7.4,136400.0,53900.0,1742000.0,33500.0,60,5.81,79.9,0.34,4,1,30,0,50.6,-33000.0,35.1
BNA003434,Zerrouki,Hichem,PME,Actif,Compte courant,50,Sétif,Commerce,Crédit d'investissement,10.1,1686300.0,528700.0,7688000.0,175000.0,48,4.42,35.2,0.893,0,0,0,0,37.3,2514200.0,169.8
BNA003435,Belkacem,Tarek,Particulier,Actif,Compte courant,59,Constantine,Agriculture,Crédit d'exploitation,9.3,71300.0,36300.0,679000.0,11300.0,72,6.3,65.1,0.546,0,2,45,7,41.7,113200.0,115.0
BNA003436,Mebarki,Farid,Particulier,Actif,Compte entreprise,51,Constantine,Commerce,Crédit d'exploitation,9.6,71100.0,52000.0,902000.0,18700.0,60,9.02,72.0,0.196,4,2,30,1,33.7,73900.0,62.6
BNA003437,Touati,Adel,Particulier,Actif,Compte courant,39,Oran,BTPH,Crédit d'investissement,1.9,100400.0,59200.0,893000.0,16000.0,60,3.0,96.2,0.165,4,0,45,3,50.3,184800.0,81.5
BNA003438,Larbi,Nabil,PME,Actif,Compte courant,27,Sétif,Services,Crédit personnel,14.0,512900.0,308300.0,5290000.0,156600.0,36,4.17,100.0,0.572,4,3,120,5,41.4,-767100.0,78.9
BNA003439,Haddad,Abdelkader,Particulier,Actif,Compte épargne,46,Tlemcen,Pharmacie,Crédit immobilier,6.6,114100.0,30200.0,356000.0,9100.0,48,10.27,58.4,0.76,2,0,15,2,62.8,52800.0,59.7
BNA003440,Guediri,Farid,Grande Entreprise,Actif,Compte épargne,46,Tlemcen,Agriculture,Crédit personnel,3.7,3580000.0,657200.0,26922000.0,1174900.0,24,4.48,11.4,0.789,0,0,0,0,6.5,5705300.0,62.5
BNA003441,Amrani,Islam,Particulier,Actif,Compte courant,58,Sétif,Transport,Crédit d'exploitation,7.0,185400.0,42400.0,1492000.0,27100.0,60,3.5,20.1,0.78,0,0,0,0,4.0,623900.0,200.0
BNA003442,Dahmani,Samir,PME,Actif,Compte professionnel,32,Alger,Transport,Crédit équipement,5.1,409800.0,313100.0,3735000.0,79900.0,60,10.29,79.7,0.379,0,1,30,3,32.1,-822300.0,79.5
BNA003443,Zerrouki,Nabil,Particulier,Actif,Compte courant,24,Alger,Industrie,Crédit d'exploitation,7.0,57600.0,42200.0,286000.0,6100.0,60,10.44,49.4,0.397,0,0,120,1,31.7,104000.0,88.0
BNA003444,Boudiaf,Amine,PME,Actif,Compte courant,47,Djelfa,Commerce,Crédit immobilier,5.3,299500.0,124400.0,2170000.0,35600.0,84,9.65,51.9,0.125,4,0,60,1,60.7,21700.0,43.3
BNA003445,Boudiaf,Adel,Particulier,Actif,Compte entreprise,55,Batna,Pharmacie,Crédit personnel,12.3,58800.0,34800.0,361000.0,7800.0,60,10.47,83.7,0.344,1,1,60,2,51.3,16500.0,82.5
BNA003446,Larbi,Farid,Particulier,Actif,Compte professionnel,41,Batna,Transport,Crédit personnel,4.1,124900.0,35200.0,809000.0,14700.0,60,3.48,46.0,0.54,4,1,90,1,40.1,-19800.0,64.9
BNA003447,Benyahia,Tarek,Particulier,Actif,Compte courant,52,Constantine,Commerce,Crédit équipement,20.0,114400.0,74000.0,665000.0,19500.0,36,3.39,78.9,0.563,0,0,15,0,51.1,-83400.0,54.3
BNA003448,Boudiaf,Rachid,Particulier,Actif,Compte courant,26,Constantine,Industrie,Crédit personnel,16.1,121700.0,40000.0,655000.0,15500.0,48,6.3,48.6,0.79,0,0,0,0,13.8,343500.0,125.0
BNA003449,Rahmani,Zakaria,PME,Actif,Compte professionnel,65,Tlemcen,Services,Crédit équipement,3.5,584200.0,446600.0,4128000.0,96700.0,48,5.87,86.5,0.554,0,0,90,0,18.8,-521500.0,51.2
BNA003450,Rahmani,Ilyes,PME,Actif,Compte courant,27,Djelfa,Commerce,Crédit d'exploitation,20.0,258900.0,82000.0,2097000.0,46400.0,48,3.02,79.6,0.415,3,0,5,2,58.6,-444800.0,33.3
BNA003451,Amrani,Rachid,Particulier,Actif,Compte épargne,65,Blida,Santé,Crédit personnel,4.7,111800.0,58100.0,1024000.0,29800.0,36,3.11,69.2,0.647,2,0,60,3,31.2,147100.0,60.3
BNA003452,Larbi,Nabil,Particulier,Actif,Compte courant,43,Béjaïa,Transport,Crédit personnel,5.5,56800.0,33300.0,665000.0,11300.0,72,6.79,89.1,0.166,1,0,10,0,56.3,32300.0,82.7
BNA003453,Zerrouki,Amine,Particulier,Actif,Compte professionnel,34,Oran,Services,Crédit d'exploitation,9.4,117000.0,79700.0,542000.0,16200.0,36,4.96,94.6,0.384,1,3,90,2,39.6,-9500.0,87.5
BNA003454,Meziane,Anis,Particulier,Actif,Compte épargne,26,Béjaïa,BTPH,Crédit immobilier,3.1,126800.0,86100.0,815000.0,17100.0,60,9.35,91.4,0.423,2,2,30,0,40.3,4900.0,60.1
BNA003455,Cherif,Yacine,PME,Actif,Compte entreprise,48,Djelfa,Industrie,Crédit d'exploitation,4.9,417100.0,145100.0,2107000.0,43200.0,60,8.46,5.0,0.931,0,0,0,1,27.0,1450300.0,141.4
BNA003456,Benali,Walid,Particulier,Actif,Compte entreprise,41,Djelfa,Agriculture,Crédit d'investissement,11.6,56800.0,15000.0,360000.0,10900.0,36,5.61,55.4,0.891,0,0,0,0,30.5,44800.0,112.4
BNA003457,Khelifi,Amine,PME,Actif,Compte courant,30,Djelfa,Santé,Crédit équipement,8.2,278000.0,189600.0,1039000.0,19100.0,72,9.75,90.2,0.76,0,2,120,2,55.2,187100.0,84.1
BNA003458,Nouri,Karim,Professionnel,Actif,Compte épargne,33,Oran,Commerce,Crédit d'exploitation,4.5,574000.0,401100.0,2828000.0,71500.0,48,9.81,75.3,0.07,2,1,90,2,39.5,217500.0,72.2
BNA003459,Zerrouki,Mohamed,Particulier,Actif,Compte épargne,34,Constantine,Services,Crédit d'exploitation,2.0,129900.0,81500.0,1248000.0,24500.0,60,6.68,92.9,0.106,2,2,45,2,32.1,66600.0,122.5
BNA003460,Slimani,Tarek,Particulier,Actif,Compte épargne,28,Sétif,Agriculture,Crédit d'exploitation,0.9,84500.0,61100.0,1212000.0,27100.0,48,3.51,75.2,0.053,1,2,120,0,24.2,-16700.0,25.2
BNA003461,Dahmani,Karim,Particulier,Actif,Compte entreprise,36,Annaba,Agriculture,Crédit d'exploitation,2.3,63000.0,18600.0,561000.0,13900.0,48,8.96,7.2,0.805,0,0,15,0,29.1,201200.0,54.0
BNA003462,Bensalem,Sofiane,Professionnel,Actif,Compte courant,54,Batna,Services,Crédit immobilier,3.2,261000.0,40500.0,2591000.0,64600.0,48,9.08,53.1,0.34,0,0,0,0,28.1,343200.0,81.3
BNA003463,Brahimi,Salim,Grande Entreprise,Actif,Compte courant,47,Oran,Commerce,Crédit d'investissement,3.9,2838100.0,1451000.0,14046000.0,346900.0,48,8.6,77.4,0.558,4,1,10,3,19.4,3832800.0,66.8
BNA003464,Nouri,Tarek,PME,Actif,Compte entreprise,54,Djelfa,Industrie,Crédit d'investissement,2.6,1134300.0,461900.0,7222000.0,180300.0,48,9.18,51.4,0.535,0,0,45,2,37.9,-937800.0,42.9
BNA003465,Benyahia,Anis,Particulier,Actif,Compte entreprise,61,Tlemcen,Industrie,Crédit immobilier,3.8,61600.0,41000.0,683000.0,31100.0,24,8.57,84.9,0.476,3,3,180,2,42.5,89800.0,55.1
BNA003466,Yahiaoui,Islam,Particulier,Actif,Compte entreprise,53,Biskra,Commerce,Crédit d'investissement,10.6,216600.0,81700.0,1515000.0,29200.0,60,5.84,39.9,0.544,0,0,0,0,10.9,660600.0,91.2
BNA003467,Meziane,Imad,Particulier,Actif,Compte épargne,51,Annaba,Transport,Crédit immobilier,12.2,66300.0,25300.0,685000.0,16000.0,48,5.8,69.6,0.609,3,0,0,0,23.6,-59600.0,44.6
BNA003468,Belkacem,Bilal,Professionnel,Actif,Compte épargne,40,Annaba,Santé,Crédit immobilier,4.3,123400.0,39800.0,1342000.0,21300.0,72,4.46,24.1,1.0,0,0,0,0,6.3,403600.0,83.7
BNA003469,Guediri,Anis,Particulier,Actif,Compte courant,40,Sétif,Pharmacie,Crédit d'exploitation,7.1,37200.0,26600.0,515000.0,11800.0,48,4.7,90.4,0.178,1,1,150,2,50.1,95000.0,80.6
BNA003470,Mansouri,Sofiane,Particulier,Actif,Compte professionnel,35,Sétif,BTPH,Crédit d'investissement,11.5,51100.0,31200.0,478000.0,10200.0,60,10.36,99.1,0.727,2,2,45,1,54.2,27700.0,57.6
BNA003471,Amrani,Ibrahim,Particulier,Actif,Compte courant,62,Tlemcen,Industrie,Crédit d'exploitation,6.3,46400.0,17900.0,408000.0,12900.0,36,8.48,31.2,0.745,1,0,0,0,12.8,166800.0,135.6
BNA003472,Bensalem,Abdelkader,Professionnel,Actif,Compte courant,41,Batna,Pharmacie,Crédit d'exploitation,11.4,147800.0,109200.0,548000.0,12600.0,48,4.8,60.2,0.219,2,1,45,2,73.0,-100900.0,70.7
BNA003473,Djelloul,Adel,PME,Actif,Compte courant,32,Oran,Agriculture,Crédit personnel,3.8,1113300.0,710400.0,4779000.0,74700.0,72,3.96,41.6,0.31,2,4,10,1,76.6,1062700.0,101.4
BNA003474,Benali,Imad,Particulier,Actif,Compte professionnel,60,Constantine,Services,Crédit équipement,7.1,259800.0,78100.0,5132000.0,102500.0,60,7.34,21.9,0.827,0,0,0,0,31.1,1294000.0,86.0
BNA003475,Bensalem,Ilyes,PME,Actif,Compte entreprise,55,Sétif,Santé,Crédit d'exploitation,4.8,659700.0,237900.0,7291000.0,113400.0,72,3.81,32.0,0.799,0,0,5,0,24.0,2707000.0,128.8
BNA003476,Haddad,Zakaria,Particulier,Actif,Compte épargne,53,Blida,Commerce,Crédit équipement,5.3,71400.0,48600.0,577000.0,8400.0,84,6.06,92.0,0.533,7,1,30,3,43.0,-37400.0,75.9
BNA003477,Saidi,Ilyes,Professionnel,Actif,Compte courant,47,Batna,Transport,Crédit d'investissement,8.2,220300.0,100300.0,1166000.0,21000.0,72,8.94,71.2,0.259,3,1,45,2,44.9,247700.0,95.3
BNA003478,Mebarki,Oussama,Particulier,Actif,Compte courant,40,Blida,Pharmacie,Crédit d'investissement,6.8,189200.0,110500.0,1510000.0,44600.0,36,4.02,81.2,0.224,2,2,150,2,44.3,-208300.0,74.9
BNA003479,Dahmani,Nabil,Particulier,Actif,Compte professionnel,55,Laghouat,Industrie,Crédit d'investissement,10.7,130900.0,85700.0,2468000.0,48300.0,60,6.51,72.5,0.16,0,0,30,1,22.7,-6700.0,83.0
BNA003480,Belkacem,Abdelkader,Particulier,Actif,Compte professionnel,25,Alger,Santé,Crédit équipement,3.5,173400.0,92200.0,1887000.0,40100.0,60,9.98,74.2,0.397,0,0,60,5,38.4,217100.0,107.9
BNA003481,Yahiaoui,Walid,Particulier,Actif,Compte courant,40,Sétif,BTPH,Crédit d'investissement,10.6,97100.0,47900.0,1327000.0,25600.0,60,5.99,61.6,0.952,0,0,0,0,17.9,219600.0,76.3
BNA003482,Hadji,Salim,Particulier,Actif,Compte professionnel,46,Laghouat,Industrie,Crédit d'exploitation,7.0,103200.0,57400.0,562000.0,24500.0,24,4.56,94.9,0.413,0,0,0,0,59.3,69200.0,57.4
BNA003483,Nouri,Abdelkader,Particulier,Actif,Compte courant,49,Constantine,Transport,Crédit immobilier,12.0,159100.0,65100.0,492000.0,9400.0,60,5.67,36.0,0.666,0,0,0,0,19.5,71200.0,163.0
BNA003484,Amrani,Mourad,PME,Actif,Compte professionnel,47,Biskra,Commerce,Crédit personnel,8.9,1757300.0,822300.0,20318000.0,898300.0,24,5.75,80.7,0.224,2,1,120,2,63.3,934000.0,30.9
BNA003485,Cherif,Oussama,PME,Actif,Compte courant,62,Annaba,Services,Crédit immobilier,3.6,442400.0,198000.0,4384000.0,110300.0,48,9.55,2.7,0.838,0,0,0,0,15.4,1100500.0,151.6
BNA003486,Bensalem,Ilyes,Particulier,Actif,Compte professionnel,56,Constantine,Services,Crédit d'exploitation,3.0,117100.0,72400.0,607000.0,15100.0,48,8.89,74.5,0.365,4,2,180,1,48.7,-31700.0,62.5
BNA003487,Amrani,Hichem,PME,Actif,Compte entreprise,62,Annaba,Transport,Crédit d'investissement,6.9,514800.0,51200.0,3348000.0,152600.0,24,8.77,13.6,0.768,2,0,0,0,31.4,920700.0,51.1
BNA003488,Guediri,Rachid,Particulier,Actif,Compte professionnel,49,Sétif,BTPH,Crédit personnel,13.8,40200.0,21100.0,239000.0,7100.0,36,4.61,35.1,0.327,3,0,60,4,38.1,-35100.0,48.8
BNA003489,Saidi,Ilyes,Professionnel,Actif,Compte professionnel,42,Batna,Pharmacie,Crédit immobilier,1.4,368400.0,168400.0,7043000.0,214300.0,36,6.01,65.4,0.361,2,0,60,1,35.0,636300.0,45.6
BNA003490,Mokhtar,Sofiane,Particulier,Actif,Compte épargne,47,Batna,BTPH,Crédit d'exploitation,9.8,201400.0,92000.0,1456000.0,23200.0,72,4.62,91.3,0.566,0,0,30,0,30.3,380700.0,64.1
BNA003491,Benali,Riad,PME,Actif,Compte courant,31,Blida,Agriculture,Crédit équipement,10.5,484800.0,63300.0,2201000.0,32400.0,84,6.22,41.5,0.738,0,0,5,0,12.5,1921100.0,69.8
BNA003492,Belkacem,Ahmed,PME,Actif,Compte professionnel,58,Constantine,Industrie,Crédit d'exploitation,5.5,404700.0,122300.0,2959000.0,54900.0,60,4.32,73.0,0.495,1,1,120,6,43.0,-17500.0,92.1
BNA003493,Belaid,Oussama,Particulier,Actif,Compte courant,50,Constantine,Commerce,Crédit d'exploitation,8.4,174200.0,97100.0,1441000.0,126100.0,12,9.16,96.1,0.575,1,0,120,0,44.3,-18900.0,72.3
BNA003494,Gacem,Rachid,PME,Actif,Compte professionnel,33,Biskra,Pharmacie,Crédit d'investissement,20.0,1071800.0,358500.0,13392000.0,1155200.0,12,6.42,59.1,0.7,2,0,0,0,26.9,2655100.0,59.8
BNA003495,Brahimi,Amine,PME,Actif,Compte épargne,24,Laghouat,Transport,Crédit d'investissement,10.4,411300.0,70100.0,3196000.0,59100.0,60,4.17,6.8,0.724,1,1,0,0,23.5,849300.0,120.2
BNA003496,Gacem,Imad,PME,Actif,Compte épargne,64,Oran,Services,Crédit immobilier,7.9,768800.0,341200.0,8596000.0,169700.0,60,6.88,90.5,0.272,1,1,30,1,48.8,-142800.0,75.0
BNA003497,Meziane,Nabil,Particulier,Actif,Compte épargne,52,Tlemcen,Industrie,Crédit immobilier,11.5,35000.0,15000.0,200000.0,3900.0,60,6.73,5.0,0.78,0,0,0,1,13.1,116200.0,105.3
BNA003498,Brahimi,Islam,Professionnel,Actif,Compte épargne,60,Blida,Santé,Crédit personnel,4.3,182600.0,110100.0,1284000.0,24100.0,60,4.78,93.5,0.442,1,0,5,1,47.1,-60900.0,67.8
BNA003499,Nouri,Zakaria,Particulier,Actif,Compte courant,42,Laghouat,Services,Crédit d'investissement,10.2,116900.0,15000.0,797000.0,12200.0,72,3.2,10.4,0.963,0,0,0,0,30.4,234100.0,117.0
BNA003500,Amrani,Salim,Particulier,Actif,Compte entreprise,38,Djelfa,Pharmacie,Crédit d'exploitation,6.3,108300.0,35600.0,822000.0,14000.0,72,6.98,81.4,0.473,0,0,30,5,50.6,-27000.0,101.4
BNA003501,Mansouri,Salim,Particulier,Actif,Compte courant,32,Laghouat,Pharmacie,Crédit immobilier,5.5,127800.0,47500.0,983000.0,23100.0,48,6.0,87.2,0.221,0,1,120,3,40.6,-216500.0,101.7
BNA003502,Belkacem,Nabil,Particulier,Inactif,Compte professionnel,51,Oran,Santé,Crédit personnel,3.5,137000.0,52700.0,992000.0,44500.0,24,7.21,86.8,0.327,2,1,30,0,32.7,-31700.0,53.4
BNA003503,Ferhat,Oussama,PME,Actif,Compte courant,53,Sétif,Agriculture,Crédit personnel,14.0,624400.0,383200.0,7875000.0,126800.0,72,4.99,67.3,0.383,1,0,60,1,47.7,-297300.0,62.6
BNA003504,Zerrouki,Youcef,Particulier,Actif,Compte courant,35,Béjaïa,Pharmacie,Crédit immobilier,8.5,72400.0,37200.0,336000.0,14500.0,24,3.67,92.8,0.64,2,1,120,3,36.6,-31600.0,94.5
BNA003505,Benali,Islam,Particulier,Actif,Compte courant,52,Béjaïa,Industrie,Crédit d'investissement,4.4,78700.0,29600.0,798000.0,14400.0,60,3.3,57.5,0.169,3,0,120,0,50.3,132800.0,6.7
BNA003506,Touati,Ilyes,Particulier,Actif,Compte courant,40,Biskra,Pharmacie,Crédit immobilier,2.4,77300.0,38500.0,496000.0,7600.0,72,3.38,86.8,0.089,4,4,120,1,27.3,-80100.0,111.3
BNA003507,Meziane,Rachid,Particulier,Actif,Compte courant,49,Tlemcen,Services,Crédit personnel,4.7,83100.0,23100.0,861000.0,13500.0,72,4.12,12.4,0.821,0,0,5,0,23.1,212600.0,54.4
BNA003508,Zerrouki,Zakaria,Particulier,Actif,Compte épargne,53,Sétif,Agriculture,Crédit immobilier,5.5,59300.0,43400.0,220000.0,4000.0,60,3.68,68.0,0.466,3,2,45,1,62.1,-4900.0,47.5
BNA003509,Guediri,Nassim,Particulier,Actif,Compte courant,64,Alger,Agriculture,Crédit d'investissement,6.8,67000.0,36300.0,874000.0,26900.0,36,6.77,86.1,0.265,4,2,0,4,30.1,121700.0,97.5
BNA003510,Bensalem,Tarek,PME,Actif,Compte épargne,25,Blida,Commerce,Crédit d'exploitation,6.6,651500.0,160600.0,3053000.0,139600.0,24,9.12,23.8,0.655,1,0,0,0,31.8,1841800.0,126.7
BNA003511,Cherif,Ilyes,PME,Actif,Compte entreprise,40,Constantine,Commerce,Crédit d'investissement,20.0,1426000.0,398200.0,8132000.0,193600.0,48,6.69,26.6,0.859,0,1,0,0,9.3,2531200.0,43.3
BNA003512,Amrani,Mohamed,Particulier,Actif,Compte courant,24,Annaba,Services,Crédit personnel,3.6,78700.0,31400.0,750000.0,16100.0,60,10.49,4.3,0.643,1,1,0,0,14.1,144200.0,140.1
BNA003513,Guediri,Sofiane,Particulier,Actif,Compte courant,54,Tlemcen,Industrie,Crédit d'investissement,7.8,161700.0,29600.0,1025000.0,31800.0,36,7.29,39.7,0.834,0,0,0,0,12.4,394700.0,78.6
BNA003514,Khelifi,Imad,Particulier,Actif,Compte épargne,23,Constantine,Transport,Crédit équipement,6.1,114300.0,51100.0,1302000.0,25600.0,60,6.78,80.4,0.381,2,2,30,0,42.6,-18600.0,87.3
BNA003515,Chibani,Abdelkader,PME,Inactif,Compte courant,62,Laghouat,Pharmacie,Crédit personnel,6.8,304200.0,98100.0,2737000.0,82500.0,36,5.35,65.0,0.261,4,0,150,1,25.5,169800.0,5.9
BNA003516,Slimani,Hichem,Particulier,Actif,Compte courant,50,Blida,Commerce,Crédit d'investissement,6.9,64300.0,43200.0,595000.0,11700.0,60,6.73,76.0,0.671,2,2,60,2,51.1,-3600.0,56.6
BNA003517,Brahimi,Islam,Particulier,Actif,Compte courant,35,Annaba,BTPH,Crédit d'investissement,2.3,55200.0,32000.0,310000.0,7300.0,48,6.34,83.2,0.236,1,0,30,2,29.0,174200.0,74.7
BNA003518,Meziane,Hichem,PME,Actif,Compte entreprise,49,Biskra,Agriculture,Crédit d'investissement,6.1,365600.0,70700.0,1377000.0,26200.0,60,5.27,25.0,0.757,1,1,5,1,12.7,986400.0,126.2
BNA003519,Haddad,Amine,PME,Actif,Compte courant,53,Batna,Services,Crédit équipement,20.0,608300.0,254300.0,3215000.0,43600.0,84,3.74,87.3,0.361,1,1,60,0,20.2,428700.0,86.6
BNA003520,Amrani,Riad,Particulier,Actif,Compte courant,61,Annaba,Santé,Crédit personnel,3.9,109100.0,55000.0,882000.0,21300.0,48,7.37,78.6,0.283,0,1,120,5,49.1,-78500.0,87.7
BNA003521,Gacem,Kamel,PME,Actif,Compte courant,36,Tlemcen,Industrie,Crédit d'investissement,8.5,637800.0,146200.0,6905000.0,154800.0,48,3.64,4.4,0.709,0,0,0,0,30.7,947600.0,118.2
BNA003522,Touati,Nabil,PME,Actif,Compte courant,29,Laghouat,Santé,Crédit d'exploitation,18.2,506100.0,233100.0,3890000.0,87900.0,48,4.03,90.7,0.34,1,3,120,0,31.9,-118200.0,52.0
BNA003523,Benali,Kamel,Particulier,Actif,Compte épargne,56,Sétif,Industrie,Crédit personnel,7.9,92500.0,53400.0,1613000.0,142200.0,12,10.49,45.1,0.039,0,1,30,3,26.4,-2600.0,56.6
BNA003524,Mansouri,Nassim,Particulier,Actif,Compte courant,58,Constantine,Pharmacie,Crédit personnel,3.1,154700.0,81100.0,1374000.0,18500.0,84,3.63,56.0,0.317,0,0,60,1,5.4,-8500.0,93.6
BNA003525,Benali,Amine,Particulier,Actif,Compte entreprise,59,Sétif,Transport,Crédit personnel,20.0,87300.0,59300.0,336000.0,8300.0,48,8.65,88.8,0.596,1,1,45,5,49.1,59800.0,83.4
BNA003526,Mokhtar,Mohamed,Professionnel,Actif,Compte courant,32,Alger,Industrie,Crédit d'exploitation,3.8,244600.0,39700.0,2716000.0,87500.0,36,9.92,53.3,0.677,1,0,10,0,6.9,834900.0,128.1
BNA003527,Mokhtar,Rachid,Particulier,Actif,Compte entreprise,56,Batna,Agriculture,Crédit d'exploitation,5.0,95000.0,55400.0,1603000.0,32200.0,60,7.63,75.6,0.334,4,1,30,2,28.2,158300.0,97.3
BNA003528,Khelifi,Mourad,Particulier,Actif,Compte entreprise,64,Oran,Agriculture,Crédit personnel,6.4,158000.0,33200.0,1190000.0,36700.0,36,6.91,22.9,0.878,1,1,0,1,30.0,583100.0,138.2
BNA003529,Brahimi,Aymen,Particulier,Actif,Compte entreprise,33,Alger,Transport,Crédit immobilier,2.7,71900.0,25500.0,864000.0,39700.0,24,9.46,17.0,0.42,0,0,0,0,22.1,165500.0,154.1
BNA003530,Nouri,Farid,Particulier,Actif,Compte épargne,58,Béjaïa,Santé,Crédit personnel,4.8,121000.0,40000.0,1405000.0,41700.0,36,4.36,38.6,0.817,0,0,0,0,15.1,321400.0,95.6
BNA003531,Gacem,Adel,Particulier,Actif,Compte courant,49,Blida,Transport,Crédit personnel,5.4,256700.0,162400.0,2049000.0,60100.0,36,3.58,70.0,0.174,1,0,90,0,63.6,-13400.0,51.1
BNA003532,Brahimi,Nassim,Particulier,Actif,Compte courant,52,Tlemcen,BTPH,Crédit d'exploitation,7.1,85700.0,34000.0,783000.0,23500.0,36,5.17,80.4,0.198,1,1,15,1,38.5,19100.0,38.0
BNA003533,Brahimi,Ibrahim,Particulier,Inactif,Compte courant,50,Constantine,BTPH,Crédit d'investissement,3.6,49200.0,17100.0,288000.0,6000.0,60,9.44,81.6,0.57,0,0,90,1,65.3,-101800.0,87.9
BNA003534,Hadji,Mohamed,Professionnel,Actif,Compte entreprise,61,Laghouat,Industrie,Crédit équipement,4.2,121500.0,15000.0,1239000.0,21400.0,72,7.45,35.6,0.955,1,0,0,0,40.8,148100.0,144.1
BNA003535,Belkacem,Abdelkader,PME,Actif,Compte courant,24,Blida,Transport,Crédit personnel,4.9,1119100.0,437900.0,13368000.0,318900.0,48,6.8,94.6,0.088,1,0,30,1,47.7,-329600.0,74.4
BNA003536,Nouri,Youcef,PME,Actif,Compte courant,65,Béjaïa,Transport,Crédit d'exploitation,0.6,1543500.0,954300.0,5092000.0,95700.0,60,4.85,82.3,0.509,2,2,90,3,57.9,48000.0,56.3
BNA003537,Djelloul,Bilal,Particulier,Actif,Compte professionnel,24,Blida,Industrie,Crédit d'investissement,13.3,86800.0,21800.0,608000.0,19300.0,36,9.02,28.4,0.803,0,0,0,2,28.2,-66500.0,73.5
BNA003538,Benyahia,Adel,Professionnel,Actif,Compte professionnel,47,Oran,Industrie,Crédit d'investissement,6.8,293000.0,127600.0,2728000.0,79900.0,36,3.46,52.3,0.749,1,0,15,3,62.0,-164000.0,72.4
BNA003539,Khelifi,Samir,Professionnel,Actif,Compte professionnel,32,Béjaïa,Commerce,Crédit d'exploitation,4.1,228900.0,24100.0,1577000.0,30800.0,60,6.49,38.5,0.818,1,0,15,0,29.2,750400.0,82.9
BNA003540,Saidi,Salim,Grande Entreprise,Actif,Compte courant,49,Biskra,Services,Crédit d'exploitation,1.4,2416700.0,1538900.0,16855000.0,346800.0,60,8.62,86.6,0.536,0,1,90,1,38.3,-3000000.0,65.3
BNA003541,Ferhat,Oussama,Professionnel,Actif,Compte épargne,61,Constantine,Services,Crédit d'exploitation,1.5,149300.0,75500.0,1057000.0,33700.0,36,9.27,38.4,0.633,3,1,10,2,47.4,151500.0,70.6
BNA003542,Gacem,Hichem,PME,Actif,Compte épargne,59,Biskra,Commerce,Crédit immobilier,13.0,1262300.0,168600.0,5530000.0,132800.0,48,7.17,44.8,0.822,1,0,5,0,41.6,2440500.0,71.9
BNA003543,Rahmani,Anis,PME,Inactif,Compte épargne,23,Alger,Services,Crédit d'investissement,0.8,385300.0,182600.0,1675000.0,27300.0,84,9.39,86.4,0.555,3,2,15,2,53.7,112500.0,25.0
BNA003544,Zerrouki,Bilal,Grande Entreprise,Actif,Compte entreprise,54,Biskra,Industrie,Crédit équipement,7.8,1020800.0,312200.0,2667000.0,39200.0,84,6.2,84.5,0.558,1,0,120,4,44.1,1623100.0,89.1
BNA003545,Ferhat,Amine,Particulier,Actif,Compte épargne,39,Laghouat,BTPH,Crédit d'exploitation,2.4,301200.0,90200.0,1810000.0,41300.0,48,4.53,23.6,0.791,0,0,0,0,15.9,278500.0,150.4
BNA003546,Belkacem,Samir,Particulier,Actif,Compte entreprise,35,Constantine,Santé,Crédit personnel,5.1,44700.0,22100.0,442000.0,9100.0,60,8.8,35.3,0.3,3,0,90,1,18.4,69500.0,38.7
BNA003547,Saidi,Hichem,Particulier,Actif,Compte courant,63,Tlemcen,Santé,Crédit personnel,1.6,92100.0,30200.0,669000.0,21500.0,36,9.85,46.9,0.676,3,0,90,2,53.0,-20600.0,83.4
BNA003548,Benali,Sofiane,Particulier,Actif,Compte courant,43,Constantine,Commerce,Crédit immobilier,9.8,114200.0,79100.0,1062000.0,17700.0,72,6.23,74.3,0.706,3,0,30,3,22.5,136800.0,68.9
BNA003549,Boudiaf,Walid,Particulier,Actif,Compte épargne,41,Alger,Santé,Crédit personnel,6.3,144100.0,42100.0,1356000.0,25900.0,60,5.54,12.1,0.761,0,0,0,0,31.5,383000.0,143.2
BNA003550,Touati,Islam,PME,Actif,Compte entreprise,33,Sétif,Services,Crédit équipement,3.8,551400.0,138000.0,2845000.0,91000.0,36,9.39,37.3,0.79,1,0,0,0,26.0,1124300.0,115.3
BNA003551,Benali,Salim,Particulier,Actif,Compte courant,29,Constantine,BTPH,Crédit d'exploitation,3.0,79500.0,15900.0,506000.0,16200.0,36,9.41,30.3,0.91,0,0,0,0,35.4,115000.0,125.7
BNA003552,Nouri,Sofiane,PME,Actif,Compte courant,55,Tlemcen,Transport,Crédit d'investissement,4.6,291800.0,188300.0,2687000.0,57200.0,60,10.08,75.5,0.293,1,0,0,1,53.9,84800.0,54.3
BNA003553,Khelifi,Farid,Particulier,Actif,Compte épargne,59,Béjaïa,Services,Crédit personnel,7.0,89500.0,60300.0,648000.0,11600.0,72,8.89,95.1,0.747,3,0,120,1,23.5,-56400.0,20.2
BNA003554,Djelloul,Salim,Grande Entreprise,Actif,Compte épargne,63,Annaba,Pharmacie,Crédit d'exploitation,9.5,1135500.0,378400.0,4602000.0,115400.0,48,9.41,84.4,0.221,1,3,90,2,48.3,-6700.0,61.5
BNA003555,Cherif,Salim,Particulier,Actif,Compte courant,44,Tlemcen,Commerce,Crédit d'investissement,5.9,89000.0,20000.0,543000.0,17600.0,36,10.38,9.3,0.668,1,0,0,0,24.0,142600.0,90.3
BNA003556,Mansouri,Aymen,Particulier,Actif,Compte épargne,61,Tlemcen,Services,Crédit immobilier,2.0,86400.0,49900.0,715000.0,13300.0,60,4.38,54.8,0.173,0,0,180,0,25.2,-23900.0,68.4
BNA003557,Hadji,Yacine,Particulier,Actif,Compte courant,58,Annaba,Agriculture,Crédit équipement,2.1,78400.0,53200.0,495000.0,21800.0,24,5.35,68.1,0.608,5,0,10,0,36.4,-39500.0,35.6
BNA003558,Khelifi,Sofiane,Particulier,Actif,Compte courant,23,Blida,Commerce,Crédit personnel,8.8,117100.0,38500.0,856000.0,73800.0,12,6.43,90.5,0.388,1,0,90,2,26.0,97500.0,37.5
BNA003559,Guediri,Ibrahim,Particulier,Actif,Compte courant,56,Batna,Commerce,Crédit d'investissement,5.3,96700.0,43300.0,369000.0,16400.0,24,6.56,62.6,0.133,4,0,30,3,57.2,-57400.0,76.2
BNA003560,Mansouri,Ilyes,Particulier,Actif,Compte épargne,56,Biskra,Pharmacie,Crédit d'investissement,2.6,119600.0,41700.0,521000.0,10500.0,60,7.66,2.0,0.821,0,0,0,0,12.8,189100.0,69.3
BNA003561,Haddad,Karim,Particulier,Actif,Compte courant,36,Djelfa,BTPH,Crédit d'exploitation,3.4,92200.0,20400.0,841000.0,38000.0,24,7.94,29.2,0.699,0,0,10,1,14.3,127900.0,143.4
BNA003562,Brahimi,Riad,PME,Actif,Compte courant,50,Oran,Commerce,Crédit immobilier,4.8,666600.0,149900.0,4493000.0,107400.0,48,6.93,21.7,0.592,0,0,0,0,16.3,932600.0,93.3
BNA003563,Saidi,Riad,PME,Inactif,Compte courant,56,Oran,Santé,Crédit équipement,6.9,624400.0,325500.0,3523000.0,298500.0,12,3.07,94.7,0.183,2,2,150,2,47.9,-682200.0,21.2
BNA003564,Brahimi,Walid,Particulier,Actif,Compte courant,56,Biskra,Agriculture,Crédit d'exploitation,2.7,76900.0,15000.0,477000.0,9700.0,60,8.28,16.6,0.824,0,0,0,0,17.9,185900.0,127.9
BNA003565,Khelifi,Samir,Particulier,Actif,Compte entreprise,40,Blida,Agriculture,Crédit d'investissement,17.2,58600.0,32000.0,499000.0,9900.0,60,7.01,72.6,0.406,1,1,90,1,13.3,-42800.0,30.0
BNA003566,Gacem,Mohamed,Particulier,Actif,Compte entreprise,27,Oran,BTPH,Crédit d'investissement,14.1,56600.0,18300.0,389000.0,8300.0,60,10.01,35.1,0.541,0,0,0,0,16.2,114200.0,160.3
BNA003567,Slimani,Islam,Professionnel,Inactif,Compte entreprise,35,Djelfa,Services,Crédit immobilier,3.2,90100.0,58200.0,844000.0,20200.0,48,7.01,79.7,0.559,2,0,90,0,49.0,-26500.0,72.5
BNA003568,Nouri,Riad,Particulier,Inactif,Compte courant,59,Béjaïa,Commerce,Crédit d'investissement,2.6,137000.0,27900.0,900000.0,40400.0,24,7.31,23.2,0.781,0,0,0,0,29.7,331200.0,99.0
BNA003569,Ferhat,Ahmed,Professionnel,Actif,Compte courant,27,Batna,Services,Crédit d'exploitation,8.0,111600.0,63500.0,880000.0,19900.0,48,4.13,69.8,0.26,2,1,120,1,19.6,-25300.0,34.5
BNA003570,Larbi,Oussama,Particulier,Actif,Compte entreprise,35,Laghouat,Services,Crédit équipement,3.5,47700.0,15000.0,355000.0,16200.0,24,8.68,36.5,0.907,0,0,0,1,21.7,5900.0,140.4
BNA003571,Djelloul,Oussama,Particulier,Actif,Compte professionnel,57,Blida,Commerce,Crédit d'exploitation,16.3,41800.0,22600.0,356000.0,7500.0,60,9.62,83.7,0.329,2,0,120,0,57.4,-36700.0,44.8
BNA003572,Belaid,Riad,Particulier,Actif,Compte courant,26,Blida,BTPH,Crédit personnel,1.9,39500.0,31000.0,337000.0,5200.0,84,7.8,82.3,0.193,2,0,10,0,51.8,9600.0,119.4
BNA003573,Larbi,Abdelkader,Particulier,Actif,Compte courant,25,Batna,Pharmacie,Crédit d'exploitation,7.1,107100.0,19200.0,1506000.0,30400.0,60,7.82,2.0,0.777,1,0,0,0,10.4,247700.0,77.9
BNA003574,Gacem,Islam,Grande Entreprise,Actif,Compte épargne,56,Batna,Santé,Crédit immobilier,10.1,1190100.0,553500.0,5261000.0,80600.0,72,3.28,69.6,0.335,1,0,120,1,27.7,167500.0,43.0
BNA003575,Slimani,Rachid,Particulier,Actif,Compte entreprise,43,Constantine,Commerce,Crédit immobilier,9.0,88000.0,68000.0,605000.0,13700.0,48,4.21,82.3,0.322,1,1,15,4,51.8,66900.0,111.3
BNA003576,Bensalem,Sofiane,Particulier,Actif,Compte professionnel,35,Blida,Transport,Crédit immobilier,3.5,61800.0,15000.0,455000.0,7400.0,72,5.43,14.6,0.468,0,0,0,0,10.6,260600.0,131.2
BNA003577,Brahimi,Bilal,PME,Actif,Compte épargne,34,Laghouat,Commerce,Crédit personnel,11.5,167900.0,102700.0,1056000.0,32600.0,36,6.98,61.5,0.154,0,3,90,1,40.3,-65100.0,38.0
BNA003578,Boudiaf,Oussama,Particulier,Actif,Compte épargne,58,Annaba,Pharmacie,Crédit d'investissement,7.2,76100.0,15000.0,1186000.0,26500.0,48,3.5,15.5,0.62,0,0,0,1,36.9,165600.0,110.7
BNA003579,Mokhtar,Bilal,Particulier,Actif,Compte courant,44,Tlemcen,Commerce,Crédit personnel,13.1,81000.0,50800.0,591000.0,12600.0,60,10.06,72.1,0.739,1,1,60,1,37.7,94200.0,36.6
BNA003580,Benali,Bilal,Particulier,Actif,Compte courant,25,Tlemcen,Santé,Crédit immobilier,2.8,97500.0,62000.0,865000.0,13400.0,72,3.69,60.2,0.275,2,0,60,1,51.0,81400.0,11.5
BNA003581,Cherif,Mourad,Particulier,Actif,Compte professionnel,33,Laghouat,Pharmacie,Crédit d'exploitation,6.0,199400.0,63400.0,1223000.0,29700.0,48,7.64,91.7,0.688,2,2,45,1,54.3,183800.0,118.2
BNA003582,Haddad,Salim,PME,Actif,Compte professionnel,55,Sétif,Commerce,Crédit immobilier,4.0,500400.0,203000.0,3344000.0,106700.0,36,9.2,57.9,0.241,0,0,60,1,51.4,-337100.0,17.7
BNA003583,Haddad,Ibrahim,Professionnel,Actif,Compte épargne,59,Blida,Services,Crédit d'exploitation,10.2,109700.0,15900.0,2020000.0,31500.0,72,3.94,55.9,0.51,0,0,0,0,35.5,260500.0,114.6
BNA003584,Benali,Islam,Particulier,Actif,Compte courant,41,Biskra,Commerce,Crédit d'investissement,9.6,105000.0,17100.0,571000.0,13800.0,48,7.57,36.3,0.781,0,0,0,0,22.0,344600.0,113.7
BNA003585,Belaid,Sofiane,Particulier,Actif,Compte courant,30,Alger,Santé,Crédit d'investissement,4.6,205000.0,131400.0,1633000.0,25400.0,72,3.84,96.4,0.584,2,1,30,3,37.3,-144700.0,108.9
BNA003586,Belaid,Aymen,Grande Entreprise,Actif,Compte courant,28,Annaba,Transport,Crédit personnel,12.8,2074500.0,899500.0,12407000.0,250600.0,60,7.83,69.2,0.708,2,0,150,2,58.7,-692700.0,61.5
BNA003587,Mokhtar,Karim,Particulier,Actif,Compte courant,52,Batna,Agriculture,Crédit d'exploitation,2.9,84100.0,57400.0,858000.0,20900.0,48,7.9,72.1,0.671,0,1,10,2,39.2,146200.0,80.2
BNA003588,Larbi,Ibrahim,Professionnel,Actif,Compte professionnel,57,Laghouat,Santé,Crédit d'exploitation,13.4,460700.0,338100.0,4237000.0,373400.0,12,10.43,88.4,0.42,3,0,30,2,45.9,-233200.0,98.2
BNA003589,Meziane,Riad,Particulier,Actif,Compte épargne,42,Biskra,Santé,Crédit équipement,4.6,95400.0,19200.0,860000.0,25400.0,36,3.99,16.4,0.788,0,0,0,0,35.2,88600.0,110.4
BNA003590,Amrani,Ibrahim,Professionnel,Inactif,Compte courant,30,Oran,Agriculture,Crédit personnel,6.6,313200.0,116300.0,3660000.0,57900.0,72,4.36,74.6,0.651,2,2,180,5,32.9,-125000.0,62.5
BNA003591,Touati,Mourad,Particulier,Actif,Compte courant,28,Blida,BTPH,Crédit personnel,9.7,60200.0,25100.0,426000.0,10200.0,48,6.94,40.9,0.355,1,2,10,2,62.4,-13200.0,80.1
BNA003592,Touati,Yacine,Professionnel,Inactif,Compte courant,60,Annaba,Agriculture,Crédit équipement,4.2,135600.0,31000.0,898000.0,18400.0,60,8.38,41.4,0.937,0,0,0,0,23.5,360900.0,167.7
BNA003593,Belaid,Kamel,Particulier,Actif,Compte courant,55,Batna,Agriculture,Crédit immobilier,2.9,120100.0,27400.0,293000.0,4500.0,84,7.38,14.0,0.921,0,0,0,0,14.6,276800.0,90.4
BNA003594,Belaid,Ilyes,Particulier,Actif,Compte professionnel,47,Oran,Services,Crédit personnel,1.9,164600.0,16800.0,3208000.0,66000.0,60,8.64,26.9,0.991,0,0,0,0,9.0,-12000.0,22.3
BNA003595,Yahiaoui,Kamel,Professionnel,Actif,Compte épargne,32,Tlemcen,Transport,Crédit personnel,8.7,184400.0,89000.0,2158000.0,44800.0,60,8.99,47.8,0.208,0,1,45,2,38.3,-169100.0,67.3
BNA003596,Hadji,Islam,Particulier,Actif,Compte entreprise,54,Biskra,Agriculture,Crédit d'investissement,7.8,99600.0,30900.0,904000.0,13400.0,84,6.54,81.7,0.306,1,1,15,1,41.7,57300.0,48.7
BNA003597,Djelloul,Zakaria,PME,Actif,Compte courant,63,Annaba,Commerce,Crédit d'investissement,2.8,1384800.0,223800.0,18936000.0,448500.0,48,6.44,37.2,0.881,0,0,15,0,18.4,3052500.0,101.4
BNA003598,Mokhtar,Zakaria,PME,Actif,Compte épargne,47,Oran,Industrie,Crédit d'exploitation,2.1,876100.0,245200.0,6928000.0,134900.0,60,6.29,66.9,0.491,1,0,45,1,43.5,1076900.0,82.9
BNA003599,Touati,Nabil,PME,Actif,Compte professionnel,34,Béjaïa,Agriculture,Crédit d'investissement,8.9,324000.0,91600.0,4254000.0,103500.0,48,7.81,22.9,0.676,0,0,0,0,33.9,163200.0,112.2
BNA003600,Yahiaoui,Ahmed,Professionnel,Actif,Compte épargne,49,Tlemcen,Santé,Crédit immobilier,5.7,81900.0,57900.0,765000.0,18300.0,48,6.95,93.0,0.061,3,0,45,2,31.8,20000.0,97.8
BNA003601,Meziane,Riad,Particulier,Actif,Compte courant,42,Alger,Agriculture,Crédit personnel,8.8,84900.0,40600.0,1229000.0,21500.0,72,7.97,43.7,0.689,0,0,0,1,39.2,168500.0,112.4
BNA003602,Meziane,Kamel,Particulier,Suspendu,Compte courant,50,Tlemcen,Santé,Crédit personnel,6.9,162400.0,90800.0,659000.0,14800.0,48,3.89,72.0,0.596,1,1,5,2,38.1,-121100.0,54.0
BNA003603,Mokhtar,Salim,Particulier,Suspendu,Compte courant,44,Sétif,Transport,Crédit d'exploitation,9.2,113800.0,48700.0,965000.0,15800.0,72,5.67,69.9,0.77,0,0,45,1,38.5,133300.0,23.0
BNA003604,Nouri,Ahmed,PME,Actif,Compte entreprise,44,Alger,Services,Crédit équipement,2.3,621900.0,211500.0,6145000.0,186300.0,36,5.75,25.5,0.624,0,0,0,0,23.9,1150700.0,137.2
BNA003605,Slimani,Amine,Particulier,Actif,Compte courant,56,Oran,Agriculture,Crédit personnel,6.8,45100.0,23900.0,206000.0,4300.0,60,9.21,68.4,0.408,2,1,45,1,46.3,6200.0,30.8
BNA003606,Slimani,Oussama,Particulier,Actif,Compte épargne,60,Constantine,Agriculture,Crédit d'exploitation,17.0,133700.0,80900.0,824000.0,19000.0,48,5.16,98.5,0.293,3,1,150,1,37.9,63100.0,36.7
BNA003607,Mansouri,Imad,Grande Entreprise,Actif,Compte courant,51,Laghouat,Santé,Crédit d'exploitation,4.0,1110900.0,495400.0,8144000.0,703000.0,12,6.54,39.2,0.489,1,0,30,4,55.9,528000.0,74.6
BNA003608,Khelifi,Kamel,Grande Entreprise,Actif,Compte courant,49,Djelfa,Commerce,Crédit d'exploitation,13.5,1057700.0,697600.0,4213000.0,70400.0,72,6.27,85.7,0.569,1,0,10,4,62.3,-42200.0,73.1
BNA003609,Ferhat,Adel,Grande Entreprise,Actif,Compte courant,59,Sétif,Commerce,Crédit d'exploitation,12.5,1409600.0,309300.0,11726000.0,180800.0,72,3.49,60.0,0.603,0,0,0,0,26.1,2238800.0,136.3
BNA003610,Bensalem,Nassim,Particulier,Actif,Compte entreprise,30,Alger,Agriculture,Crédit d'investissement,4.6,202200.0,66500.0,2398000.0,75600.0,36,8.42,29.1,0.691,1,0,0,0,34.1,101800.0,108.5
BNA003611,Rahmani,Yacine,Particulier,Actif,Compte épargne,32,Annaba,Agriculture,Crédit d'exploitation,6.7,84400.0,53200.0,486000.0,11500.0,48,6.51,67.8,0.23,4,0,60,1,22.7,-14400.0,52.1
BNA003612,Ferhat,Hichem,PME,Actif,Compte entreprise,63,Laghouat,Commerce,Crédit personnel,0.9,582000.0,106000.0,2799000.0,52800.0,60,4.99,45.0,0.639,0,0,0,1,5.1,1949600.0,126.9
BNA003613,Djelloul,Hichem,Particulier,Actif,Compte courant,31,Sétif,Santé,Crédit d'exploitation,6.4,55000.0,15000.0,356000.0,6900.0,60,6.07,84.0,0.107,3,1,45,3,51.8,-17400.0,63.0
BNA003614,Chibani,Salim,Particulier,Actif,Compte professionnel,63,Laghouat,Commerce,Crédit immobilier,3.8,193400.0,42800.0,1338000.0,33400.0,48,9.22,26.5,0.976,0,0,0,0,29.6,309600.0,77.0
BNA003615,Bensalem,Adel,Professionnel,Actif,Compte professionnel,38,Béjaïa,Santé,Crédit d'investissement,8.5,195300.0,69500.0,703000.0,12100.0,72,7.25,29.3,0.841,0,0,0,0,23.9,155500.0,108.1
BNA003616,Larbi,Adel,Particulier,Suspendu,Compte entreprise,62,Tlemcen,Services,Crédit personnel,1.8,35000.0,24100.0,783000.0,15300.0,60,6.49,65.5,0.425,1,1,120,1,39.1,13800.0,67.1
BNA003617,Belkacem,Salim,Particulier,Actif,Compte courant,35,Biskra,Commerce,Crédit d'exploitation,8.3,89500.0,41600.0,265000.0,6800.0,48,10.29,77.5,0.443,2,1,15,1,61.2,16900.0,40.5
BNA003618,Bensalem,Hichem,Particulier,Actif,Compte courant,54,Djelfa,Commerce,Crédit d'investissement,2.9,97900.0,39400.0,1281000.0,110900.0,12,7.06,53.6,0.035,5,1,0,0,48.0,11800.0,81.1
BNA003619,Touati,Samir,Particulier,Actif,Compte épargne,23,Alger,Pharmacie,Crédit immobilier,5.3,147200.0,81800.0,1299000.0,40900.0,36,8.32,95.0,0.317,1,1,60,2,48.1,-174700.0,30.1
BNA003620,Mebarki,Yacine,Professionnel,Actif,Compte courant,60,Oran,Agriculture,Crédit d'exploitation,12.5,99500.0,39500.0,1579000.0,46000.0,36,3.05,29.5,0.971,0,0,0,1,18.3,173000.0,94.0
BNA003621,Mebarki,Yacine,Particulier,Actif,Compte courant,28,Tlemcen,Services,Crédit personnel,4.7,50600.0,15000.0,200000.0,8800.0,24,5.09,7.8,0.471,0,0,0,0,26.7,114700.0,109.6
BNA003622,Amrani,Anis,PME,Actif,Compte courant,26,Sétif,Agriculture,Crédit équipement,9.8,191700.0,95600.0,1421000.0,65000.0,24,9.14,49.5,0.796,1,0,0,0,4.0,374400.0,61.2
BNA003623,Boudiaf,Salim,Professionnel,Actif,Compte courant,58,Béjaïa,BTPH,Crédit d'exploitation,2.2,156200.0,31300.0,671000.0,13000.0,60,6.19,36.2,0.544,0,0,0,1,25.3,372400.0,74.7
BNA003624,Amrani,Zakaria,Particulier,Actif,Compte épargne,47,Blida,Services,Crédit personnel,4.7,156700.0,82000.0,1052000.0,17000.0,84,9.18,82.9,0.307,0,1,60,0,23.7,215500.0,96.5
BNA003625,Guediri,Hichem,PME,Actif,Compte courant,32,Batna,BTPH,Crédit d'exploitation,1.6,1485900.0,1030800.0,20727000.0,291000.0,84,4.8,61.1,0.593,1,0,30,1,38.7,3027200.0,65.9
BNA003626,Slimani,Bilal,Particulier,Actif,Compte entreprise,52,Djelfa,Services,Crédit immobilier,9.1,186200.0,106300.0,1779000.0,25200.0,84,5.07,82.0,0.275,2,3,60,3,48.4,107400.0,109.7
BNA003627,Nouri,Bilal,Particulier,Actif,Compte épargne,34,Biskra,Agriculture,Crédit personnel,11.5,41500.0,15000.0,268000.0,3700.0,84,3.98,43.8,0.776,1,0,15,0,23.3,58000.0,174.1
BNA003628,Mebarki,Abdelkader,Particulier,Inactif,Compte entreprise,34,Djelfa,Commerce,Crédit d'exploitation,11.8,65000.0,15000.0,523000.0,12700.0,48,7.6,24.8,0.958,0,0,0,0,33.6,248900.0,131.0
BNA003629,Chibani,Yacine,Particulier,Actif,Compte professionnel,62,Sétif,Commerce,Crédit d'exploitation,6.0,136100.0,55400.0,1445000.0,30700.0,60,9.93,72.4,0.419,2,3,90,3,16.8,115800.0,52.7
BNA003630,Boudiaf,Islam,PME,Actif,Compte courant,50,Djelfa,Transport,Crédit immobilier,6.4,740400.0,162700.0,4151000.0,363400.0,12,9.2,43.7,0.682,0,0,15,0,8.6,1861400.0,87.5
BNA003631,Mokhtar,Tarek,Particulier,Inactif,Compte professionnel,41,Oran,Transport,Crédit d'exploitation,9.1,76400.0,51100.0,301000.0,8900.0,36,4.24,76.9,0.224,2,0,120,1,49.4,-62300.0,34.1
BNA003632,Amrani,Mohamed,Particulier,Actif,Compte courant,53,Oran,BTPH,Crédit d'exploitation,10.2,96300.0,23600.0,950000.0,21400.0,48,3.98,27.2,0.658,0,1,0,0,14.4,361400.0,80.3
BNA003633,Benali,Yacine,Particulier,Actif,Compte courant,39,Batna,Pharmacie,Crédit immobilier,5.0,36300.0,15000.0,358000.0,7700.0,60,10.5,40.8,0.618,0,0,0,0,20.3,69500.0,113.2
BNA003634,Larbi,Oussama,Particulier,Actif,Compte courant,34,Tlemcen,Transport,Crédit équipement,14.2,75000.0,25400.0,346000.0,8100.0,48,5.7,26.1,0.695,0,0,0,0,15.5,111600.0,135.7
BNA003635,Hadji,Adel,PME,Actif,Compte épargne,60,Batna,Transport,Crédit d'investissement,1.6,776200.0,322700.0,6822000.0,595400.0,12,8.64,85.3,0.637,3,1,10,0,37.5,359300.0,35.1
BNA003636,Mansouri,Imad,Professionnel,Actif,Compte courant,54,Alger,Commerce,Crédit d'exploitation,4.6,129200.0,42700.0,906000.0,17400.0,60,5.66,20.7,0.768,0,0,0,0,25.7,256800.0,99.3
BNA003637,Khelifi,Walid,Particulier,Actif,Compte épargne,64,Constantine,Transport,Crédit d'investissement,9.6,123900.0,39000.0,463000.0,9400.0,60,7.95,2.0,0.887,0,0,0,2,34.9,421700.0,139.1
BNA003638,Brahimi,Adel,Particulier,Actif,Compte entreprise,35,Oran,Agriculture,Crédit personnel,2.5,117200.0,24400.0,852000.0,20100.0,48,6.29,37.8,0.777,0,0,0,0,16.4,156100.0,134.0
BNA003639,Mokhtar,Salim,Particulier,Actif,Compte courant,28,Laghouat,Industrie,Crédit d'exploitation,15.1,63700.0,19600.0,453000.0,10100.0,48,3.48,19.6,0.67,0,0,0,0,19.6,162900.0,157.2
BNA003640,Saidi,Zakaria,Particulier,Actif,Compte épargne,57,Sétif,Pharmacie,Crédit personnel,9.1,134300.0,36800.0,1404000.0,34000.0,48,7.62,6.4,0.731,0,0,0,1,25.6,159600.0,88.2
BNA003641,Amrani,Imad,PME,Actif,Compte professionnel,42,Béjaïa,Services,Crédit immobilier,9.3,828800.0,581400.0,5286000.0,102900.0,60,6.28,77.7,0.662,2,4,30,3,65.2,168600.0,53.2
BNA003642,Rahmani,Youcef,Particulier,Actif,Compte courant,59,Tlemcen,BTPH,Crédit immobilier,10.9,79400.0,40700.0,2421000.0,75300.0,36,7.5,91.1,0.306,1,1,30,1,38.2,-91700.0,17.7
BNA003643,Djelloul,Rachid,Particulier,Inactif,Compte courant,38,Annaba,Commerce,Crédit d'investissement,9.1,89000.0,53500.0,708000.0,10100.0,84,5.29,48.3,0.02,0,0,180,2,51.7,-92000.0,51.4
BNA003644,Touati,Youcef,PME,Actif,Compte courant,38,Sétif,BTPH,Crédit immobilier,13.7,373400.0,160000.0,1254000.0,20800.0,72,5.99,67.7,0.138,0,0,30,4,33.1,409900.0,49.9
BNA003645,Larbi,Farid,PME,Inactif,Compte épargne,63,Sétif,Transport,Crédit d'exploitation,18.8,712000.0,343700.0,8447000.0,179000.0,60,9.88,65.3,0.581,1,3,150,1,58.2,-1371000.0,39.6
BNA003646,Haddad,Zakaria,Particulier,Actif,Compte courant,49,Batna,Commerce,Crédit équipement,4.7,75900.0,59400.0,366000.0,11500.0,36,8.4,72.7,0.555,1,0,60,2,56.5,-207700.0,41.7
BNA003647,Rahmani,Yacine,Particulier,Actif,Compte professionnel,41,Batna,Santé,Crédit immobilier,2.2,85000.0,45400.0,1542000.0,39200.0,48,10.07,30.7,0.485,2,0,0,2,68.7,66400.0,37.1
BNA003648,Belaid,Bilal,Professionnel,Actif,Compte courant,57,Djelfa,Agriculture,Crédit immobilier,7.2,199200.0,134300.0,3328000.0,81600.0,48,8.2,62.6,0.33,4,0,120,1,53.4,-81800.0,70.4
BNA003649,Boudiaf,Anis,Particulier,Actif,Compte épargne,37,Blida,Commerce,Crédit équipement,6.2,61300.0,28600.0,335000.0,6500.0,60,5.97,76.3,0.258,3,0,30,2,34.0,62900.0,88.4
BNA003650,Belaid,Youcef,Particulier,Actif,Compte professionnel,57,Batna,Agriculture,Crédit équipement,9.6,58000.0,19500.0,777000.0,12600.0,72,5.2,71.7,0.26,0,1,120,4,45.2,23300.0,62.8
BNA003651,Belaid,Oussama,Particulier,Actif,Compte courant,45,Alger,BTPH,Crédit immobilier,8.7,77200.0,31200.0,322000.0,10000.0,36,7.39,49.1,0.016,1,1,45,1,54.1,89400.0,90.4
BNA003652,Slimani,Bilal,Particulier,Suspendu,Compte courant,40,Laghouat,Agriculture,Crédit personnel,4.8,47300.0,20500.0,243000.0,4700.0,60,6.32,81.9,0.342,1,0,180,0,55.1,62500.0,27.4
BNA003653,Yahiaoui,Ahmed,Particulier,Actif,Compte entreprise,51,Alger,Santé,Crédit immobilier,4.8,85100.0,41400.0,565000.0,25100.0,24,6.39,73.0,0.632,3,0,45,1,38.3,109500.0,57.5
BNA003654,Boudiaf,Abdelkader,Professionnel,Actif,Compte épargne,40,Béjaïa,Santé,Crédit personnel,7.7,113000.0,69500.0,1572000.0,70900.0,24,7.74,81.1,0.661,1,0,10,0,25.0,58800.0,77.0
BNA003655,Cherif,Farid,Particulier,Actif,Compte courant,40,Blida,Commerce,Crédit immobilier,7.9,96400.0,48900.0,578000.0,14000.0,48,7.55,89.3,0.321,4,1,90,1,65.0,-42300.0,73.4
BNA003656,Amrani,Yacine,Particulier,Actif,Compte entreprise,43,Biskra,Pharmacie,Crédit personnel,6.3,103600.0,62600.0,1284000.0,30700.0,48,6.99,50.4,0.578,0,2,150,3,41.3,-59600.0,93.3
BNA003657,Belkacem,Abdelkader,Particulier,Actif,Compte entreprise,49,Sétif,Agriculture,Crédit immobilier,1.7,88300.0,45900.0,973000.0,21700.0,48,3.4,49.7,0.219,2,1,30,1,75.6,129700.0,42.2
BNA003658,Benali,Kamel,Particulier,Actif,Compte courant,23,Djelfa,Industrie,Crédit d'exploitation,9.3,111100.0,35400.0,442000.0,6300.0,84,5.39,100.0,0.49,0,0,150,3,25.4,74200.0,49.7
BNA003659,Mansouri,Anis,PME,Inactif,Compte entreprise,25,Oran,BTPH,Crédit d'investissement,8.7,1585300.0,991200.0,14826000.0,466400.0,36,8.27,80.6,0.691,4,3,60,1,65.2,1590900.0,62.0
BNA003660,Gacem,Riad,Particulier,Actif,Compte épargne,29,Béjaïa,Commerce,Crédit personnel,3.7,93800.0,68200.0,498000.0,16100.0,36,9.92,55.5,0.366,2,2,30,0,18.3,-79800.0,89.8
BNA003661,Ferhat,Nabil,Particulier,Inactif,Compte entreprise,55,Biskra,Santé,Crédit d'exploitation,9.4,170300.0,105300.0,2838000.0,47100.0,72,6.05,88.4,0.434,3,3,30,2,42.8,-54700.0,0.2
BNA003662,Djelloul,Yacine,Particulier,Actif,Compte entreprise,64,Tlemcen,Santé,Crédit d'exploitation,10.5,82800.0,43100.0,459000.0,10300.0,48,3.86,76.8,0.276,2,1,15,1,37.3,268800.0,114.8
BNA003663,Belaid,Youcef,Particulier,Actif,Compte épargne,30,Tlemcen,BTPH,Crédit d'investissement,2.7,98900.0,55700.0,1422000.0,44400.0,36,7.82,75.3,0.289,0,2,0,6,48.0,117200.0,42.0
BNA003664,Bensalem,Anis,Particulier,Actif,Compte professionnel,61,Batna,Agriculture,Crédit d'investissement,7.9,122300.0,55200.0,821000.0,19300.0,48,6.03,74.5,0.418,0,2,60,6,40.7,-26700.0,32.8
BNA003665,Dahmani,Imad,Particulier,Actif,Compte courant,24,Constantine,Santé,Crédit équipement,1.6,137500.0,81000.0,1108000.0,23600.0,60,10.08,72.6,0.599,1,2,60,1,74.9,89500.0,66.7
BNA003666,Cherif,Oussama,Particulier,Actif,Compte épargne,42,Sétif,BTPH,Crédit immobilier,7.9,75100.0,20000.0,384000.0,7900.0,60,8.53,21.5,0.357,0,0,0,0,4.0,152300.0,104.0
BNA003667,Ferhat,Nabil,Professionnel,Actif,Compte épargne,33,Béjaïa,Commerce,Crédit d'exploitation,6.5,139100.0,54800.0,1892000.0,43700.0,48,5.09,58.0,0.417,3,1,60,1,39.2,-98700.0,26.4
BNA003668,Slimani,Anis,Particulier,Actif,Compte courant,65,Biskra,Agriculture,Crédit d'investissement,4.5,65200.0,31400.0,226000.0,5100.0,48,3.54,74.3,0.478,1,1,60,3,58.5,9100.0,70.6
BNA003669,Amrani,Tarek,PME,Suspendu,Compte professionnel,28,Annaba,Commerce,Crédit d'investissement,0.3,834400.0,440500.0,8928000.0,137000.0,84,7.51,65.9,0.716,2,1,30,5,62.0,1494700.0,86.3
BNA003670,Guediri,Youcef,Particulier,Actif,Compte épargne,58,Béjaïa,Transport,Crédit d'investissement,2.6,103000.0,51200.0,1853000.0,39500.0,60,10.17,62.7,0.313,1,0,150,2,45.4,-90700.0,41.4
BNA003671,Gacem,Amine,PME,Actif,Compte courant,59,Alger,Industrie,Crédit immobilier,1.3,628900.0,220100.0,4267000.0,84600.0,60,7.08,24.7,0.531,1,0,0,0,6.2,693400.0,84.4
BNA003672,Haddad,Nassim,Particulier,Actif,Compte épargne,56,Djelfa,Pharmacie,Crédit d'exploitation,2.1,46100.0,20600.0,322000.0,5600.0,72,8.01,48.1,0.743,2,0,150,1,34.0,40800.0,45.3
BNA003673,Touati,Farid,Particulier,Actif,Compte courant,38,Sétif,Services,Crédit immobilier,9.7,75600.0,19900.0,200000.0,3200.0,72,4.96,23.1,0.538,0,0,0,1,26.3,165900.0,94.2
BNA003674,Slimani,Kamel,Particulier,Actif,Compte épargne,33,Alger,Commerce,Crédit personnel,20.0,116100.0,90900.0,841000.0,20900.0,48,8.82,100.0,0.598,2,0,5,1,26.0,93200.0,69.4
BNA003675,Yahiaoui,Aymen,Professionnel,Actif,Compte professionnel,33,Tlemcen,Santé,Crédit d'investissement,11.1,421600.0,65800.0,5772000.0,121800.0,60,9.69,34.8,0.89,0,1,15,0,15.6,1495900.0,116.3
BNA003676,Mansouri,Ilyes,PME,Actif,Compte courant,40,Oran,BTPH,Crédit d'investissement,8.7,186100.0,41000.0,872000.0,14300.0,72,5.72,40.1,0.798,1,0,0,0,19.6,297600.0,146.0
BNA003677,Hadji,Walid,Particulier,Actif,Compte épargne,44,Annaba,Pharmacie,Crédit d'investissement,2.6,35000.0,28300.0,200000.0,3700.0,60,3.99,80.7,0.381,2,1,45,1,53.2,39000.0,49.6
BNA003678,Cherif,Yacine,Particulier,Actif,Compte courant,36,Constantine,Santé,Crédit d'exploitation,8.1,75400.0,49400.0,429000.0,7800.0,60,3.69,94.0,0.442,1,0,120,2,50.8,53000.0,102.6
BNA003679,Belkacem,Nassim,Particulier,Actif,Compte épargne,58,Constantine,Commerce,Crédit d'investissement,6.7,58100.0,28200.0,992000.0,24900.0,48,9.55,16.7,0.407,1,0,0,0,26.2,194000.0,69.6
BNA003680,Mebarki,Bilal,Particulier,Actif,Compte épargne,33,Blida,Santé,Crédit immobilier,9.5,72800.0,50500.0,669000.0,13400.0,60,7.53,73.7,0.597,0,2,150,2,71.1,54700.0,59.2
BNA003681,Larbi,Tarek,Particulier,Actif,Compte entreprise,43,Constantine,Santé,Crédit d'investissement,7.4,91400.0,29900.0,998000.0,43300.0,24,3.93,30.0,0.853,0,0,0,2,25.4,125000.0,0.0
BNA003682,Brahimi,Walid,PME,Actif,Compte épargne,46,Tlemcen,Industrie,Crédit d'exploitation,8.8,541000.0,212000.0,3075000.0,69000.0,48,3.71,28.5,0.385,3,0,60,2,59.4,-304000.0,64.6
BNA003683,Haddad,Aymen,Particulier,Actif,Compte professionnel,47,Annaba,Transport,Crédit d'investissement,3.3,112000.0,88800.0,1211000.0,21900.0,60,3.19,69.4,0.908,2,2,120,3,47.2,-14900.0,98.9
BNA003684,Touati,Amine,Particulier,Actif,Compte courant,43,Biskra,BTPH,Crédit personnel,11.2,60400.0,15000.0,693000.0,14500.0,60,9.35,44.8,0.603,0,0,0,0,22.3,192700.0,94.2
BNA003685,Nouri,Ibrahim,PME,Actif,Compte épargne,54,Alger,Industrie,Crédit d'exploitation,3.0,415100.0,304700.0,1994000.0,62300.0,36,7.84,41.0,0.543,0,2,180,0,28.3,341500.0,53.3
BNA003686,Hadji,Abdelkader,Particulier,Actif,Compte entreprise,32,Oran,Agriculture,Crédit d'investissement,10.8,47500.0,15000.0,343000.0,5800.0,72,6.77,35.2,0.801,0,0,0,1,21.9,39600.0,89.5
BNA003687,Belkacem,Anis,PME,Actif,Compte épargne,31,Djelfa,Santé,Crédit d'exploitation,14.3,742700.0,495900.0,2774000.0,52400.0,60,5.07,44.1,0.492,1,0,180,0,46.5,-1605000.0,82.7
BNA003688,Saidi,Farid,PME,Actif,Compte épargne,32,Biskra,Transport,Crédit d'exploitation,9.2,649200.0,367000.0,2864000.0,83900.0,36,3.49,83.1,0.617,4,1,30,1,43.5,-675200.0,73.8
BNA003689,Belaid,Karim,Particulier,Actif,Compte courant,44,Batna,Agriculture,Crédit équipement,12.3,139100.0,29500.0,1024000.0,46300.0,24,7.87,51.5,0.557,0,0,0,0,23.4,156500.0,109.3
BNA003690,Chibani,Salim,Particulier,Actif,Compte courant,24,Constantine,Pharmacie,Crédit équipement,8.6,124300.0,43600.0,2255000.0,39000.0,72,7.5,20.7,0.83,0,0,0,0,32.2,462600.0,143.3
BNA003691,Mebarki,Abdelkader,PME,Actif,Compte courant,40,Béjaïa,BTPH,Crédit équipement,7.1,630200.0,367000.0,3939000.0,76000.0,60,5.92,78.6,0.618,3,0,30,4,55.9,99900.0,89.4
BNA003692,Rahmani,Nassim,PME,Actif,Compte courant,37,Tlemcen,Pharmacie,Crédit d'exploitation,5.3,859000.0,428800.0,8306000.0,132000.0,84,8.61,83.3,0.558,3,2,120,1,25.2,-725200.0,54.8
BNA003693,Ferhat,Abdelkader,Particulier,Actif,Compte épargne,64,Djelfa,Commerce,Crédit d'exploitation,4.5,44900.0,16400.0,246000.0,5900.0,48,6.81,36.1,0.934,1,0,0,1,26.5,125200.0,76.8
BNA003694,Mokhtar,Bilal,Particulier,Actif,Compte épargne,40,Batna,Industrie,Crédit d'exploitation,2.1,51900.0,15000.0,200000.0,6200.0,36,7.21,28.9,0.336,0,0,0,1,33.3,-6000.0,178.8
BNA003695,Nouri,Mohamed,Grande Entreprise,Actif,Compte professionnel,39,Djelfa,BTPH,Crédit personnel,6.7,1108000.0,715200.0,8420000.0,164000.0,60,6.32,68.2,0.727,0,1,90,1,51.7,1336600.0,88.0
BNA003696,Saidi,Nabil,PME,Inactif,Compte courant,56,Tlemcen,Services,Crédit immobilier,5.9,705800.0,438400.0,7124000.0,221000.0,36,7.32,83.7,0.562,1,2,60,1,15.1,-53400.0,50.2
BNA003697,Gacem,Amine,Particulier,Actif,Compte épargne,29,Annaba,Transport,Crédit immobilier,9.6,70300.0,35100.0,679000.0,10800.0,72,4.71,9.8,0.574,1,0,0,0,24.2,225400.0,154.8
BNA003698,Yahiaoui,Mourad,Particulier,Actif,Compte épargne,31,Annaba,Commerce,Crédit d'exploitation,2.5,66000.0,34800.0,445000.0,19800.0,24,6.2,78.9,0.485,3,4,10,1,50.9,32600.0,49.5
BNA003699,Slimani,Amine,Particulier,Actif,Compte courant,24,Laghouat,Commerce,Crédit d'exploitation,17.0,69000.0,30000.0,816000.0,20300.0,48,9.0,76.3,0.305,0,1,120,0,53.6,-48900.0,10.8
BNA003700,Mansouri,Farid,PME,Actif,Compte courant,62,Djelfa,BTPH,Crédit équipement,3.6,1001300.0,407500.0,5220000.0,80100.0,84,7.53,59.8,0.272,1,0,120,4,54.9,-282900.0,33.5
BNA003701,Mansouri,Kamel,Particulier,Actif,Compte courant,34,Béjaïa,Agriculture,Crédit d'investissement,5.3,127100.0,75000.0,1728000.0,40800.0,48,6.29,65.5,0.588,2,2,60,1,42.6,103200.0,29.4
BNA003702,Gacem,Farid,Particulier,Actif,Compte entreprise,60,Alger,BTPH,Crédit d'exploitation,2.0,81000.0,63300.0,698000.0,13900.0,60,7.14,97.3,0.188,0,2,180,3,53.8,-19100.0,85.1
BNA003703,Hadji,Youcef,Particulier,Actif,Compte épargne,31,Annaba,Pharmacie,Crédit immobilier,7.9,42800.0,27500.0,415000.0,6400.0,72,3.72,75.4,0.255,7,3,60,5,35.1,14300.0,82.5
BNA003704,Touati,Samir,Particulier,Actif,Compte courant,36,Blida,Transport,Crédit d'exploitation,8.3,134800.0,82500.0,566000.0,25100.0,24,6.18,76.8,0.732,0,2,120,3,52.6,17400.0,54.3
BNA003705,Saidi,Farid,Particulier,Actif,Compte entreprise,40,Alger,Commerce,Crédit équipement,3.1,55400.0,40300.0,715000.0,21000.0,36,3.67,100.0,0.564,0,1,90,0,52.5,27300.0,62.6
BNA003706,Benyahia,Salim,Professionnel,Actif,Compte épargne,63,Alger,Commerce,Crédit équipement,11.8,253200.0,61000.0,4002000.0,179100.0,24,6.93,35.3,0.898,0,0,0,1,13.9,426000.0,45.9
BNA003707,Chibani,Hichem,PME,Inactif,Compte épargne,47,Tlemcen,BTPH,Crédit immobilier,5.0,287800.0,147900.0,1841000.0,57800.0,36,8.07,78.1,0.02,0,0,60,2,51.3,-206800.0,30.4
BNA003708,Khelifi,Salim,Particulier,Actif,Compte courant,38,Laghouat,Services,Crédit d'exploitation,2.5,78900.0,25500.0,525000.0,15600.0,36,4.58,20.6,0.737,0,0,0,0,20.3,214800.0,94.4
BNA003709,Yahiaoui,Ilyes,Particulier,Actif,Compte entreprise,49,Béjaïa,Pharmacie,Crédit personnel,20.0,100200.0,18300.0,876000.0,20900.0,48,6.81,27.0,0.329,1,0,5,0,40.7,239400.0,135.0
BNA003710,Touati,Nabil,PME,Inactif,Compte professionnel,48,Batna,Services,Crédit personnel,7.5,1151700.0,635700.0,6731000.0,291500.0,24,3.75,57.5,0.232,1,3,90,3,37.9,151600.0,31.8
BNA003711,Mebarki,Nabil,Grande Entreprise,Actif,Compte courant,46,Djelfa,Services,Crédit personnel,8.2,2529100.0,679100.0,7287000.0,153300.0,60,9.56,49.3,0.37,1,0,0,0,5.1,11513200.0,77.9
BNA003712,Touati,Kamel,Particulier,Actif,Compte courant,58,Alger,Commerce,Crédit personnel,15.4,106200.0,85400.0,1168000.0,36300.0,36,7.5,78.1,0.311,0,0,45,1,33.9,31000.0,71.2
BNA003713,Djelloul,Yacine,Particulier,Inactif,Compte épargne,43,Laghouat,Santé,Crédit d'exploitation,4.2,160400.0,74800.0,964000.0,22200.0,48,5.05,61.6,0.434,1,2,150,5,51.7,130900.0,78.0
BNA003714,Mokhtar,Mohamed,PME,Actif,Compte épargne,25,Tlemcen,BTPH,Crédit d'exploitation,5.0,1051300.0,435200.0,6652000.0,137000.0,60,8.66,55.1,0.247,3,0,30,1,40.1,1278700.0,82.1
BNA003715,Guediri,Hichem,PME,Actif,Compte épargne,61,Djelfa,Agriculture,Crédit d'exploitation,5.5,814100.0,154200.0,3512000.0,67400.0,60,5.68,25.6,0.928,0,0,0,1,25.7,2077800.0,102.1
BNA003716,Mokhtar,Samir,Particulier,Actif,Compte courant,53,Batna,BTPH,Crédit d'exploitation,4.4,157300.0,119900.0,740000.0,14700.0,60,7.08,70.3,0.607,4,0,120,0,48.7,106000.0,51.7
BNA003717,Bensalem,Farid,Particulier,Actif,Compte épargne,39,Alger,Pharmacie,Crédit d'exploitation,10.0,135200.0,74900.0,1635000.0,50200.0,36,6.66,94.1,0.109,0,2,45,2,43.5,-3800.0,52.2
BNA003718,Larbi,Imad,Particulier,Actif,Compte courant,43,Laghouat,Commerce,Crédit immobilier,9.5,134200.0,30700.0,1184000.0,22400.0,60,5.06,28.4,0.773,0,0,0,0,22.3,419600.0,193.0
BNA003719,Gacem,Farid,Particulier,Actif,Compte professionnel,35,Tlemcen,BTPH,Crédit immobilier,7.0,63600.0,31000.0,877000.0,16300.0,72,10.05,86.6,0.368,1,0,30,2,51.3,-104400.0,69.3
BNA003720,Mokhtar,Mohamed,Particulier,Actif,Compte professionnel,62,Constantine,Commerce,Crédit équipement,11.1,137000.0,37100.0,583000.0,17200.0,36,4.1,34.0,0.906,0,0,0,0,15.1,281500.0,74.2
BNA003721,Yahiaoui,Hichem,Particulier,Actif,Compte professionnel,52,Batna,Services,Crédit personnel,6.3,82200.0,41500.0,726000.0,16400.0,48,4.11,91.0,0.612,6,3,45,3,27.7,-20500.0,83.4
BNA003722,Dahmani,Zakaria,Professionnel,Actif,Compte courant,59,Sétif,Agriculture,Crédit immobilier,5.3,168300.0,71400.0,2003000.0,64400.0,36,9.71,85.5,0.152,0,1,30,3,41.0,90500.0,72.4
BNA003723,Belaid,Ibrahim,PME,Actif,Compte entreprise,43,Biskra,Agriculture,Crédit d'investissement,11.6,791100.0,342600.0,4475000.0,143900.0,36,9.77,47.8,0.253,5,0,45,3,53.0,-587900.0,86.0
BNA003724,Mansouri,Ahmed,Particulier,Actif,Compte courant,44,Laghouat,Santé,Crédit d'exploitation,3.3,95900.0,75600.0,813000.0,19100.0,48,5.9,88.2,0.154,2,0,30,0,41.8,106000.0,94.0
BNA003725,Touati,Farid,Particulier,Actif,Compte courant,27,Tlemcen,Agriculture,Crédit d'investissement,6.4,98800.0,57600.0,595000.0,11100.0,72,10.17,97.8,0.286,4,1,60,1,56.8,17900.0,93.5
BNA003726,Ferhat,Ahmed,Particulier,Actif,Compte courant,36,Sétif,Commerce,Crédit personnel,5.3,208500.0,126200.0,1190000.0,17000.0,84,5.25,59.9,0.797,2,1,90,2,86.4,3200.0,22.0
BNA003727,Rahmani,Islam,Particulier,Actif,Compte courant,41,Laghouat,Industrie,Crédit d'exploitation,13.3,96000.0,28500.0,912000.0,22400.0,48,8.22,9.0,0.575,0,0,0,0,24.3,201100.0,76.8
BNA003728,Larbi,Zakaria,Particulier,Actif,Compte courant,36,Djelfa,Commerce,Crédit personnel,3.9,127900.0,71000.0,755000.0,33700.0,24,6.68,69.5,0.264,1,1,60,3,58.1,-144000.0,13.5
BNA003729,Hadji,Samir,Particulier,Actif,Compte épargne,49,Alger,Santé,Crédit immobilier,10.2,80500.0,27400.0,507000.0,7200.0,84,5.11,96.0,0.453,2,0,120,1,44.1,41500.0,68.7
BNA003730,Slimani,Imad,PME,Actif,Compte courant,57,Constantine,Services,Crédit personnel,2.8,871800.0,230700.0,7629000.0,121900.0,72,4.72,62.0,0.752,0,0,0,0,6.0,1650000.0,157.5
BNA003731,Boudiaf,Rachid,Particulier,Actif,Compte courant,55,Tlemcen,Services,Crédit d'exploitation,2.4,75300.0,24400.0,242000.0,3500.0,84,5.96,85.8,0.479,0,2,180,4,38.1,83600.0,18.3
BNA003732,Khelifi,Yacine,Particulier,Actif,Compte épargne,34,Alger,Services,Crédit d'exploitation,3.8,72800.0,45100.0,608000.0,8800.0,84,5.56,71.0,0.762,2,0,30,1,39.7,135900.0,87.2
BNA003733,Zerrouki,Rachid,Professionnel,Actif,Compte entreprise,43,Annaba,Transport,Crédit d'exploitation,20.0,740000.0,392500.0,7315000.0,128000.0,72,7.93,84.9,0.768,3,0,0,4,28.6,493300.0,72.0
BNA003734,Cherif,Youcef,Professionnel,Actif,Compte professionnel,45,Laghouat,Transport,Crédit immobilier,2.2,170400.0,53700.0,886000.0,14800.0,72,6.21,31.5,0.518,1,1,0,0,19.0,578400.0,139.4
BNA003735,Bensalem,Kamel,PME,Actif,Compte courant,28,Biskra,Agriculture,Crédit d'investissement,1.7,826700.0,488800.0,4095000.0,122000.0,36,4.62,53.6,0.079,2,0,180,1,65.8,400000.0,54.8
BNA003736,Rahmani,Amine,Professionnel,Actif,Compte courant,30,Laghouat,Transport,Crédit équipement,4.9,310900.0,157200.0,4551000.0,102700.0,48,3.97,75.5,0.221,1,1,45,5,45.8,478100.0,8.5
BNA003737,Amrani,Mourad,Particulier,Actif,Compte professionnel,58,Biskra,Santé,Crédit d'investissement,5.0,115400.0,77300.0,2134000.0,92700.0,24,4.07,86.2,0.466,4,1,45,3,38.5,103000.0,42.5
BNA003738,Brahimi,Riad,Professionnel,Actif,Compte courant,59,Sétif,Transport,Crédit immobilier,1.6,159800.0,36500.0,1848000.0,46900.0,48,10.0,31.3,0.79,0,0,0,0,14.4,349700.0,105.3
BNA003739,Bensalem,Yacine,Particulier,Actif,Compte entreprise,43,Constantine,Commerce,Crédit personnel,0.6,50200.0,28900.0,668000.0,10900.0,72,5.37,100.0,0.618,3,1,30,1,65.8,48200.0,21.1
BNA003740,Belkacem,Aymen,Particulier,Actif,Compte épargne,56,Tlemcen,Industrie,Crédit équipement,12.9,120400.0,44300.0,307000.0,5700.0,72,9.81,89.9,0.492,2,0,30,1,55.1,-33500.0,47.0
BNA003741,Touati,Hichem,Particulier,Actif,Compte épargne,59,Batna,Transport,Crédit d'exploitation,6.9,152300.0,117300.0,515000.0,9300.0,60,3.29,54.0,0.345,1,2,15,0,35.4,-345000.0,44.0
BNA003742,Boudiaf,Aymen,Particulier,Actif,Compte épargne,50,Blida,Commerce,Crédit équipement,10.4,59100.0,36000.0,886000.0,19600.0,48,3.1,99.3,0.505,2,1,10,1,41.8,59400.0,50.7
BNA003743,Nouri,Youcef,Particulier,Actif,Compte épargne,46,Annaba,Services,Crédit d'investissement,14.8,99700.0,41500.0,583000.0,11400.0,60,6.45,95.0,0.507,2,0,30,1,57.4,155200.0,112.3
BNA003744,Mebarki,Sofiane,PME,Actif,Compte épargne,38,Alger,Pharmacie,Crédit d'exploitation,15.2,548400.0,164700.0,2947000.0,60900.0,60,8.8,14.2,0.583,0,0,0,0,6.9,918800.0,115.1
BNA003745,Chibani,Karim,PME,Actif,Compte courant,38,Laghouat,Commerce,Crédit d'exploitation,6.9,2120300.0,516800.0,14776000.0,666300.0,24,7.71,49.0,0.294,3,2,60,2,49.0,-423600.0,37.3
BNA003746,Dahmani,Hichem,Particulier,Actif,Compte épargne,51,Tlemcen,Agriculture,Crédit immobilier,2.3,197800.0,94800.0,3284000.0,102400.0,36,7.68,71.8,0.628,1,3,180,1,30.0,-70800.0,35.6
BNA003747,Mokhtar,Ibrahim,PME,Actif,Compte épargne,60,Djelfa,Agriculture,Crédit équipement,5.1,467700.0,244100.0,2209000.0,30500.0,84,4.32,58.6,0.362,3,0,150,3,30.5,266000.0,87.4
BNA003748,Mansouri,Karim,PME,Actif,Compte courant,40,Constantine,Agriculture,Crédit d'investissement,10.3,1045000.0,566200.0,9181000.0,233900.0,48,10.25,78.0,0.808,0,2,90,0,41.4,-313400.0,41.0
BNA003749,Larbi,Hichem,Professionnel,Actif,Compte entreprise,49,Biskra,Industrie,Crédit d'investissement,10.2,283700.0,138700.0,2333000.0,69900.0,36,4.96,75.3,0.762,3,0,120,2,58.2,-329000.0,85.6
BNA003750,Mansouri,Anis,Particulier,Actif,Compte courant,41,Laghouat,Agriculture,Crédit d'investissement,17.3,91600.0,46600.0,441000.0,11100.0,48,9.41,52.1,0.499,2,1,5,2,19.1,23300.0,62.6
BNA003751,Mansouri,Karim,Grande Entreprise,Actif,Compte professionnel,63,Constantine,Agriculture,Crédit immobilier,9.8,2579800.0,1972900.0,10480000.0,189100.0,72,9.05,95.4,0.095,2,1,120,2,38.3,1770900.0,82.3
BNA003752,Boudiaf,Salim,PME,Actif,Compte courant,35,Batna,Santé,Crédit d'exploitation,7.6,534000.0,404300.0,8139000.0,127800.0,72,4.12,82.9,0.29,1,0,5,1,35.0,78600.0,29.7
BNA003753,Yahiaoui,Mourad,PME,Actif,Compte courant,59,Laghouat,Transport,Crédit immobilier,6.2,887800.0,443200.0,8482000.0,209100.0,48,8.5,73.6,0.414,2,1,90,1,38.0,539500.0,59.7
BNA003754,Zerrouki,Sofiane,Particulier,Actif,Compte courant,32,Oran,Commerce,Crédit d'investissement,4.7,122300.0,91600.0,1607000.0,49400.0,36,6.76,85.8,0.308,2,2,120,0,55.4,74100.0,92.3
BNA003755,Boudiaf,Kamel,Professionnel,Actif,Compte professionnel,49,Tlemcen,Commerce,Crédit d'exploitation,13.8,203100.0,53400.0,2615000.0,47700.0,72,9.45,13.6,0.787,0,0,0,0,22.8,492500.0,122.1
BNA003756,Meziane,Zakaria,Particulier,Actif,Compte professionnel,58,Tlemcen,Commerce,Crédit d'investissement,7.2,58500.0,36700.0,552000.0,16100.0,36,3.08,68.4,0.288,1,1,10,7,11.1,60600.0,73.3
BNA003757,Yahiaoui,Tarek,Particulier,Actif,Compte épargne,40,Béjaïa,Industrie,Crédit immobilier,3.8,59800.0,37800.0,262000.0,5000.0,60,5.52,69.3,0.317,3,2,15,1,60.8,55100.0,81.8
BNA003758,Mansouri,Farid,Particulier,Actif,Compte courant,58,Alger,Services,Crédit d'exploitation,17.1,76000.0,43300.0,335000.0,28600.0,12,4.37,78.5,0.08,2,2,15,0,41.2,80300.0,56.4
BNA003759,Touati,Adel,PME,Actif,Compte courant,59,Blida,Industrie,Crédit immobilier,3.8,474500.0,274800.0,5941000.0,513800.0,12,6.9,60.3,0.029,0,1,60,2,25.9,-22700.0,91.2
BNA003760,Ferhat,Nassim,Particulier,Actif,Compte courant,33,Djelfa,Santé,Crédit personnel,8.9,97300.0,29100.0,833000.0,16700.0,60,7.44,17.6,0.934,1,0,0,0,23.8,125400.0,56.0
BNA003761,Chibani,Salim,PME,Actif,Compte courant,54,Batna,Transport,Crédit d'exploitation,9.1,958400.0,493100.0,16812000.0,402800.0,48,7.03,46.6,0.429,2,1,150,2,22.7,703400.0,43.5
BNA003762,Belaid,Mohamed,Particulier,Actif,Compte courant,52,Annaba,Pharmacie,Crédit personnel,10.7,62200.0,29300.0,477000.0,9500.0,60,7.38,87.8,0.347,2,1,60,0,62.3,40000.0,91.9
BNA003763,Benyahia,Salim,Professionnel,Actif,Compte entreprise,25,Laghouat,Services,Crédit personnel,5.2,144100.0,50500.0,1560000.0,133300.0,12,4.65,86.2,0.697,2,0,10,1,6.6,108000.0,14.6
BNA003764,Djelloul,Walid,Professionnel,Actif,Compte courant,46,Béjaïa,BTPH,Crédit immobilier,3.1,285900.0,88800.0,6352000.0,285600.0,24,7.42,29.6,0.722,2,0,0,0,22.8,742600.0,66.5
BNA003765,Cherif,Zakaria,PME,Actif,Compte professionnel,38,Constantine,Industrie,Crédit personnel,3.0,806700.0,436500.0,7618000.0,188100.0,48,8.58,88.3,0.457,1,0,0,0,37.9,-91900.0,29.0
BNA003766,Nouri,Mourad,PME,Actif,Compte courant,46,Tlemcen,Commerce,Crédit personnel,4.8,495400.0,292600.0,5364000.0,103800.0,60,6.04,88.1,0.56,5,0,45,0,32.3,-530000.0,24.5
BNA003767,Zerrouki,Mourad,Particulier,Actif,Compte courant,49,Oran,Industrie,Crédit personnel,4.9,129400.0,91400.0,837000.0,17700.0,60,9.68,85.3,0.382,2,2,15,6,37.2,18400.0,99.0
BNA003768,Haddad,Imad,Grande Entreprise,Actif,Compte courant,36,Béjaïa,Industrie,Crédit d'exploitation,7.8,2382300.0,406900.0,7864000.0,126000.0,84,8.88,16.6,0.699,0,1,0,1,24.4,6890900.0,72.7
BNA003769,Chibani,Abdelkader,PME,Actif,Compte courant,51,Alger,Agriculture,Crédit d'investissement,7.9,608100.0,159000.0,6460000.0,143100.0,48,3.05,50.4,0.768,1,0,0,0,23.5,353200.0,78.0
BNA003770,Haddad,Adel,Grande Entreprise,Actif,Compte épargne,42,Annaba,Industrie,Crédit personnel,11.9,1817000.0,771400.0,9952000.0,144500.0,84,5.8,68.6,0.328,3,2,30,2,56.4,2739000.0,49.4
BNA003771,Brahimi,Aymen,Professionnel,Actif,Compte épargne,61,Biskra,Commerce,Crédit immobilier,4.3,198700.0,62100.0,3150000.0,74400.0,48,6.31,33.4,0.98,0,0,0,1,31.6,592300.0,114.2
BNA003772,Khelifi,Anis,Particulier,Actif,Compte courant,33,Blida,Santé,Crédit équipement,7.9,60500.0,20000.0,903000.0,17700.0,60,6.58,19.2,0.955,0,0,0,0,34.0,142800.0,97.7
BNA003773,Larbi,Aymen,Particulier,Actif,Compte épargne,52,Oran,Santé,Crédit d'exploitation,9.8,87100.0,32400.0,809000.0,12600.0,72,3.94,61.7,0.464,2,0,5,4,46.7,45500.0,60.2
BNA003774,Haddad,Farid,Particulier,Actif,Compte professionnel,41,Alger,Industrie,Crédit d'investissement,12.7,85500.0,20600.0,768000.0,17900.0,48,5.51,30.3,0.77,1,1,0,0,28.1,241200.0,87.5
BNA003775,Mebarki,Walid,Particulier,Actif,Compte courant,23,Tlemcen,Agriculture,Crédit personnel,7.4,63300.0,32800.0,380000.0,7900.0,60,9.17,81.8,0.495,1,0,0,0,37.2,35000.0,50.1
BNA003776,Benali,Anis,Particulier,Actif,Compte professionnel,34,Laghouat,Industrie,Crédit d'exploitation,11.6,43500.0,22400.0,256000.0,8100.0,36,8.85,81.0,0.723,0,1,15,2,54.4,-3600.0,110.6
BNA003777,Djelloul,Karim,Particulier,Actif,Compte courant,57,Alger,Industrie,Crédit d'investissement,5.3,67800.0,26900.0,698000.0,13700.0,60,6.58,13.5,0.702,0,0,0,0,30.1,-6800.0,63.5
BNA003778,Khelifi,Karim,Grande Entreprise,Actif,Compte épargne,27,Blida,Pharmacie,Crédit personnel,1.8,977900.0,706500.0,7163000.0,168300.0,48,6.02,76.6,0.231,1,2,90,2,43.9,1094900.0,71.4
BNA003779,Yahiaoui,Adel,PME,Actif,Compte professionnel,50,Annaba,Industrie,Crédit personnel,3.6,1553900.0,1055500.0,18258000.0,344900.0,60,5.05,91.1,0.172,3,1,30,1,37.4,-1896000.0,50.4
BNA003780,Nouri,Salim,Particulier,Actif,Compte courant,56,Laghouat,Transport,Crédit personnel,3.4,55000.0,23400.0,902000.0,40200.0,24,6.45,71.1,0.594,0,2,30,2,38.9,-8900.0,89.7
BNA003781,Mansouri,Nassim,Particulier,Actif,Compte courant,28,Blida,Pharmacie,Crédit personnel,6.0,137700.0,72500.0,615000.0,9700.0,72,4.26,68.2,0.24,3,2,60,3,31.4,-3300.0,0.0
BNA003782,Mebarki,Nassim,PME,Actif,Compte courant,52,Blida,Industrie,Crédit immobilier,6.4,551500.0,92600.0,7503000.0,126400.0,72,6.58,65.3,0.551,0,0,30,0,17.8,1839000.0,107.3
BNA003783,Saidi,Farid,Particulier,Actif,Compte courant,65,Tlemcen,Commerce,Crédit d'exploitation,10.0,94000.0,62500.0,594000.0,12100.0,60,8.27,76.8,0.251,1,3,90,2,46.2,49900.0,65.2
BNA003784,Mansouri,Adel,Particulier,Actif,Compte courant,29,Sétif,Agriculture,Crédit d'exploitation,20.0,132800.0,94300.0,1358000.0,23200.0,72,7.12,75.2,0.255,1,1,5,1,54.0,-138000.0,52.7
BNA003785,Chibani,Mohamed,Particulier,Actif,Compte entreprise,24,Blida,BTPH,Crédit d'investissement,14.9,79000.0,33100.0,317000.0,9900.0,36,7.75,59.7,0.577,3,0,0,2,47.9,58200.0,1.9
BNA003786,Saidi,Salim,Grande Entreprise,Actif,Compte épargne,65,Constantine,Services,Crédit équipement,12.8,1799700.0,1299500.0,7625000.0,146600.0,60,5.76,78.5,0.802,1,0,10,2,44.6,1964000.0,52.5
BNA003787,Larbi,Nassim,Particulier,Inactif,Compte épargne,27,Tlemcen,Pharmacie,Crédit personnel,3.5,51700.0,15000.0,369000.0,6300.0,72,7.32,7.0,0.886,0,0,0,0,16.3,76300.0,90.6
BNA003788,Belkacem,Sofiane,Particulier,Actif,Compte courant,60,Alger,Services,Crédit personnel,3.7,110800.0,78400.0,822000.0,25300.0,36,6.66,100.0,0.45,3,0,120,2,42.7,11400.0,45.5
BNA003789,Benali,Nabil,Particulier,Actif,Compte épargne,46,Blida,Industrie,Crédit équipement,9.3,54500.0,15000.0,344000.0,8200.0,48,6.56,47.4,0.797,0,0,0,0,15.9,164600.0,30.6
BNA003790,Touati,Adel,PME,Actif,Compte courant,62,Blida,Agriculture,Crédit d'exploitation,6.0,897800.0,211700.0,5487000.0,105400.0,60,5.72,28.3,0.874,0,0,0,0,22.0,2096300.0,88.6
BNA003791,Gacem,Tarek,PME,Actif,Compte entreprise,65,Blida,Commerce,Crédit d'investissement,3.9,452300.0,240300.0,2538000.0,54000.0,60,10.09,100.0,0.47,4,0,15,0,39.1,933800.0,46.5
BNA003792,Rahmani,Abdelkader,PME,Actif,Compte courant,33,Sétif,BTPH,Crédit immobilier,7.4,884900.0,442900.0,7194000.0,178600.0,48,8.88,73.1,0.527,1,3,30,1,65.3,-858500.0,39.0
BNA003793,Bensalem,Rachid,Particulier,Actif,Compte épargne,27,Tlemcen,Santé,Crédit personnel,9.0,262300.0,62900.0,4458000.0,86200.0,60,5.99,58.4,0.889,0,0,0,1,26.0,774200.0,121.7
BNA003794,Haddad,Walid,Grande Entreprise,Actif,Compte professionnel,53,Béjaïa,Services,Crédit d'exploitation,8.4,1447000.0,1047800.0,4865000.0,97800.0,60,7.62,45.7,0.295,5,2,30,1,28.6,3080300.0,42.0
BNA003795,Chibani,Kamel,Particulier,Actif,Compte courant,60,Djelfa,BTPH,Crédit immobilier,3.8,115800.0,15000.0,1653000.0,31800.0,60,5.74,26.0,0.81,1,0,0,0,19.7,-56300.0,73.3
BNA003796,Boudiaf,Amine,Particulier,Actif,Compte épargne,46,Sétif,Industrie,Crédit d'exploitation,6.0,116100.0,59300.0,1031000.0,23800.0,48,5.08,69.6,0.664,4,1,90,3,42.2,-120900.0,48.4
BNA003797,Meziane,Oussama,PME,Actif,Compte épargne,35,Djelfa,Agriculture,Crédit d'exploitation,6.5,455900.0,376800.0,1764000.0,40700.0,48,5.04,58.3,0.65,3,1,180,2,79.5,259600.0,20.0
BNA003798,Mansouri,Salim,Professionnel,Actif,Compte courant,46,Constantine,BTPH,Crédit d'investissement,10.1,212200.0,132000.0,2370000.0,102500.0,24,3.61,71.2,0.55,0,0,30,0,59.0,212000.0,87.2
BNA003799,Amrani,Anis,Particulier,Actif,Compte professionnel,37,Biskra,Santé,Crédit immobilier,12.2,133300.0,18700.0,1579000.0,47600.0,36,5.37,36.2,0.795,0,0,10,0,32.8,461600.0,148.2
BNA003800,Meziane,Islam,Professionnel,Actif,Compte professionnel,37,Annaba,Agriculture,Crédit immobilier,6.3,143900.0,101800.0,2104000.0,50300.0,48,6.93,81.2,0.464,2,0,45,4,54.3,111600.0,53.5
BNA003801,Hadji,Anis,Particulier,Actif,Compte épargne,30,Batna,Services,Crédit d'exploitation,4.9,68200.0,46600.0,361000.0,31100.0,12,6.18,98.5,0.244,1,2,30,2,58.9,35600.0,64.5
BNA003802,Belkacem,Zakaria,PME,Actif,Compte entreprise,29,Annaba,Industrie,Crédit équipement,5.3,550900.0,288100.0,10409000.0,302900.0,36,3.04,90.8,0.568,3,1,120,1,48.8,278900.0,76.1
BNA003803,Djelloul,Aymen,Particulier,Actif,Compte professionnel,59,Tlemcen,Services,Crédit d'investissement,4.8,72400.0,46300.0,800000.0,24800.0,36,7.34,93.2,0.387,1,0,60,0,41.3,3100.0,74.1
BNA003804,Amrani,Nabil,PME,Actif,Compte courant,45,Djelfa,Pharmacie,Crédit d'investissement,6.4,266500.0,161500.0,1772000.0,35000.0,60,6.95,88.4,0.593,0,0,120,2,37.9,96700.0,68.8
BNA003805,Belkacem,Nabil,Professionnel,Actif,Compte courant,38,Constantine,Pharmacie,Crédit équipement,3.9,349600.0,54200.0,2666000.0,62500.0,48,5.92,33.2,0.454,0,0,0,0,23.7,32400.0,137.6
BNA003806,Benyahia,Ahmed,Particulier,Actif,Compte courant,49,Batna,Services,Crédit d'exploitation,4.7,35100.0,19500.0,243000.0,5400.0,48,3.41,83.9,0.216,1,1,60,2,57.8,24500.0,51.0
BNA003807,Amrani,Tarek,Grande Entreprise,Actif,Compte courant,61,Batna,Agriculture,Crédit équipement,3.6,1297400.0,738900.0,5720000.0,122700.0,60,10.41,90.8,0.69,1,0,90,1,53.6,858800.0,70.8
BNA003808,Khelifi,Ahmed,PME,Actif,Compte professionnel,31,Laghouat,Agriculture,Crédit immobilier,4.5,1616400.0,424300.0,17308000.0,327700.0,60,5.13,27.0,0.869,0,0,0,0,23.1,3435300.0,59.9
BNA003809,Gacem,Abdelkader,Particulier,Actif,Compte professionnel,41,Laghouat,Agriculture,Crédit immobilier,4.8,88400.0,41000.0,664000.0,21500.0,36,10.11,87.7,0.093,5,6,15,2,60.4,117800.0,77.5
BNA003810,Benyahia,Ahmed,Professionnel,Actif,Compte professionnel,58,Biskra,Commerce,Crédit d'exploitation,8.9,53200.0,15800.0,516000.0,7300.0,84,5.19,42.8,0.845,0,0,0,0,27.2,223700.0,109.0
BNA003811,Touati,Amine,Particulier,Actif,Compte entreprise,56,Biskra,Services,Crédit d'exploitation,1.8,100200.0,23700.0,200000.0,4600.0,48,4.45,42.4,0.621,0,0,0,0,32.6,282600.0,111.3
BNA003812,Djelloul,Yacine,Particulier,Suspendu,Compte courant,25,Djelfa,Agriculture,Crédit équipement,5.9,107600.0,45200.0,1271000.0,30900.0,48,7.85,77.3,0.334,2,0,10,1,62.8,105800.0,92.5
BNA003813,Benyahia,Sofiane,Particulier,Actif,Compte épargne,30,Annaba,Transport,Crédit d'investissement,6.8,86800.0,53300.0,615000.0,27300.0,24,6.24,79.5,0.645,1,2,30,2,37.9,194800.0,75.4
BNA003814,Saidi,Zakaria,Grande Entreprise,Actif,Compte courant,60,Sétif,Pharmacie,Crédit d'exploitation,8.1,3435700.0,998700.0,33054000.0,999600.0,36,5.6,19.0,0.484,0,0,0,0,22.5,11842400.0,65.0
BNA003815,Benyahia,Tarek,Particulier,Actif,Compte épargne,36,Annaba,Agriculture,Crédit personnel,12.7,170800.0,55800.0,2001000.0,38300.0,60,5.56,72.8,0.349,1,3,15,2,46.5,392800.0,72.2
BNA003816,Amrani,Anis,PME,Actif,Compte courant,33,Sétif,Transport,Crédit d'investissement,8.4,443300.0,89600.0,3441000.0,70500.0,60,8.46,21.9,0.683,0,0,0,1,26.0,2192700.0,119.7
BNA003817,Larbi,Karim,Particulier,Actif,Compte courant,53,Annaba,Pharmacie,Crédit équipement,6.3,98900.0,15000.0,895000.0,16200.0,72,9.12,41.0,0.911,0,0,0,0,13.7,382800.0,117.1
BNA003818,Brahimi,Walid,Particulier,Actif,Compte entreprise,38,Alger,Services,Crédit d'exploitation,7.7,59700.0,19100.0,399000.0,8200.0,60,8.63,23.5,0.833,0,0,0,0,28.4,141400.0,137.4
BNA003819,Belaid,Nabil,Particulier,Actif,Compte courant,47,Djelfa,Santé,Crédit d'investissement,7.2,77300.0,34400.0,498000.0,9000.0,72,9.17,77.5,0.314,2,0,30,2,27.7,72700.0,73.1
BNA003820,Haddad,Sofiane,Particulier,Actif,Compte courant,48,Laghouat,BTPH,Crédit d'exploitation,1.5,104500.0,37000.0,602000.0,27600.0,24,9.53,8.2,0.945,0,0,0,0,18.6,224100.0,104.0
BNA003821,Amrani,Walid,Particulier,Actif,Compte courant,65,Biskra,BTPH,Crédit immobilier,5.6,141000.0,102200.0,980000.0,19900.0,60,8.02,65.0,0.295,4,1,60,2,24.8,106900.0,97.7
BNA003822,Amrani,Kamel,PME,Actif,Compte courant,56,Biskra,Industrie,Crédit immobilier,5.7,763400.0,294700.0,4702000.0,116800.0,48,8.92,100.0,0.313,0,2,45,0,44.6,295000.0,43.5
BNA003823,Benyahia,Imad,PME,Inactif,Compte épargne,65,Tlemcen,Industrie,Crédit d'investissement,6.7,573400.0,264200.0,6696000.0,196900.0,36,3.75,48.6,0.52,1,2,150,2,74.6,189100.0,71.0
BNA003824,Zerrouki,Abdelkader,Particulier,Actif,Compte épargne,34,Laghouat,Agriculture,Crédit d'investissement,4.9,86800.0,42600.0,563000.0,10600.0,60,4.96,91.9,0.597,2,0,60,1,49.6,-145500.0,97.4
BNA003825,Guediri,Riad,Particulier,Actif,Compte professionnel,46,Oran,Services,Crédit d'investissement,5.7,80600.0,24300.0,513000.0,22400.0,24,4.71,81.4,0.3,2,1,60,0,55.4,104100.0,69.3
BNA003826,Hadji,Islam,PME,Actif,Compte courant,56,Laghouat,Santé,Crédit équipement,3.7,479500.0,167800.0,1990000.0,44300.0,48,3.34,60.0,0.39,1,2,60,2,37.7,317600.0,48.4
BNA003827,Benali,Nabil,PME,Actif,Compte épargne,43,Biskra,Transport,Crédit d'investissement,2.8,1054000.0,571700.0,3883000.0,80800.0,60,9.12,52.3,0.442,1,1,120,2,40.2,883100.0,73.4
BNA003828,Mansouri,Aymen,Particulier,Actif,Compte entreprise,55,Annaba,Commerce,Crédit d'exploitation,2.8,35000.0,15600.0,322000.0,7700.0,48,6.96,83.7,0.39,5,2,90,1,40.4,56800.0,75.6
BNA003829,Chibani,Ilyes,Particulier,Actif,Compte courant,45,Biskra,BTPH,Crédit immobilier,7.1,108800.0,75300.0,1021000.0,23300.0,48,4.62,68.6,0.165,3,0,30,1,71.9,96300.0,53.8
BNA003830,Belaid,Mourad,Professionnel,Inactif,Compte épargne,25,Oran,Santé,Crédit personnel,8.6,183700.0,80900.0,1550000.0,32500.0,60,9.39,77.3,0.665,1,1,90,3,66.7,-16400.0,52.0
BNA003831,Mansouri,Ibrahim,Grande Entreprise,Actif,Compte courant,31,Annaba,Santé,Crédit personnel,7.9,974900.0,466000.0,2531000.0,79100.0,36,7.79,85.7,0.367,3,0,120,1,45.4,-1031300.0,110.9
BNA003832,Hadji,Sofiane,Professionnel,Actif,Compte courant,48,Tlemcen,Transport,Crédit d'exploitation,3.3,97300.0,41400.0,1527000.0,45100.0,36,4.08,22.0,0.817,0,1,0,0,44.5,204400.0,115.8
BNA003833,Djelloul,Zakaria,PME,Actif,Compte courant,64,Constantine,Transport,Crédit immobilier,5.4,535300.0,222400.0,2191000.0,68300.0,36,7.67,69.4,0.721,2,2,120,2,56.9,228900.0,33.3
BNA003834,Brahimi,Riad,Particulier,Actif,Compte professionnel,24,Alger,Santé,Crédit équipement,4.5,147700.0,94700.0,592000.0,15000.0,48,9.82,66.5,0.391,8,1,45,0,51.8,88700.0,58.1
BNA003835,Hadji,Nassim,Professionnel,Actif,Compte entreprise,59,Alger,Agriculture,Crédit équipement,10.1,71500.0,31100.0,523000.0,24100.0,24,9.94,93.3,0.236,1,1,45,2,45.3,103400.0,104.0
BNA003836,Hadji,Farid,Particulier,Actif,Compte épargne,63,Djelfa,Santé,Crédit personnel,10.4,110400.0,77400.0,609000.0,12200.0,60,7.66,85.4,0.838,1,2,0,0,48.4,72700.0,49.0
BNA003837,Ferhat,Ahmed,Professionnel,Actif,Compte épargne,52,Alger,Transport,Crédit d'investissement,7.6,144400.0,73100.0,1018000.0,46400.0,24,8.74,63.8,0.374,2,1,30,1,44.0,333500.0,101.4
BNA003838,Belkacem,Mourad,PME,Actif,Compte courant,30,Tlemcen,Transport,Crédit d'exploitation,20.0,441900.0,332800.0,9215000.0,268000.0,36,3.0,51.5,0.449,1,1,5,2,12.0,154600.0,73.7
BNA003839,Saidi,Ahmed,Professionnel,Actif,Compte courant,53,Annaba,Transport,Crédit personnel,2.6,147100.0,20500.0,1767000.0,53800.0,36,6.04,31.6,0.841,0,0,0,0,22.3,462700.0,143.3
BNA003840,Gacem,Bilal,PME,Actif,Compte entreprise,40,Batna,Pharmacie,Crédit d'exploitation,9.7,987800.0,517200.0,7049000.0,127900.0,72,9.23,21.9,0.949,0,0,0,0,20.8,2076400.0,64.9
BNA003841,Amrani,Ahmed,Professionnel,Suspendu,Compte courant,32,Alger,Santé,Crédit personnel,7.3,177100.0,79600.0,1233000.0,23000.0,60,4.51,46.0,0.197,2,1,45,0,34.7,410400.0,87.0
BNA003842,Mebarki,Oussama,Particulier,Actif,Compte entreprise,63,Biskra,Transport,Crédit équipement,2.4,107600.0,46200.0,1244000.0,22900.0,60,3.93,76.6,0.303,1,0,90,2,30.4,51500.0,90.4
BNA003843,Benali,Mohamed,Particulier,Actif,Compte épargne,31,Biskra,Industrie,Crédit équipement,5.0,86700.0,42500.0,439000.0,8500.0,60,6.16,57.8,0.512,0,1,60,0,20.4,123000.0,76.1
BNA003844,Brahimi,Adel,Professionnel,Actif,Compte épargne,36,Oran,Industrie,Crédit personnel,2.2,192800.0,109600.0,1892000.0,45200.0,48,6.86,69.5,0.613,1,2,60,4,35.1,45100.0,58.2
BNA003845,Hadji,Salim,Particulier,Actif,Compte courant,58,Biskra,Pharmacie,Crédit d'investissement,6.2,109900.0,19100.0,657000.0,10500.0,72,4.81,54.2,0.952,0,0,0,1,17.6,221800.0,66.7
BNA003846,Zerrouki,Karim,PME,Actif,Compte courant,37,Djelfa,Transport,Crédit immobilier,4.3,874400.0,507400.0,8190000.0,166100.0,60,8.0,71.9,0.599,2,1,120,2,16.4,200400.0,32.3
BNA003847,Guediri,Yacine,Particulier,Inactif,Compte courant,42,Tlemcen,Commerce,Crédit d'investissement,11.2,59000.0,36000.0,370000.0,10900.0,36,3.6,87.7,0.226,0,0,60,2,33.6,-48800.0,101.2
BNA003848,Mokhtar,Tarek,Professionnel,Actif,Compte courant,42,Djelfa,Pharmacie,Crédit personnel,0.8,100300.0,68800.0,879000.0,13500.0,72,3.4,75.6,0.31,2,1,60,3,35.8,-183900.0,60.8
BNA003849,Saidi,Bilal,Particulier,Actif,Compte entreprise,64,Biskra,Transport,Crédit équipement,7.6,112200.0,61300.0,1000000.0,20000.0,60,7.35,29.5,0.658,0,0,0,1,24.6,147800.0,109.1
BNA003850,Belaid,Ibrahim,Grande Entreprise,Actif,Compte professionnel,43,Biskra,Agriculture,Crédit personnel,8.5,772400.0,586600.0,3423000.0,78200.0,48,4.62,82.1,0.337,2,3,90,2,30.9,-945400.0,54.4
BNA003851,Mebarki,Abdelkader,Particulier,Actif,Compte courant,24,Djelfa,Commerce,Crédit d'exploitation,20.0,41700.0,23300.0,307000.0,5600.0,60,3.8,81.7,0.196,3,0,30,0,47.0,20600.0,36.1
BNA003852,Haddad,Zakaria,PME,Actif,Compte courant,48,Annaba,Agriculture,Crédit d'investissement,7.0,490800.0,128200.0,6128000.0,139600.0,48,4.44,2.0,0.759,0,0,0,0,16.2,1254200.0,87.0
BNA003853,Meziane,Youcef,PME,Actif,Compte entreprise,32,Biskra,Pharmacie,Crédit d'exploitation,20.0,350100.0,193700.0,4647000.0,85900.0,72,9.93,84.3,0.483,1,1,90,2,35.6,-173500.0,53.3
BNA003854,Boudiaf,Ilyes,Particulier,Actif,Compte professionnel,30,Biskra,Services,Crédit d'exploitation,3.1,35000.0,21800.0,313000.0,4900.0,84,7.91,86.0,0.611,1,2,0,0,49.6,-42900.0,55.3
BNA003855,Gacem,Amine,PME,Actif,Compte entreprise,44,Djelfa,Services,Crédit immobilier,3.8,2106800.0,1455600.0,21141000.0,441500.0,60,9.26,85.3,0.351,0,0,5,1,38.5,754900.0,29.1
BNA003856,Guediri,Salim,Particulier,Actif,Compte professionnel,39,Constantine,Santé,Crédit immobilier,4.1,94800.0,51100.0,835000.0,20900.0,48,9.23,69.0,0.177,2,0,10,2,29.4,-300.0,97.1
BNA003857,Mebarki,Tarek,Particulier,Actif,Compte courant,57,Annaba,Pharmacie,Crédit d'investissement,7.3,80600.0,27400.0,630000.0,11700.0,60,4.48,9.1,0.989,2,0,10,0,23.3,285500.0,83.9
BNA003858,Rahmani,Imad,Particulier,Actif,Compte professionnel,39,Alger,Transport,Crédit équipement,13.6,64700.0,20900.0,584000.0,10400.0,72,8.7,50.5,0.843,2,0,0,1,22.7,260000.0,80.3
BNA003859,Khelifi,Islam,PME,Actif,Compte courant,29,Batna,Industrie,Crédit immobilier,10.4,999100.0,580300.0,7195000.0,164300.0,48,4.58,52.4,0.473,4,1,90,2,48.3,-475400.0,50.1
BNA003860,Saidi,Farid,PME,Actif,Compte courant,44,Tlemcen,Services,Crédit immobilier,2.1,869500.0,268300.0,3491000.0,107400.0,36,6.76,18.3,0.622,0,0,10,0,4.0,935900.0,113.9
BNA003861,Dahmani,Riad,PME,Actif,Compte courant,55,Alger,Services,Crédit immobilier,7.0,462100.0,306000.0,2862000.0,57100.0,60,7.29,68.3,0.14,1,1,90,1,58.2,650000.0,82.5
BNA003862,Benali,Tarek,Particulier,Actif,Compte professionnel,59,Constantine,Industrie,Crédit équipement,7.1,104300.0,66100.0,597000.0,8500.0,84,5.34,77.8,0.555,1,1,60,1,43.2,-7500.0,81.8
BNA003863,Yahiaoui,Anis,Particulier,Actif,Compte courant,46,Batna,Industrie,Crédit équipement,20.0,63200.0,27800.0,365000.0,6600.0,60,3.52,77.1,0.212,2,1,60,2,30.8,-16900.0,40.5
BNA003864,Bensalem,Karim,PME,Actif,Compte épargne,41,Laghouat,Commerce,Crédit d'exploitation,8.6,1112300.0,689800.0,6419000.0,158300.0,48,8.54,90.9,0.236,1,1,60,0,24.3,2095000.0,46.2
BNA003865,Belaid,Yacine,Particulier,Actif,Compte courant,55,Tlemcen,Transport,Crédit d'investissement,4.1,96200.0,18200.0,576000.0,10800.0,72,10.35,14.9,0.912,0,0,0,0,35.9,186500.0,26.0
BNA003866,Saidi,Karim,Particulier,Actif,Compte courant,53,Blida,Services,Crédit d'exploitation,12.7,148000.0,109500.0,2027000.0,32200.0,84,8.59,63.9,0.372,2,0,10,1,53.5,266200.0,76.4
BNA003867,Ferhat,Sofiane,Grande Entreprise,Actif,Compte courant,30,Tlemcen,Pharmacie,Crédit d'investissement,5.9,1782900.0,696100.0,9962000.0,190100.0,60,5.47,75.2,0.699,2,1,15,2,32.0,2449000.0,95.5
BNA003868,Ferhat,Ibrahim,Particulier,Actif,Compte épargne,42,Oran,Pharmacie,Crédit équipement,9.8,62000.0,39800.0,593000.0,14200.0,48,7.12,64.0,0.467,2,1,30,2,34.8,-53500.0,71.2
BNA003869,Amrani,Abdelkader,Particulier,Suspendu,Compte professionnel,39,Djelfa,Agriculture,Crédit équipement,9.5,95000.0,63800.0,479000.0,12100.0,48,9.63,93.8,0.662,2,1,30,2,46.6,-2000.0,76.6
BNA003870,Rahmani,Oussama,PME,Actif,Compte courant,50,Sétif,Industrie,Crédit personnel,2.8,414800.0,125200.0,1400000.0,21900.0,72,3.93,37.0,0.89,0,0,10,0,27.6,1299600.0,71.1
BNA003871,Mebarki,Ibrahim,PME,Actif,Compte courant,26,Béjaïa,Commerce,Crédit d'investissement,1.8,735000.0,98500.0,3133000.0,59600.0,60,5.35,28.4,0.752,0,0,0,1,6.4,2520600.0,122.8
BNA003872,Boudiaf,Amine,Particulier,Actif,Compte courant,47,Constantine,Santé,Crédit personnel,20.0,80800.0,49400.0,812000.0,16100.0,60,7.11,66.8,0.72,0,0,0,1,47.4,100.0,98.8
BNA003873,Larbi,Adel,Particulier,Actif,Compte courant,39,Tlemcen,Services,Crédit d'exploitation,2.6,94500.0,43100.0,1094000.0,23400.0,60,10.32,100.0,0.619,3,1,180,3,31.7,-96300.0,40.5
BNA003874,Amrani,Imad,Particulier,Actif,Compte professionnel,51,Blida,Services,Crédit d'investissement,7.6,129700.0,93400.0,502000.0,11500.0,48,4.84,77.0,0.141,4,0,30,1,66.4,72100.0,54.4
BNA003875,Belaid,Aymen,PME,Actif,Compte courant,53,Constantine,Industrie,Crédit immobilier,3.8,1420700.0,808100.0,19114000.0,448100.0,48,5.91,78.6,0.51,4,1,5,0,56.8,3311200.0,62.3
BNA003876,Khelifi,Nassim,PME,Actif,Compte entreprise,56,Oran,Agriculture,Crédit d'exploitation,8.0,575900.0,254000.0,3095000.0,51400.0,84,10.01,67.5,0.244,2,0,90,0,42.4,-321900.0,69.2
BNA003877,Haddad,Samir,Particulier,Actif,Compte entreprise,47,Annaba,Services,Crédit d'investissement,9.1,146500.0,93500.0,956000.0,23600.0,48,8.52,78.0,0.74,2,1,15,3,30.1,-59600.0,47.6
BNA003878,Dahmani,Rachid,Particulier,Actif,Compte entreprise,24,Biskra,Industrie,Crédit immobilier,1.5,155400.0,18900.0,1707000.0,26100.0,72,3.2,65.1,0.396,0,0,0,0,18.2,203100.0,45.2
BNA003879,Dahmani,Farid,Particulier,Actif,Compte courant,32,Oran,Commerce,Crédit personnel,3.2,91100.0,25600.0,1079000.0,21100.0,60,6.48,23.7,0.822,2,1,0,1,37.5,303900.0,55.6
BNA003880,Slimani,Nabil,Particulier,Actif,Compte courant,55,Laghouat,Transport,Crédit équipement,6.5,99200.0,45500.0,1645000.0,50200.0,36,6.2,91.6,0.232,2,1,120,2,45.1,-71400.0,107.5
BNA003881,Bensalem,Oussama,Particulier,Actif,Compte courant,48,Constantine,Pharmacie,Crédit personnel,5.8,99400.0,29300.0,1492000.0,33300.0,48,3.37,2.0,0.837,0,0,0,0,21.5,544000.0,113.8
BNA003882,Hadji,Ahmed,PME,Actif,Compte professionnel,56,Tlemcen,Commerce,Crédit personnel,7.2,1770400.0,145700.0,11901000.0,534000.0,24,7.22,10.7,0.52,0,0,0,0,4.0,2473500.0,114.2
BNA003883,Haddad,Imad,PME,Actif,Compte professionnel,33,Oran,Santé,Crédit d'exploitation,1.6,1729400.0,616700.0,5057000.0,113500.0,48,3.7,88.1,0.176,4,0,120,2,50.7,2720300.0,11.0
BNA003884,Brahimi,Amine,Particulier,Actif,Compte courant,50,Béjaïa,Services,Crédit immobilier,6.5,78600.0,45600.0,708000.0,14500.0,60,8.33,69.4,0.0,2,1,5,0,42.5,25100.0,93.1
BNA003885,Touati,Salim,Particulier,Actif,Compte courant,37,Constantine,Agriculture,Crédit d'investissement,9.2,75000.0,15000.0,802000.0,23700.0,36,3.95,53.1,0.881,0,0,0,1,15.5,229300.0,167.3
BNA003886,Bensalem,Adel,Professionnel,Actif,Compte courant,28,Constantine,Pharmacie,Crédit immobilier,8.2,110700.0,44600.0,1084000.0,20000.0,60,4.08,62.3,0.312,1,1,45,2,27.6,-251700.0,36.3
BNA003887,Guediri,Salim,Particulier,Actif,Compte courant,58,Oran,Commerce,Crédit d'investissement,9.4,64300.0,52900.0,278000.0,6300.0,48,4.36,76.7,0.298,0,1,10,2,45.1,15700.0,86.6
BNA003888,Zerrouki,Hichem,Particulier,Actif,Compte entreprise,65,Béjaïa,Commerce,Crédit d'exploitation,11.3,107500.0,37300.0,1071000.0,27400.0,48,10.41,56.5,0.194,2,0,120,2,29.0,-81000.0,81.6
BNA003889,Meziane,Tarek,Particulier,Actif,Compte courant,59,Biskra,Agriculture,Crédit personnel,4.5,101100.0,58800.0,875000.0,13300.0,72,3.03,65.5,0.201,4,1,30,2,65.9,-33700.0,95.4
BNA003890,Slimani,Nassim,PME,Actif,Compte courant,43,Laghouat,Pharmacie,Crédit équipement,9.8,672500.0,241400.0,3275000.0,59500.0,60,3.47,76.4,0.631,1,1,45,0,47.9,190500.0,62.5
BNA003891,Larbi,Salim,Particulier,Actif,Compte courant,28,Alger,Agriculture,Crédit d'investissement,2.9,94100.0,44900.0,470000.0,14800.0,36,8.47,54.3,0.196,4,1,60,0,36.5,37800.0,110.1
BNA003892,Nouri,Hichem,Particulier,Actif,Compte courant,56,Batna,BTPH,Crédit d'investissement,6.7,98400.0,36600.0,1453000.0,32900.0,48,4.08,18.4,0.762,0,0,10,0,21.4,125100.0,89.5
BNA003893,Zerrouki,Ahmed,Particulier,Actif,Compte entreprise,57,Laghouat,Services,Crédit équipement,15.0,52700.0,15000.0,469000.0,11500.0,48,8.19,19.6,0.834,0,0,0,0,22.7,204700.0,101.9
BNA003894,Benyahia,Farid,Particulier,Actif,Compte entreprise,45,Blida,Pharmacie,Crédit personnel,11.3,49400.0,23900.0,200000.0,4500.0,48,3.59,63.0,0.293,1,1,180,3,45.6,40100.0,59.6
BNA003895,Meziane,Adel,Particulier,Actif,Compte courant,29,Biskra,Commerce,Crédit d'exploitation,11.0,73300.0,41600.0,521000.0,8000.0,72,3.48,81.9,0.447,1,1,60,2,46.3,-19100.0,99.1
BNA003896,Hadji,Farid,Particulier,Actif,Compte courant,28,Djelfa,Santé,Crédit d'exploitation,3.8,100500.0,73800.0,763000.0,14000.0,60,3.94,86.8,0.581,7,3,30,4,49.5,-27200.0,96.0
BNA003897,Mebarki,Nabil,Particulier,Actif,Compte courant,35,Alger,BTPH,Crédit d'exploitation,6.6,35000.0,15000.0,314000.0,9400.0,36,4.84,59.3,0.269,0,0,0,3,41.6,-39800.0,59.1
BNA003898,Benyahia,Mohamed,Particulier,Actif,Compte courant,43,Batna,Santé,Crédit personnel,7.6,101400.0,45600.0,2622000.0,40500.0,84,7.73,19.4,0.694,0,0,0,0,16.7,285900.0,103.0
BNA003899,Gacem,Ilyes,Particulier,Actif,Compte entreprise,50,Sétif,BTPH,Crédit d'exploitation,9.1,276500.0,190400.0,1029000.0,15400.0,84,6.69,87.0,0.317,2,0,0,4,40.9,-417600.0,54.2
BNA003900,Touati,Karim,Particulier,Actif,Compte professionnel,55,Béjaïa,Agriculture,Crédit d'investissement,3.2,35000.0,20000.0,200000.0,4300.0,60,10.11,81.2,0.221,4,0,90,3,47.2,3100.0,97.5
BNA003901,Chibani,Adel,Particulier,Actif,Compte courant,24,Batna,Transport,Crédit d'investissement,8.7,123700.0,55900.0,865000.0,14200.0,72,5.59,56.6,0.583,0,0,10,0,61.7,84400.0,81.6
BNA003902,Slimani,Farid,PME,Actif,Compte courant,61,Annaba,Agriculture,Crédit d'investissement,17.1,1189400.0,663000.0,13657000.0,233800.0,72,7.15,84.3,0.487,2,0,5,0,51.3,-1094300.0,32.4
BNA003903,Djelloul,Imad,Particulier,Actif,Compte entreprise,41,Laghouat,Agriculture,Crédit équipement,4.3,122500.0,56700.0,894000.0,19100.0,60,10.2,96.0,0.617,4,0,60,2,60.5,-74400.0,34.5
BNA003904,Dahmani,Hichem,Particulier,Actif,Compte entreprise,23,Sétif,BTPH,Crédit d'exploitation,18.3,67000.0,27900.0,604000.0,12800.0,60,9.97,66.4,0.253,0,0,5,1,34.5,69000.0,101.5
BNA003905,Touati,Farid,Particulier,Actif,Compte courant,35,Laghouat,Pharmacie,Crédit personnel,1.9,57600.0,15000.0,289000.0,6900.0,48,6.69,41.4,0.974,0,0,0,0,36.7,127300.0,115.9
BNA003906,Amrani,Nassim,PME,Actif,Compte courant,25,Djelfa,Industrie,Crédit personnel,5.7,559000.0,239100.0,2900000.0,68000.0,48,5.93,60.5,0.363,0,2,90,3,13.9,742300.0,106.0
BNA003907,Benyahia,Hichem,Particulier,Actif,Compte courant,58,Béjaïa,Commerce,Crédit d'investissement,8.9,44600.0,22700.0,425000.0,9600.0,48,4.14,87.7,0.326,1,1,180,4,64.2,61100.0,97.1
BNA003908,Djelloul,Islam,Particulier,Actif,Compte courant,43,Alger,Transport,Crédit personnel,3.5,100400.0,66700.0,1288000.0,110100.0,12,4.71,78.0,0.35,3,2,120,3,54.6,77400.0,7.2
BNA003909,Boudiaf,Rachid,PME,Actif,Compte courant,61,Tlemcen,Pharmacie,Crédit d'exploitation,3.8,628300.0,162700.0,19645000.0,435100.0,48,3.03,43.4,0.779,0,0,0,1,30.2,1613500.0,71.7
BNA003910,Yahiaoui,Youcef,Professionnel,Actif,Compte courant,60,Oran,BTPH,Crédit immobilier,7.4,223000.0,135600.0,2588000.0,63000.0,48,7.84,96.6,0.309,1,1,90,1,43.2,-94000.0,88.7
BNA003911,Cherif,Zakaria,Particulier,Actif,Compte entreprise,45,Laghouat,Agriculture,Crédit personnel,2.7,55300.0,37500.0,303000.0,5900.0,60,6.42,79.4,0.486,0,0,90,3,37.5,56600.0,20.4
BNA003912,Brahimi,Rachid,Particulier,Actif,Compte courant,55,Biskra,Santé,Crédit d'investissement,8.2,170400.0,34300.0,3539000.0,163500.0,24,10.14,12.1,0.658,0,0,0,0,31.5,294800.0,74.5
BNA003913,Chibani,Anis,Particulier,Actif,Compte courant,26,Béjaïa,Services,Crédit d'investissement,13.4,117000.0,21600.0,922000.0,14200.0,72,3.42,19.8,0.795,0,0,15,0,35.8,412900.0,189.0
BNA003914,Slimani,Yacine,PME,Actif,Compte courant,28,Batna,Commerce,Crédit personnel,7.5,855700.0,186500.0,5794000.0,124500.0,60,10.48,43.7,0.343,0,0,0,0,27.5,4029000.0,200.0
BNA003915,Benali,Hichem,Professionnel,Actif,Compte courant,59,Laghouat,Pharmacie,Crédit d'investissement,1.5,241400.0,117300.0,1558000.0,48800.0,36,7.97,62.2,0.426,2,0,30,2,41.3,418800.0,85.8
BNA003916,Boudiaf,Ilyes,Professionnel,Actif,Compte épargne,38,Laghouat,Pharmacie,Crédit d'exploitation,1.4,311300.0,99600.0,3629000.0,159900.0,24,5.45,42.7,0.695,0,0,0,1,9.8,297900.0,79.0
BNA003917,Belkacem,Islam,Professionnel,Actif,Compte entreprise,25,Biskra,Transport,Crédit équipement,2.3,122600.0,50100.0,1484000.0,28000.0,60,5.03,24.1,0.804,0,0,0,1,12.8,186800.0,89.0
BNA003918,Gacem,Anis,Professionnel,Actif,Compte courant,43,Batna,BTPH,Crédit personnel,2.3,233900.0,111700.0,2800000.0,38000.0,84,3.81,56.1,0.427,1,0,90,5,20.3,-37400.0,35.4
BNA003919,Brahimi,Samir,Particulier,Actif,Compte courant,54,Alger,Industrie,Crédit personnel,11.1,61200.0,30300.0,505000.0,10100.0,60,7.52,68.4,0.36,0,0,120,0,30.7,-17000.0,66.8
BNA003920,Hadji,Aymen,Particulier,Actif,Compte professionnel,41,Batna,Commerce,Crédit personnel,8.3,90400.0,60300.0,401000.0,8200.0,60,8.6,73.7,0.604,0,3,45,2,68.5,45200.0,69.7
BNA003921,Chibani,Hichem,Grande Entreprise,Actif,Compte épargne,54,Batna,BTPH,Crédit d'exploitation,14.1,2637900.0,1449700.0,36392000.0,607900.0,72,6.28,89.4,0.497,0,0,10,1,33.3,770400.0,126.3
BNA003922,Brahimi,Imad,Particulier,Actif,Compte courant,36,Tlemcen,Pharmacie,Crédit équipement,12.4,56800.0,34100.0,200000.0,5100.0,48,10.2,91.1,0.46,1,0,30,0,54.3,34500.0,65.2
BNA003923,Zerrouki,Nabil,PME,Actif,Compte entreprise,41,Biskra,BTPH,Crédit équipement,5.3,958800.0,229700.0,23201000.0,355500.0,84,7.47,38.7,0.88,0,0,0,0,24.9,2440200.0,58.6
BNA003924,Benali,Youcef,Particulier,Actif,Compte courant,30,Oran,Santé,Crédit immobilier,1.5,53000.0,27800.0,534000.0,8300.0,84,7.79,31.2,0.34,0,2,30,1,46.5,38000.0,41.7
BNA003925,Meziane,Hichem,Particulier,Actif,Compte entreprise,36,Laghouat,Industrie,Crédit d'investissement,6.1,144700.0,15000.0,901000.0,29200.0,36,10.28,15.1,0.614,0,0,0,0,19.3,445200.0,121.8
BNA003926,Hadji,Rachid,Particulier,Actif,Compte professionnel,46,Laghouat,Agriculture,Crédit immobilier,5.7,47200.0,31000.0,261000.0,8000.0,36,6.28,73.5,0.324,2,0,90,3,77.7,39300.0,40.3
BNA003927,Cherif,Nassim,Particulier,Actif,Compte épargne,29,Annaba,Commerce,Crédit d'investissement,5.8,124400.0,67600.0,680000.0,13000.0,60,5.69,93.5,0.329,2,0,5,1,41.2,233000.0,55.7
BNA003928,Chibani,Mohamed,Professionnel,Actif,Compte courant,54,Laghouat,Commerce,Crédit d'exploitation,3.4,275800.0,64300.0,2026000.0,35500.0,72,7.93,83.6,0.855,0,0,45,6,59.1,111000.0,101.8
BNA003929,Guediri,Amine,Particulier,Actif,Compte entreprise,40,Tlemcen,BTPH,Crédit personnel,4.1,48300.0,38400.0,200000.0,5000.0,48,9.59,52.0,0.109,1,2,180,1,59.0,800.0,74.5
BNA003930,Larbi,Farid,Particulier,Actif,Compte courant,48,Laghouat,Pharmacie,Crédit personnel,0.9,100500.0,37800.0,884000.0,17400.0,60,6.67,51.2,0.479,0,0,0,0,18.3,274500.0,170.3
BNA003931,Ferhat,Zakaria,Grande Entreprise,Actif,Compte épargne,56,Laghouat,Pharmacie,Crédit d'exploitation,6.3,1510700.0,684700.0,3632000.0,109000.0,36,5.06,68.4,0.603,1,0,150,2,42.8,1360300.0,70.5
BNA003932,Hadji,Rachid,Professionnel,Inactif,Compte courant,29,Alger,Santé,Crédit d'investissement,4.5,47300.0,36700.0,431000.0,6800.0,84,8.24,77.5,0.386,3,0,60,2,15.5,36000.0,44.6
BNA003933,Khelifi,Riad,Particulier,Actif,Compte professionnel,51,Annaba,BTPH,Crédit immobilier,11.6,39600.0,25100.0,200000.0,4700.0,48,5.89,91.6,0.148,0,1,5,2,29.2,-46900.0,89.5
BNA003934,Dahmani,Farid,Particulier,Inactif,Compte courant,30,Laghouat,Santé,Crédit personnel,12.1,91400.0,64400.0,1084000.0,18100.0,72,6.36,73.2,0.416,4,0,60,3,40.8,58000.0,87.9
BNA003935,Zerrouki,Abdelkader,Particulier,Actif,Compte professionnel,24,Biskra,Agriculture,Crédit d'investissement,17.6,181000.0,67800.0,1225000.0,23600.0,60,5.81,50.5,0.595,0,1,45,2,21.2,-241100.0,46.4
BNA003936,Dahmani,Anis,Particulier,Actif,Compte courant,30,Oran,Santé,Crédit d'exploitation,9.6,112000.0,67600.0,968000.0,21500.0,48,3.26,63.9,0.363,2,1,60,2,39.7,-5600.0,79.5
BNA003937,Zerrouki,Ilyes,PME,Actif,Compte courant,36,Annaba,Transport,Crédit immobilier,2.4,1034400.0,523300.0,6757000.0,170100.0,48,9.6,87.1,0.702,2,0,15,6,23.6,1417600.0,97.3
BNA003938,Cherif,Nabil,Particulier,Actif,Compte épargne,41,Annaba,Pharmacie,Crédit d'exploitation,3.8,67200.0,51700.0,432000.0,7700.0,72,8.39,94.6,0.502,1,1,120,0,43.6,123400.0,54.3
BNA003939,Benali,Adel,PME,Actif,Compte épargne,33,Annaba,Services,Crédit personnel,5.7,952400.0,642100.0,12137000.0,183000.0,84,6.97,56.5,0.214,2,2,45,2,38.3,59500.0,0.0
BNA003940,Zerrouki,Yacine,PME,Actif,Compte professionnel,56,Blida,Services,Crédit d'exploitation,10.0,683200.0,303800.0,4163000.0,128100.0,36,6.77,82.2,0.066,1,0,180,1,36.2,-609600.0,63.5
BNA003941,Nouri,Zakaria,PME,Actif,Compte entreprise,31,Tlemcen,Pharmacie,Crédit personnel,7.9,590800.0,287300.0,4548000.0,135500.0,36,4.61,67.6,0.351,2,2,30,1,58.9,532100.0,92.0
BNA003942,Touati,Anis,Particulier,Actif,Compte épargne,34,Oran,Commerce,Crédit d'exploitation,11.4,115000.0,22700.0,358000.0,31300.0,12,8.71,52.2,0.845,0,0,0,0,16.8,184400.0,126.2
BNA003943,Djelloul,Samir,Professionnel,Actif,Compte entreprise,55,Biskra,Commerce,Crédit équipement,2.3,399600.0,151500.0,2912000.0,69800.0,48,7.08,80.2,0.475,0,0,150,0,33.4,200900.0,25.5
BNA003944,Chibani,Karim,PME,Actif,Compte professionnel,58,Oran,Pharmacie,Crédit personnel,8.5,541700.0,343400.0,2986000.0,54300.0,60,3.47,80.9,0.479,2,1,0,0,33.3,121900.0,42.0
BNA003945,Chibani,Yacine,Professionnel,Actif,Compte courant,42,Alger,Transport,Crédit personnel,3.2,293500.0,113600.0,4637000.0,92900.0,60,7.48,82.5,0.295,4,0,60,3,47.2,202200.0,111.7
BNA003946,Benali,Yacine,Particulier,Actif,Compte courant,25,Oran,Services,Crédit d'investissement,0.7,43200.0,25600.0,472000.0,9800.0,60,8.87,91.4,0.361,3,3,60,3,40.7,-10200.0,49.4
BNA003947,Amrani,Sofiane,Grande Entreprise,Actif,Compte courant,28,Djelfa,Agriculture,Crédit immobilier,4.5,711400.0,426300.0,1459000.0,29400.0,60,7.73,71.6,0.746,0,1,10,2,52.2,-1781500.0,81.4
BNA003948,Khelifi,Samir,Particulier,Actif,Compte épargne,53,Blida,Pharmacie,Crédit d'investissement,2.7,56400.0,15000.0,616000.0,10100.0,72,5.64,29.7,0.761,0,0,5,0,18.5,129800.0,88.8
BNA003949,Saidi,Mourad,Particulier,Actif,Compte professionnel,50,Blida,Industrie,Crédit d'investissement,2.7,84200.0,54300.0,378000.0,33300.0,12,10.43,34.7,0.205,2,1,0,2,50.8,-37500.0,48.7
BNA003950,Belaid,Kamel,PME,Actif,Compte épargne,27,Tlemcen,Pharmacie,Crédit d'investissement,5.7,540000.0,354700.0,1684000.0,33800.0,60,7.57,84.1,0.502,1,2,15,3,15.1,1403800.0,107.3
BNA003951,Gacem,Oussama,Particulier,Actif,Compte courant,38,Annaba,Agriculture,Crédit personnel,3.4,52000.0,24100.0,625000.0,11800.0,60,5.1,83.7,0.403,0,0,0,4,37.7,27300.0,95.3
BNA003952,Gacem,Abdelkader,Particulier,Actif,Compte courant,52,Biskra,BTPH,Crédit équipement,12.0,59600.0,27300.0,321000.0,9600.0,36,4.56,94.2,0.461,1,2,30,2,53.9,48300.0,51.8
BNA003953,Belkacem,Walid,Particulier,Actif,Compte épargne,63,Béjaïa,Commerce,Crédit équipement,7.5,99800.0,37500.0,467000.0,7200.0,72,3.33,79.1,0.525,0,1,45,0,31.2,122600.0,82.1
BNA003954,Mebarki,Bilal,Particulier,Actif,Compte entreprise,44,Annaba,Transport,Crédit d'exploitation,0.7,167400.0,113000.0,996000.0,20500.0,60,8.56,98.0,0.309,2,0,120,0,50.9,103300.0,54.1
BNA003955,Boudiaf,Hichem,Grande Entreprise,Actif,Compte professionnel,39,Sétif,Santé,Crédit d'investissement,8.4,2146100.0,1495700.0,5442000.0,121400.0,48,3.39,88.2,0.584,1,2,30,1,65.8,859600.0,111.0
BNA003956,Mokhtar,Ilyes,PME,Actif,Compte courant,24,Tlemcen,Commerce,Crédit immobilier,9.6,205100.0,128100.0,1272000.0,57600.0,24,8.18,84.8,0.224,1,0,45,4,57.8,263000.0,24.9
BNA003957,Dahmani,Mohamed,Professionnel,Actif,Compte courant,23,Laghouat,Industrie,Crédit équipement,4.7,70000.0,15000.0,1233000.0,16800.0,84,3.83,32.6,0.381,0,0,0,0,28.5,214800.0,146.4
BNA003958,Hadji,Imad,Professionnel,Actif,Compte courant,38,Laghouat,Transport,Crédit d'investissement,3.9,285900.0,51800.0,3473000.0,54900.0,72,4.38,33.5,0.765,0,0,5,0,32.6,895500.0,95.3
BNA003959,Guediri,Zakaria,Particulier,Actif,Compte courant,57,Béjaïa,Transport,Crédit personnel,7.3,102700.0,60300.0,753000.0,11600.0,84,7.57,64.2,0.683,0,2,90,2,20.7,24000.0,96.9
BNA003960,Saidi,Farid,Particulier,Actif,Compte entreprise,28,Laghouat,Agriculture,Crédit d'investissement,6.1,104400.0,67300.0,879000.0,12000.0,84,4.03,72.0,0.451,1,0,30,3,62.9,250000.0,72.7
BNA003961,Chibani,Anis,Particulier,Actif,Compte courant,26,Alger,Pharmacie,Crédit équipement,2.2,89700.0,28700.0,634000.0,15600.0,48,8.42,14.2,0.394,1,0,0,0,6.9,271600.0,83.8
BNA003962,Zerrouki,Rachid,Particulier,Actif,Compte professionnel,45,Biskra,Industrie,Crédit d'exploitation,8.7,54400.0,27000.0,306000.0,9400.0,36,6.94,70.6,0.122,0,1,5,0,52.3,-68000.0,78.0
BNA003963,Gacem,Yacine,Particulier,Actif,Compte courant,37,Sétif,BTPH,Crédit d'investissement,6.7,110600.0,75600.0,471000.0,8600.0,60,3.67,63.1,0.586,3,1,90,3,47.1,-66600.0,76.7
BNA003964,Yahiaoui,Yacine,Professionnel,Actif,Compte courant,39,Blida,Commerce,Crédit d'exploitation,3.4,359100.0,55800.0,3453000.0,106200.0,36,6.75,18.9,0.917,1,0,0,0,14.4,1043700.0,155.0
BNA003965,Boudiaf,Imad,Particulier,Actif,Compte courant,40,Djelfa,Transport,Crédit d'exploitation,1.5,53000.0,15000.0,648000.0,55300.0,12,4.43,30.7,0.608,0,0,0,0,21.6,88700.0,111.0
BNA003966,Zerrouki,Yacine,Particulier,Actif,Compte entreprise,62,Djelfa,Pharmacie,Crédit personnel,8.0,65700.0,18500.0,375000.0,6800.0,60,3.41,88.4,0.478,4,1,30,1,26.1,53500.0,34.5
BNA003967,Brahimi,Rachid,Particulier,Actif,Compte courant,55,Laghouat,Industrie,Crédit d'exploitation,9.4,148200.0,75500.0,967000.0,17000.0,72,8.09,77.5,0.61,0,0,30,4,21.0,-33700.0,5.3
BNA003968,Mebarki,Amine,Particulier,Actif,Compte épargne,63,Oran,Commerce,Crédit d'investissement,5.0,114300.0,38000.0,1366000.0,32700.0,48,7.02,16.9,0.879,1,0,0,0,9.0,361600.0,105.4
BNA003969,Haddad,Mohamed,PME,Inactif,Compte courant,27,Blida,Agriculture,Crédit d'exploitation,13.2,233200.0,134600.0,645000.0,55500.0,12,6.03,45.4,0.268,1,0,5,2,25.6,514900.0,59.1
BNA003970,Touati,Kamel,Professionnel,Actif,Compte épargne,35,Annaba,Industrie,Crédit d'exploitation,6.2,194100.0,107600.0,4964000.0,120800.0,48,7.83,78.1,0.331,2,2,30,1,42.9,-111000.0,66.9
BNA003971,Bensalem,Anis,Particulier,Actif,Compte courant,50,Batna,Industrie,Crédit immobilier,13.0,69600.0,38600.0,931000.0,17000.0,72,9.48,82.4,0.719,7,1,60,2,47.6,205000.0,45.8
BNA003972,Touati,Kamel,Professionnel,Actif,Compte entreprise,49,Constantine,Industrie,Crédit d'exploitation,9.6,218400.0,121500.0,2016000.0,40300.0,60,7.41,56.9,0.47,1,1,45,2,49.4,408900.0,12.0
BNA003973,Mokhtar,Nabil,Grande Entreprise,Inactif,Compte entreprise,47,Biskra,Pharmacie,Crédit personnel,9.3,741400.0,247000.0,3215000.0,95300.0,36,4.24,47.1,0.628,0,0,15,0,5.6,2201600.0,117.2
BNA003974,Khelifi,Salim,Particulier,Actif,Compte courant,41,Béjaïa,BTPH,Crédit immobilier,8.4,114700.0,50000.0,1479000.0,36700.0,48,8.82,86.8,0.474,2,1,30,2,29.5,-44900.0,74.7
BNA003975,Ferhat,Nassim,Professionnel,Actif,Compte courant,61,Oran,Santé,Crédit personnel,3.6,170200.0,38600.0,1839000.0,59400.0,36,10.05,25.1,0.826,1,0,0,0,5.8,705500.0,45.5
BNA003976,Dahmani,Anis,PME,Actif,Compte professionnel,54,Tlemcen,Industrie,Crédit d'investissement,5.9,186000.0,102300.0,754000.0,34800.0,24,10.08,70.4,0.644,5,1,90,0,53.8,268000.0,108.5
BNA003977,Gacem,Sofiane,Professionnel,Actif,Compte professionnel,49,Blida,Industrie,Crédit personnel,15.2,321900.0,211500.0,2844000.0,58900.0,60,8.91,86.8,0.24,1,0,180,0,38.5,-154800.0,100.2
BNA003978,Bensalem,Ilyes,PME,Actif,Compte épargne,55,Constantine,Agriculture,Crédit d'exploitation,1.6,642000.0,230300.0,2400000.0,32800.0,84,4.02,64.3,0.668,4,1,90,4,46.1,276600.0,49.7
BNA003979,Saidi,Ahmed,Particulier,Actif,Compte épargne,46,Constantine,Agriculture,Crédit équipement,1.3,99800.0,79800.0,1740000.0,27200.0,84,8.04,85.5,0.378,2,0,60,2,54.9,-132200.0,50.4
BNA003980,Benali,Tarek,Particulier,Actif,Compte courant,50,Tlemcen,Services,Crédit immobilier,6.9,72300.0,42400.0,342000.0,10800.0,36,8.25,54.9,0.368,6,0,45,3,33.0,-14900.0,71.9
BNA003981,Nouri,Rachid,Particulier,Actif,Compte entreprise,52,Batna,Pharmacie,Crédit personnel,10.1,89900.0,38400.0,340000.0,6800.0,60,7.34,83.5,0.563,3,2,60,5,34.8,-180300.0,97.4
BNA003982,Boudiaf,Youcef,PME,Actif,Compte courant,38,Constantine,Transport,Crédit personnel,11.7,861700.0,148000.0,5603000.0,173200.0,36,7.09,16.6,0.569,0,0,0,0,20.8,1200100.0,139.4
BNA003983,Belkacem,Samir,Particulier,Actif,Compte épargne,38,Biskra,Industrie,Crédit d'investissement,7.5,220300.0,54700.0,1227000.0,39000.0,36,8.89,37.0,0.581,1,0,0,0,20.7,454300.0,94.6
BNA003984,Zerrouki,Amine,Professionnel,Actif,Compte courant,48,Sétif,Pharmacie,Crédit personnel,3.4,219800.0,83300.0,1118000.0,27500.0,48,8.39,40.6,0.765,1,0,0,0,14.2,770700.0,89.6
BNA003985,Ferhat,Aymen,Particulier,Actif,Compte épargne,45,Blida,BTPH,Crédit équipement,8.2,61500.0,30300.0,272000.0,5300.0,60,6.29,33.0,0.842,0,1,0,0,31.1,107800.0,55.5
BNA003986,Saidi,Riad,Professionnel,Actif,Compte courant,64,Annaba,Pharmacie,Crédit immobilier,4.7,252600.0,178500.0,3212000.0,61200.0,60,5.42,71.5,0.338,1,0,30,1,39.5,199200.0,14.3
BNA003987,Chibani,Riad,Particulier,Actif,Compte courant,64,Béjaïa,Industrie,Crédit d'investissement,12.9,73400.0,18500.0,782000.0,14700.0,60,4.92,17.2,0.636,1,0,0,0,14.8,73100.0,25.1
BNA003988,Gacem,Yacine,Particulier,Actif,Compte professionnel,58,Djelfa,Commerce,Crédit personnel,8.5,141600.0,61300.0,1531000.0,65800.0,24,3.0,50.8,0.647,5,2,90,3,17.0,171300.0,43.0
BNA003989,Djelloul,Rachid,Professionnel,Actif,Compte entreprise,52,Annaba,Pharmacie,Crédit immobilier,20.0,491500.0,286500.0,5638000.0,108800.0,60,5.93,76.4,0.661,3,1,60,1,49.8,-460500.0,64.9
BNA003990,Larbi,Imad,Particulier,Actif,Compte entreprise,58,Biskra,Services,Crédit personnel,2.9,154800.0,61000.0,1309000.0,30200.0,48,5.06,70.6,0.779,5,1,45,3,49.0,66000.0,89.6
BNA003991,Chibani,Ibrahim,PME,Actif,Compte courant,63,Alger,Transport,Crédit équipement,7.8,1327600.0,661600.0,4165000.0,85400.0,60,8.49,76.0,0.585,0,1,30,0,31.1,-1381500.0,75.7
BNA003992,Belkacem,Bilal,Particulier,Actif,Compte courant,29,Annaba,Transport,Crédit équipement,4.6,39600.0,23900.0,283000.0,6400.0,48,3.99,78.8,0.341,0,0,30,3,57.3,-41200.0,63.6
BNA003993,Brahimi,Nassim,PME,Actif,Compte épargne,58,Annaba,Transport,Crédit équipement,8.1,188600.0,93300.0,1681000.0,34100.0,60,8.06,87.0,0.19,3,2,15,1,54.3,291200.0,25.0
BNA003994,Larbi,Karim,Particulier,Actif,Compte courant,39,Annaba,Commerce,Crédit immobilier,6.3,61000.0,35000.0,438000.0,8000.0,60,3.49,85.1,0.584,2,1,45,1,5.5,19900.0,26.1
BNA003995,Slimani,Mourad,Particulier,Actif,Compte épargne,44,Batna,Agriculture,Crédit d'exploitation,7.3,66800.0,27100.0,466000.0,14300.0,36,6.42,76.7,0.145,5,1,90,0,54.3,-148700.0,45.6
BNA003996,Boudiaf,Karim,Professionnel,Actif,Compte professionnel,25,Batna,Industrie,Crédit immobilier,11.4,105500.0,45200.0,1574000.0,70200.0,24,6.64,84.4,0.368,2,1,120,1,27.9,9800.0,107.0
BNA003997,Touati,Nabil,Professionnel,Actif,Compte courant,52,Djelfa,Pharmacie,Crédit personnel,11.1,187000.0,100300.0,1238000.0,25900.0,60,9.37,55.4,0.327,1,2,45,3,62.8,191600.0,81.0
BNA003998,Dahmani,Aymen,Grande Entreprise,Actif,Compte courant,34,Biskra,Commerce,Crédit d'exploitation,7.3,1439500.0,1064600.0,12072000.0,245500.0,60,8.13,73.8,0.146,2,0,0,2,12.2,560400.0,27.1
BNA003999,Hadji,Amine,Professionnel,Actif,Compte courant,54,Tlemcen,Pharmacie,Crédit personnel,6.8,237800.0,168700.0,2229000.0,70300.0,36,8.48,65.2,0.105,1,0,90,1,38.0,117400.0,0.0
BNA004000,Khelifi,Nabil,PME,Actif,Compte entreprise,55,Batna,Santé,Crédit d'exploitation,1.3,765500.0,487100.0,5416000.0,72100.0,84,3.22,64.4,0.124,1,3,15,1,35.0,846800.0,107.9
BNA004001,Meziane,Karim,Grande Entreprise,Actif,Compte épargne,24,Béjaïa,Services,Crédit équipement,8.7,2008400.0,1132700.0,17181000.0,318200.0,60,4.23,71.7,0.285,2,1,120,1,31.4,-3000000.0,82.3
BNA004002,Ferhat,Anis,Professionnel,Actif,Compte entreprise,52,Béjaïa,Pharmacie,Crédit personnel,4.8,393000.0,263300.0,1670000.0,52800.0,36,8.66,69.9,0.198,3,1,90,1,39.1,117500.0,70.8
BNA004003,Djelloul,Samir,PME,Actif,Compte épargne,36,Alger,Agriculture,Crédit immobilier,2.7,1718800.0,920000.0,19548000.0,357500.0,60,3.72,45.3,0.439,2,0,150,2,4.0,-1560000.0,106.0
BNA004004,Ferhat,Yacine,Particulier,Actif,Compte épargne,53,Sétif,BTPH,Crédit personnel,10.0,161200.0,107300.0,1059000.0,15000.0,84,4.98,97.3,0.2,1,1,90,1,70.0,164500.0,44.4
BNA004005,Ferhat,Tarek,Particulier,Actif,Compte entreprise,44,Constantine,Transport,Crédit personnel,8.9,92300.0,60900.0,424000.0,12400.0,36,3.37,80.6,0.665,2,4,30,3,19.0,2000.0,26.6
BNA004006,Belkacem,Rachid,Professionnel,Actif,Compte épargne,40,Béjaïa,Agriculture,Crédit personnel,5.4,216500.0,99700.0,1768000.0,36900.0,60,9.21,92.7,0.536,5,1,60,3,61.4,24000.0,48.2
BNA004007,Khelifi,Ahmed,Professionnel,Actif,Compte courant,62,Béjaïa,Santé,Crédit d'exploitation,14.0,120700.0,60200.0,1259000.0,24900.0,60,6.9,63.0,0.649,2,1,5,1,20.8,16900.0,53.0
BNA004008,Cherif,Ahmed,Particulier,Actif,Compte professionnel,42,Tlemcen,Transport,Crédit d'investissement,9.1,97500.0,69400.0,551000.0,7500.0,84,3.96,83.2,0.45,3,1,45,3,47.0,-12400.0,86.0
BNA004009,Rahmani,Imad,Professionnel,Actif,Compte épargne,39,Constantine,Commerce,Crédit équipement,5.4,131900.0,76400.0,1117000.0,22200.0,60,7.21,69.1,0.088,1,2,150,3,33.0,112900.0,49.4
BNA004010,Zerrouki,Youcef,Professionnel,Actif,Compte professionnel,40,Djelfa,Industrie,Crédit immobilier,12.8,372200.0,94300.0,6030000.0,138600.0,48,4.88,85.7,0.306,2,1,45,1,80.2,149100.0,40.6
BNA004011,Zerrouki,Mourad,Particulier,Actif,Compte courant,41,Djelfa,Industrie,Crédit équipement,6.6,134200.0,82000.0,601000.0,11200.0,60,4.32,54.8,0.42,1,2,45,1,33.0,158800.0,60.3
BNA004012,Chibani,Ilyes,PME,Inactif,Compte épargne,64,Annaba,Industrie,Crédit personnel,10.3,1458200.0,704900.0,5688000.0,91400.0,72,4.92,80.6,0.654,4,0,45,2,52.1,408800.0,75.8
BNA004013,Yahiaoui,Rachid,Particulier,Actif,Compte professionnel,36,Laghouat,Commerce,Crédit immobilier,5.3,69700.0,19400.0,1372000.0,21800.0,72,4.47,59.2,0.854,0,1,0,2,5.9,181800.0,91.7
BNA004014,Benali,Abdelkader,Particulier,Actif,Compte courant,57,Biskra,BTPH,Crédit d'exploitation,9.8,70800.0,46200.0,621000.0,18700.0,36,5.33,74.1,0.365,2,1,150,1,32.9,-48700.0,15.8
BNA004015,Brahimi,Aymen,Particulier,Actif,Compte courant,27,Annaba,Santé,Crédit équipement,9.3,71600.0,24300.0,200000.0,8800.0,24,5.54,23.8,0.805,1,0,0,0,33.7,184100.0,79.6
BNA004016,Belkacem,Sofiane,Professionnel,Actif,Compte épargne,45,Alger,Pharmacie,Crédit personnel,0.9,77000.0,23500.0,687000.0,58900.0,12,5.31,8.1,0.641,0,1,0,0,33.3,304900.0,70.3
BNA004017,Mansouri,Riad,PME,Actif,Compte courant,23,Tlemcen,BTPH,Crédit équipement,10.3,779600.0,326200.0,2985000.0,132300.0,24,5.99,27.4,0.734,2,0,0,0,21.2,493900.0,139.6
BNA004018,Gacem,Rachid,PME,Actif,Compte courant,46,Annaba,Agriculture,Crédit d'exploitation,3.7,516000.0,112100.0,2668000.0,114900.0,24,3.22,77.7,0.336,1,3,90,0,43.7,-690000.0,75.8
BNA004019,Rahmani,Youcef,Grande Entreprise,Actif,Compte épargne,45,Biskra,Services,Crédit personnel,5.5,1101900.0,359600.0,7382000.0,117300.0,84,8.62,81.0,0.433,1,1,60,4,34.2,-619800.0,65.1
BNA004020,Bensalem,Bilal,PME,Actif,Compte professionnel,46,Batna,BTPH,Crédit immobilier,3.8,1903600.0,1345100.0,18262000.0,305900.0,84,10.29,87.1,0.057,3,0,30,3,36.5,3207700.0,47.5
BNA004021,Amrani,Adel,Grande Entreprise,Suspendu,Compte courant,46,Biskra,Pharmacie,Crédit équipement,6.7,2664000.0,1027600.0,9247000.0,195000.0,60,9.67,85.8,0.264,3,0,120,0,35.9,-463300.0,96.7
BNA004022,Chibani,Rachid,Particulier,Inactif,Compte épargne,34,Sétif,Industrie,Crédit personnel,3.4,77400.0,16600.0,302000.0,9100.0,36,5.59,35.8,0.738,0,0,0,0,24.3,213200.0,59.9
BNA004023,Yahiaoui,Walid,Professionnel,Actif,Compte entreprise,44,Batna,Commerce,Crédit immobilier,0.9,299400.0,187400.0,3490000.0,72300.0,60,8.89,76.5,0.529,3,0,120,2,63.8,-182300.0,50.8
BNA004024,Saidi,Riad,Particulier,Actif,Compte courant,55,Constantine,Commerce,Crédit équipement,15.3,47100.0,36300.0,297000.0,4000.0,84,3.19,75.4,0.311,5,1,30,2,44.9,-400.0,19.9
BNA004025,Mansouri,Anis,Particulier,Actif,Compte courant,65,Blida,BTPH,Crédit d'exploitation,2.8,74200.0,56300.0,882000.0,13000.0,84,6.18,75.7,0.44,0,0,30,1,32.1,57100.0,86.3
BNA004026,Belaid,Youcef,Particulier,Actif,Compte épargne,65,Batna,Transport,Crédit d'exploitation,2.1,95900.0,60200.0,1637000.0,143900.0,12,10.02,50.9,0.743,2,1,90,2,33.5,-110600.0,36.1
BNA004027,Yahiaoui,Karim,Grande Entreprise,Actif,Compte épargne,34,Biskra,Agriculture,Crédit personnel,11.9,5399900.0,2519400.0,40424000.0,680900.0,84,10.47,73.3,0.516,4,0,0,0,38.8,-2392300.0,78.2
BNA004028,Mebarki,Islam,Grande Entreprise,Actif,Compte courant,64,Alger,BTPH,Crédit personnel,11.2,4993800.0,1596700.0,62843000.0,1141900.0,60,3.45,76.6,0.259,5,0,30,1,43.9,2020200.0,64.9
BNA004029,Belkacem,Sofiane,Grande Entreprise,Actif,Compte professionnel,53,Batna,Commerce,Crédit d'investissement,8.8,934900.0,506000.0,3079000.0,63100.0,60,8.48,75.4,0.459,0,0,60,0,53.5,697800.0,59.4
BNA004030,Amrani,Nabil,Particulier,Actif,Compte courant,33,Laghouat,Commerce,Crédit immobilier,3.3,74700.0,25400.0,210000.0,3100.0,84,6.74,42.7,0.626,0,1,0,1,26.1,-39900.0,129.2
BNA004031,Zerrouki,Karim,PME,Actif,Compte courant,42,Djelfa,BTPH,Crédit immobilier,4.9,2312600.0,691200.0,16374000.0,340200.0,60,9.04,61.4,0.422,0,1,60,2,37.4,-1501400.0,32.0
BNA004032,Meziane,Zakaria,Particulier,Actif,Compte courant,31,Batna,Industrie,Crédit d'investissement,7.5,182700.0,27000.0,3027000.0,56100.0,60,4.24,16.7,0.515,0,0,0,0,4.0,525600.0,139.4
BNA004033,Khelifi,Aymen,Particulier,Actif,Compte entreprise,43,Tlemcen,Agriculture,Crédit personnel,8.9,135400.0,86600.0,1320000.0,29400.0,48,3.26,77.5,0.914,3,2,10,5,37.9,189600.0,35.7
BNA004034,Mokhtar,Sofiane,Professionnel,Inactif,Compte entreprise,59,Blida,Transport,Crédit immobilier,5.7,52400.0,15000.0,629000.0,54600.0,12,7.47,23.6,0.905,0,0,15,0,14.5,155400.0,149.1
BNA004035,Slimani,Nabil,PME,Inactif,Compte entreprise,59,Djelfa,Agriculture,Crédit personnel,4.8,588100.0,239200.0,3547000.0,162300.0,24,9.15,95.1,0.421,1,5,45,0,34.3,44200.0,24.9
BNA004036,Ferhat,Bilal,Grande Entreprise,Actif,Compte courant,30,Alger,Transport,Crédit d'investissement,6.9,2097000.0,1437400.0,5009000.0,146000.0,36,3.17,56.7,0.118,0,1,60,2,35.7,479800.0,101.4
BNA004037,Gacem,Mourad,PME,Actif,Compte courant,44,Batna,Agriculture,Crédit équipement,0.5,857400.0,334200.0,8387000.0,250400.0,36,4.73,13.4,0.884,0,0,0,0,35.8,2600000.0,113.5
BNA004038,Djelloul,Mourad,Particulier,Actif,Compte courant,49,Béjaïa,Services,Crédit équipement,17.7,101200.0,32700.0,645000.0,12200.0,60,4.98,49.1,0.802,0,0,0,1,19.0,244300.0,107.4
BNA004039,Benali,Karim,Grande Entreprise,Actif,Compte épargne,28,Oran,Industrie,Crédit d'investissement,4.2,2151200.0,673300.0,9096000.0,138500.0,72,3.06,23.4,0.776,0,0,0,0,23.6,5339600.0,115.2
BNA004040,Benyahia,Nassim,PME,Actif,Compte courant,64,Biskra,Agriculture,Crédit immobilier,6.4,848000.0,114700.0,4263000.0,191900.0,24,7.52,48.1,0.882,1,0,0,0,15.9,337800.0,84.8
BNA004041,Gacem,Oussama,PME,Actif,Compte entreprise,57,Constantine,Agriculture,Crédit immobilier,5.0,1002300.0,735100.0,5352000.0,464200.0,12,7.46,71.7,0.736,1,0,60,5,62.7,-1040000.0,33.6
BNA004042,Mansouri,Mohamed,Professionnel,Actif,Compte épargne,49,Oran,Transport,Crédit d'exploitation,3.3,148700.0,77400.0,1833000.0,41500.0,48,4.18,72.7,0.343,0,0,60,1,61.2,-112800.0,78.2
BNA004043,Mebarki,Yacine,Particulier,Actif,Compte courant,24,Béjaïa,Commerce,Crédit personnel,4.4,59200.0,15000.0,266000.0,6800.0,48,10.43,36.7,0.676,0,0,10,0,25.7,220700.0,149.4
BNA004044,Benali,Walid,PME,Actif,Compte épargne,40,Batna,Services,Crédit personnel,5.3,317400.0,82700.0,2942000.0,68300.0,48,5.43,23.2,0.742,0,1,0,0,16.1,1240500.0,110.1
BNA004045,Mokhtar,Adel,Particulier,Actif,Compte professionnel,48,Annaba,Commerce,Crédit personnel,5.7,149100.0,94700.0,724000.0,10000.0,84,4.31,82.2,0.534,4,0,90,2,31.8,-21700.0,47.4
BNA004046,Amrani,Anis,Particulier,Actif,Compte entreprise,60,Annaba,Services,Crédit d'investissement,8.5,114400.0,15000.0,760000.0,22900.0,36,5.29,41.4,0.814,2,0,0,0,9.3,162800.0,137.9
BNA004047,Saidi,Rachid,Professionnel,Actif,Compte courant,52,Biskra,Pharmacie,Crédit d'investissement,8.3,50500.0,30700.0,620000.0,28000.0,24,7.72,69.0,0.355,2,0,60,2,44.8,25900.0,50.9
BNA004048,Zerrouki,Nabil,Particulier,Actif,Compte professionnel,61,Laghouat,Agriculture,Crédit d'exploitation,6.9,176900.0,67600.0,617000.0,11700.0,60,5.08,84.8,0.264,0,2,5,0,15.5,151700.0,65.0
BNA004049,Saidi,Sofiane,PME,Actif,Compte courant,41,Blida,Commerce,Crédit personnel,3.9,486800.0,163500.0,4035000.0,69200.0,72,7.19,96.6,0.828,0,1,45,3,22.0,-441100.0,26.5
BNA004050,Nouri,Rachid,PME,Actif,Compte entreprise,30,Batna,Commerce,Crédit d'exploitation,14.6,289000.0,171700.0,1837000.0,82500.0,24,7.32,79.1,0.024,1,1,180,3,58.5,396400.0,41.2
BNA004051,Belkacem,Rachid,Particulier,Actif,Compte entreprise,54,Blida,Services,Crédit d'investissement,2.4,156100.0,65700.0,462000.0,20700.0,24,6.89,51.5,0.959,0,0,0,0,5.4,297800.0,53.8
BNA004052,Khelifi,Rachid,Particulier,Actif,Compte courant,33,Alger,Services,Crédit personnel,20.0,96200.0,34100.0,2115000.0,52600.0,48,8.93,35.6,0.751,0,0,0,0,34.8,42200.0,67.1
BNA004053,Zerrouki,Amine,Particulier,Actif,Compte courant,33,Batna,BTPH,Crédit immobilier,2.1,136900.0,60600.0,519000.0,12400.0,48,6.73,76.8,0.669,0,1,60,2,48.8,-110500.0,119.8
BNA004054,Hadji,Riad,Particulier,Actif,Compte entreprise,40,Annaba,Commerce,Crédit personnel,11.7,122900.0,75300.0,701000.0,12800.0,60,3.49,91.9,0.147,2,0,30,1,49.0,-1800.0,60.8
BNA004055,Meziane,Walid,Particulier,Suspendu,Compte courant,49,Oran,Transport,Crédit d'investissement,5.1,108200.0,61800.0,933000.0,21300.0,48,4.64,87.3,0.236,0,0,90,2,42.9,133900.0,73.1
BNA004056,Djelloul,Mourad,Particulier,Actif,Compte courant,27,Annaba,Transport,Crédit équipement,8.2,158600.0,15200.0,1881000.0,31700.0,72,6.56,16.4,0.95,0,0,0,1,31.9,350900.0,34.7
BNA004057,Belkacem,Adel,PME,Actif,Compte courant,35,Sétif,Industrie,Crédit d'investissement,14.1,2093600.0,333800.0,9947000.0,249500.0,48,9.41,39.3,0.735,0,0,0,0,22.2,2860200.0,79.2
BNA004058,Guediri,Abdelkader,PME,Actif,Compte courant,54,Laghouat,BTPH,Crédit d'exploitation,7.0,489000.0,289400.0,2196000.0,70600.0,36,9.71,100.0,0.07,0,1,5,2,49.7,499400.0,99.7
BNA004059,Rahmani,Hichem,Particulier,Actif,Compte épargne,37,Djelfa,Commerce,Crédit équipement,10.0,39200.0,15000.0,288000.0,13400.0,24,10.48,83.6,0.602,1,0,30,1,70.6,33400.0,34.3
BNA004060,Belkacem,Karim,Particulier,Actif,Compte professionnel,52,Biskra,Services,Crédit personnel,4.6,101600.0,50700.0,591000.0,18300.0,36,7.15,34.7,0.834,0,0,0,0,12.9,41200.0,49.4
BNA004061,Mansouri,Tarek,Particulier,Inactif,Compte professionnel,30,Sétif,Industrie,Crédit d'exploitation,19.3,81500.0,16600.0,818000.0,26000.0,36,8.84,44.6,0.713,0,0,0,0,28.8,-80400.0,92.3
BNA004062,Larbi,Ilyes,PME,Actif,Compte entreprise,64,Constantine,BTPH,Crédit équipement,8.0,735800.0,139300.0,6648000.0,205100.0,36,6.94,6.2,0.997,0,0,0,0,34.9,2046500.0,113.0
BNA004063,Belkacem,Farid,Particulier,Actif,Compte courant,46,Biskra,Commerce,Crédit d'exploitation,5.3,98400.0,30500.0,2768000.0,47200.0,72,6.98,8.5,0.567,1,0,0,0,16.8,298500.0,68.6
BNA004064,Cherif,Samir,Particulier,Actif,Compte professionnel,61,Tlemcen,Pharmacie,Crédit d'exploitation,8.6,62800.0,29200.0,601000.0,13800.0,48,4.8,82.6,0.432,4,0,150,1,39.4,41300.0,68.4
BNA004065,Ferhat,Zakaria,PME,Actif,Compte entreprise,64,Alger,BTPH,Crédit équipement,9.2,521200.0,83900.0,2992000.0,55900.0,60,4.59,47.4,0.908,0,0,0,0,28.5,1250600.0,64.7
BNA004066,Gacem,Oussama,Professionnel,Actif,Compte courant,64,Tlemcen,Services,Crédit d'investissement,9.0,161700.0,87900.0,656000.0,11300.0,72,7.42,63.7,0.305,1,1,30,1,45.3,-58800.0,78.3
BNA004067,Saidi,Walid,Particulier,Inactif,Compte courant,26,Constantine,Industrie,Crédit personnel,13.2,90300.0,51500.0,873000.0,18500.0,60,9.82,77.4,0.255,1,0,15,4,11.2,105200.0,69.0
BNA004068,Belkacem,Oussama,Particulier,Actif,Compte épargne,43,Alger,BTPH,Crédit d'exploitation,7.1,77800.0,29300.0,431000.0,7700.0,60,3.02,69.4,0.841,0,0,5,1,45.5,38200.0,56.7
BNA004069,Khelifi,Kamel,Professionnel,Inactif,Compte professionnel,32,Batna,Agriculture,Crédit d'exploitation,6.4,138100.0,61200.0,1369000.0,33000.0,48,7.4,100.0,0.669,4,1,15,2,44.1,21200.0,99.7
BNA004070,Yahiaoui,Adel,Particulier,Actif,Compte courant,39,Djelfa,Pharmacie,Crédit immobilier,1.8,92700.0,43000.0,422000.0,18500.0,24,5.14,77.8,0.478,1,1,120,1,36.6,45400.0,57.6
BNA004071,Larbi,Salim,Particulier,Actif,Compte courant,42,Constantine,Pharmacie,Crédit équipement,2.8,104400.0,59900.0,1025000.0,26000.0,48,10.09,83.4,0.411,3,3,90,2,80.8,59100.0,108.7
BNA004072,Ferhat,Riad,PME,Actif,Compte professionnel,49,Laghouat,Services,Crédit d'investissement,20.0,881300.0,265500.0,8924000.0,205400.0,48,4.96,56.6,0.839,0,0,0,0,25.7,3139200.0,102.9
BNA004073,Ferhat,Abdelkader,Particulier,Actif,Compte courant,64,Annaba,Industrie,Crédit d'investissement,2.7,109400.0,20100.0,512000.0,10800.0,60,9.88,41.5,0.837,0,0,0,2,20.1,66800.0,81.7
BNA004074,Yahiaoui,Amine,Particulier,Actif,Compte courant,60,Biskra,Services,Crédit personnel,8.5,66300.0,20800.0,688000.0,13300.0,60,6.15,99.0,0.334,3,2,60,1,39.9,-70400.0,81.8
BNA004075,Haddad,Bilal,PME,Actif,Compte épargne,57,Blida,Agriculture,Crédit d'investissement,3.7,172100.0,92300.0,519000.0,22900.0,24,5.39,94.9,0.221,1,1,90,3,58.1,-137200.0,62.4
BNA004076,Zerrouki,Salim,Professionnel,Actif,Compte courant,40,Béjaïa,Santé,Crédit immobilier,8.2,67500.0,29300.0,671000.0,15900.0,48,6.56,71.1,0.339,3,0,120,1,52.8,-16500.0,33.4
BNA004077,Khelifi,Rachid,PME,Actif,Compte courant,35,Sétif,Commerce,Crédit équipement,3.2,675200.0,346200.0,4345000.0,130800.0,36,5.3,74.2,0.188,0,0,45,1,59.2,367400.0,47.8
BNA004078,Amrani,Karim,Particulier,Inactif,Compte courant,45,Djelfa,Transport,Crédit d'investissement,0.9,143000.0,70500.0,1107000.0,25700.0,48,5.41,94.8,0.387,2,1,30,2,43.4,80800.0,59.8
BNA004079,Mansouri,Mourad,Particulier,Suspendu,Compte courant,23,Béjaïa,BTPH,Crédit d'exploitation,9.3,275100.0,53800.0,2152000.0,52300.0,48,7.81,23.0,0.806,1,0,0,0,29.3,703900.0,101.3
BNA004080,Hadji,Anis,Particulier,Actif,Compte courant,23,Tlemcen,Agriculture,Crédit d'investissement,3.7,112500.0,89300.0,1097000.0,19600.0,72,8.65,54.5,0.271,2,0,30,0,37.7,23300.0,51.4
BNA004081,Dahmani,Rachid,Particulier,Actif,Compte courant,45,Batna,Santé,Crédit d'investissement,12.0,94400.0,41900.0,564000.0,17800.0,36,8.33,64.5,0.374,1,0,15,2,27.6,25700.0,69.4
BNA004082,Zerrouki,Karim,Particulier,Actif,Compte courant,42,Annaba,Transport,Crédit équipement,9.6,87700.0,53500.0,487000.0,22400.0,24,9.5,56.7,0.228,1,0,150,2,25.3,64900.0,79.0
BNA004083,Djelloul,Ahmed,PME,Actif,Compte professionnel,24,Blida,Services,Crédit d'exploitation,3.8,1389500.0,803100.0,14705000.0,343900.0,48,5.78,50.4,0.272,4,1,45,1,38.6,-3000000.0,0.0
BNA004084,Djelloul,Mourad,Particulier,Actif,Compte courant,23,Djelfa,Agriculture,Crédit équipement,17.5,61100.0,33500.0,420000.0,8800.0,60,9.34,82.4,0.193,3,4,45,3,67.7,92700.0,82.6
BNA004085,Dahmani,Ilyes,Particulier,Actif,Compte courant,33,Blida,Santé,Crédit d'exploitation,2.2,122100.0,92500.0,1212000.0,22700.0,60,4.75,73.1,0.629,0,4,45,3,72.2,78000.0,101.1
BNA004086,Mokhtar,Yacine,Particulier,Actif,Compte courant,29,Sétif,Pharmacie,Crédit d'exploitation,2.8,67200.0,33100.0,455000.0,10700.0,48,5.83,57.8,0.536,1,0,60,4,49.2,59800.0,80.5
BNA004087,Belaid,Ilyes,Professionnel,Actif,Compte courant,23,Annaba,Santé,Crédit d'exploitation,6.0,81300.0,45100.0,446000.0,8800.0,60,6.94,89.2,0.218,1,3,60,4,39.5,-51400.0,79.2
BNA004088,Brahimi,Bilal,Particulier,Actif,Compte courant,58,Alger,Pharmacie,Crédit personnel,3.9,121600.0,91500.0,817000.0,14700.0,72,8.83,75.6,0.256,1,0,45,0,38.9,-102100.0,53.6
BNA004089,Chibani,Hichem,Particulier,Actif,Compte épargne,39,Blida,BTPH,Crédit immobilier,14.3,84200.0,62800.0,391000.0,11600.0,36,4.4,79.2,0.351,2,1,45,1,22.8,2600.0,18.7
BNA004090,Mansouri,Yacine,PME,Actif,Compte épargne,35,Tlemcen,Services,Crédit d'exploitation,4.2,201500.0,44800.0,2284000.0,36600.0,84,8.87,35.0,0.802,0,0,0,0,4.0,259700.0,66.4
BNA004091,Benyahia,Salim,Particulier,Actif,Compte entreprise,29,Alger,Transport,Crédit d'investissement,9.1,143000.0,90600.0,1058000.0,25600.0,48,7.62,93.5,0.417,1,0,45,0,53.1,255500.0,79.0
BNA004092,Yahiaoui,Karim,PME,Inactif,Compte courant,36,Biskra,Transport,Crédit équipement,6.0,692100.0,369000.0,4470000.0,83500.0,60,4.57,75.3,0.397,3,1,15,1,12.4,801400.0,79.0
BNA004093,Benali,Riad,Grande Entreprise,Actif,Compte professionnel,43,Alger,Commerce,Crédit personnel,6.6,1743400.0,832700.0,7848000.0,141500.0,72,9.0,85.3,0.469,3,0,60,0,26.2,-919500.0,62.3
BNA004094,Belaid,Farid,Particulier,Actif,Compte entreprise,40,Oran,Agriculture,Crédit équipement,3.5,58900.0,15000.0,804000.0,19500.0,48,7.61,46.3,0.81,0,0,0,0,16.0,170500.0,118.4
BNA004095,Djelloul,Oussama,Particulier,Actif,Compte courant,65,Batna,Santé,Crédit d'exploitation,9.1,89600.0,55900.0,385000.0,11800.0,36,6.73,46.6,0.399,4,1,5,4,60.8,17500.0,76.8
BNA004096,Larbi,Aymen,Grande Entreprise,Actif,Compte entreprise,25,Annaba,BTPH,Crédit d'investissement,4.7,1488100.0,178900.0,3378000.0,53900.0,72,4.67,25.4,0.85,0,0,0,0,6.7,3192900.0,108.4
BNA004097,Mansouri,Bilal,Particulier,Actif,Compte courant,32,Tlemcen,BTPH,Crédit d'investissement,2.2,76600.0,50500.0,792000.0,13800.0,72,7.8,74.9,0.263,3,1,180,0,34.1,44100.0,67.5
BNA004098,Dahmani,Hichem,Particulier,Actif,Compte épargne,39,Alger,Santé,Crédit immobilier,3.0,110400.0,18400.0,450000.0,10700.0,48,6.61,35.9,0.724,1,0,0,0,30.3,262400.0,152.4
BNA004099,Khelifi,Nabil,Professionnel,Actif,Compte professionnel,53,Oran,Transport,Crédit d'investissement,5.5,337400.0,167900.0,5207000.0,70200.0,84,3.59,52.6,0.762,0,2,180,1,48.9,81600.0,98.2
BNA004100,Djelloul,Nabil,Particulier,Actif,Compte épargne,32,Oran,Pharmacie,Crédit d'investissement,9.7,73500.0,39100.0,535000.0,24400.0,24,8.91,55.4,0.308,2,1,30,3,42.5,-7000.0,49.4
BNA004101,Gacem,Abdelkader,Particulier,Actif,Compte professionnel,38,Béjaïa,Agriculture,Crédit immobilier,6.7,104700.0,30900.0,401000.0,7300.0,60,3.35,53.2,0.503,2,2,60,3,50.0,71800.0,73.6
BNA004102,Meziane,Rachid,Particulier,Actif,Compte courant,50,Sétif,Services,Crédit d'investissement,7.6,113400.0,31200.0,1758000.0,39800.0,48,4.14,36.3,0.486,0,0,0,0,21.1,217800.0,51.4
BNA004103,Benyahia,Karim,Particulier,Actif,Compte courant,32,Sétif,Industrie,Crédit immobilier,11.3,48600.0,37400.0,341000.0,14900.0,24,4.33,69.4,0.083,0,0,90,3,51.3,32700.0,94.9
BNA004104,Dahmani,Hichem,Particulier,Actif,Compte épargne,57,Djelfa,BTPH,Crédit d'investissement,3.6,53200.0,20300.0,344000.0,7300.0,60,9.7,100.0,0.639,1,0,120,2,28.9,7800.0,81.2
BNA004105,Chibani,Youcef,Professionnel,Actif,Compte courant,42,Oran,Commerce,Crédit d'investissement,5.7,226200.0,156900.0,2176000.0,40700.0,60,4.61,64.2,0.201,1,1,150,4,38.2,-303000.0,51.6
BNA004106,Mansouri,Kamel,Particulier,Actif,Compte professionnel,41,Béjaïa,Transport,Crédit d'exploitation,4.2,118600.0,66800.0,1110000.0,27900.0,48,9.44,54.0,0.435,2,1,30,3,43.7,115000.0,56.0
BNA004107,Belkacem,Yacine,Grande Entreprise,Actif,Compte épargne,55,Alger,Agriculture,Crédit équipement,20.0,1346900.0,396300.0,12465000.0,396100.0,36,8.96,20.2,0.897,1,0,0,1,16.0,1592700.0,90.9
BNA004108,Cherif,Ahmed,Particulier,Actif,Compte courant,53,Sétif,Industrie,Crédit d'investissement,10.7,173000.0,28300.0,962000.0,15100.0,72,4.07,49.0,0.832,0,0,0,0,30.9,258600.0,81.6
BNA004109,Chibani,Abdelkader,Particulier,Actif,Compte courant,29,Biskra,BTPH,Crédit d'exploitation,2.2,55800.0,19700.0,580000.0,17000.0,36,3.44,87.0,0.569,3,2,30,1,40.6,-93000.0,78.2
BNA004110,Slimani,Sofiane,Particulier,Actif,Compte courant,24,Djelfa,Pharmacie,Crédit personnel,8.4,119700.0,63500.0,1101000.0,19200.0,72,7.72,22.5,0.605,0,0,0,0,34.7,105000.0,71.2
BNA004111,Zerrouki,Farid,PME,Actif,Compte courant,40,Blida,BTPH,Crédit personnel,0.5,319300.0,40300.0,2203000.0,40900.0,60,4.35,57.8,0.752,0,0,0,0,22.5,1703600.0,125.8
BNA004112,Mokhtar,Ibrahim,PME,Inactif,Compte courant,24,Alger,Agriculture,Crédit personnel,11.7,517500.0,250400.0,1031000.0,14800.0,84,5.55,63.4,0.72,0,0,0,0,27.1,1683500.0,118.5
BNA004113,Meziane,Salim,PME,Actif,Compte courant,60,Djelfa,Services,Crédit d'exploitation,7.8,778100.0,571100.0,3729000.0,88800.0,48,6.7,63.2,0.312,0,1,30,3,33.5,853600.0,23.0
BNA004114,Ferhat,Ilyes,Grande Entreprise,Actif,Compte courant,51,Sétif,Pharmacie,Crédit d'investissement,7.4,890700.0,239100.0,4289000.0,76800.0,72,8.77,16.8,0.727,0,0,0,0,27.8,2587600.0,74.9
BNA004115,Djelloul,Oussama,PME,Actif,Compte professionnel,33,Constantine,Industrie,Crédit d'investissement,14.0,1523700.0,1146300.0,10712000.0,266400.0,48,8.98,72.6,0.177,2,2,60,1,44.4,523500.0,69.8
BNA004116,Benali,Anis,PME,Actif,Compte courant,27,Laghouat,Industrie,Crédit d'exploitation,3.1,1343600.0,670300.0,6493000.0,202500.0,36,7.68,72.2,0.349,0,0,0,3,29.1,-241600.0,78.9
BNA004117,Mokhtar,Adel,Particulier,Actif,Compte courant,32,Béjaïa,Commerce,Crédit équipement,9.1,71000.0,15000.0,545000.0,16800.0,36,6.98,11.4,0.803,0,0,0,0,25.7,154100.0,92.4
BNA004118,Bensalem,Anis,Professionnel,Actif,Compte courant,60,Tlemcen,Commerce,Crédit équipement,3.6,158600.0,77600.0,1613000.0,37400.0,48,5.41,76.9,0.225,1,2,45,3,35.6,71600.0,58.5
BNA004119,Belaid,Walid,Professionnel,Actif,Compte courant,42,Béjaïa,BTPH,Crédit d'investissement,4.7,66900.0,15000.0,1127000.0,27500.0,48,7.9,10.7,0.799,0,0,0,0,38.3,263900.0,122.4
BNA004120,Yahiaoui,Samir,Particulier,Actif,Compte professionnel,56,Sétif,Services,Crédit personnel,9.5,94800.0,26000.0,1157000.0,18600.0,72,5.03,41.0,0.881,0,0,0,0,25.3,204900.0,60.0
BNA004121,Larbi,Adel,Particulier,Actif,Compte courant,48,Batna,Industrie,Crédit d'exploitation,5.3,54200.0,19100.0,522000.0,15500.0,36,4.19,80.8,0.208,1,0,60,0,67.8,69800.0,76.7
BNA004122,Yahiaoui,Imad,PME,Actif,Compte courant,45,Djelfa,Services,Crédit immobilier,16.9,520100.0,103300.0,10412000.0,194000.0,60,4.48,38.7,0.699,1,0,0,0,26.0,1039500.0,143.0
BNA004123,Hadji,Mourad,Particulier,Actif,Compte épargne,53,Tlemcen,Transport,Crédit d'exploitation,3.7,137800.0,84700.0,1759000.0,32300.0,60,3.88,57.3,0.679,1,0,30,2,65.4,-139600.0,92.2
BNA004124,Mokhtar,Adel,PME,Actif,Compte professionnel,23,Djelfa,Commerce,Crédit personnel,17.8,1646500.0,817400.0,20385000.0,593900.0,36,3.12,70.3,0.102,2,2,30,0,39.8,501200.0,68.4
BNA004125,Mebarki,Anis,PME,Actif,Compte entreprise,49,Sétif,Agriculture,Crédit immobilier,9.6,335000.0,212800.0,2918000.0,94000.0,36,9.86,83.9,0.443,4,0,30,0,67.1,-69900.0,67.8
BNA004126,Belaid,Oussama,Particulier,Actif,Compte courant,31,Constantine,Santé,Crédit personnel,5.6,58300.0,33000.0,649000.0,20100.0,36,7.14,69.5,0.227,1,2,45,1,59.4,-22100.0,103.9
BNA004127,Benyahia,Ilyes,PME,Actif,Compte courant,24,Alger,Transport,Crédit personnel,8.8,330900.0,183700.0,2525000.0,36400.0,84,5.63,82.2,0.574,3,0,90,3,41.6,143200.0,78.0
BNA004128,Haddad,Sofiane,Professionnel,Suspendu,Compte courant,65,Annaba,BTPH,Crédit d'investissement,9.2,196500.0,64800.0,997000.0,23900.0,48,7.07,26.2,0.972,1,0,10,1,27.0,354400.0,108.8
BNA004129,Guediri,Bilal,Particulier,Actif,Compte courant,46,Tlemcen,BTPH,Crédit personnel,10.4,76300.0,15000.0,386000.0,16800.0,24,4.46,39.3,0.6,0,0,0,0,15.1,319000.0,62.5
BNA004130,Mokhtar,Nabil,Professionnel,Actif,Compte épargne,45,Constantine,BTPH,Crédit personnel,4.3,136500.0,21000.0,872000.0,25500.0,36,3.34,29.4,0.805,0,0,0,0,23.7,185700.0,122.0
BNA004131,Brahimi,Mourad,Particulier,Actif,Compte professionnel,39,Laghouat,Agriculture,Crédit d'investissement,7.6,161700.0,110600.0,972000.0,19100.0,60,6.63,75.6,0.201,1,1,180,3,33.2,-97500.0,99.3
BNA004132,Benali,Bilal,PME,Actif,Compte épargne,24,Laghouat,Industrie,Crédit personnel,9.9,589100.0,291800.0,2911000.0,84800.0,36,3.14,91.0,0.316,2,2,30,2,38.1,173500.0,49.3
BNA004133,Larbi,Abdelkader,Particulier,Actif,Compte épargne,62,Béjaïa,Commerce,Crédit immobilier,5.5,87100.0,55100.0,1201000.0,30200.0,48,9.51,92.7,0.483,0,0,90,2,26.0,37000.0,74.6
BNA004134,Yahiaoui,Nabil,Professionnel,Actif,Compte courant,53,Constantine,Agriculture,Crédit d'investissement,1.8,200100.0,33000.0,1213000.0,37800.0,36,7.67,20.6,0.597,1,0,0,0,19.2,242400.0,70.1
BNA004135,Haddad,Zakaria,Particulier,Actif,Compte courant,48,Laghouat,BTPH,Crédit d'exploitation,2.5,77300.0,23900.0,719000.0,21700.0,36,5.49,57.0,0.74,0,0,0,0,14.4,296500.0,151.0
BNA004136,Nouri,Nassim,PME,Actif,Compte entreprise,24,Tlemcen,Industrie,Crédit d'investissement,12.0,450700.0,329700.0,3288000.0,148900.0,24,8.13,53.5,0.698,1,1,10,5,27.1,365900.0,46.5
BNA004137,Rahmani,Samir,Particulier,Actif,Compte courant,52,Constantine,Commerce,Crédit immobilier,10.3,173000.0,96000.0,462000.0,10300.0,48,3.39,49.2,0.659,2,1,60,1,70.7,-88700.0,80.6
BNA004138,Dahmani,Bilal,Professionnel,Actif,Compte courant,38,Sétif,Agriculture,Crédit équipement,6.5,117700.0,25500.0,2617000.0,45200.0,72,7.44,43.5,0.687,0,0,0,0,24.8,324000.0,112.7
BNA004139,Larbi,Mohamed,Particulier,Actif,Compte épargne,37,Béjaïa,BTPH,Crédit immobilier,7.0,82500.0,63800.0,906000.0,26400.0,36,3.19,74.3,0.468,0,0,45,2,49.3,51800.0,41.5
BNA004140,Touati,Riad,Professionnel,Actif,Compte épargne,41,Alger,Santé,Crédit d'exploitation,8.0,371100.0,155700.0,5139000.0,443800.0,12,6.63,71.6,0.186,2,0,45,6,33.8,-48100.0,96.8
BNA004141,Nouri,Nassim,Particulier,Actif,Compte courant,46,Béjaïa,Industrie,Crédit personnel,4.2,69100.0,35200.0,1000000.0,21300.0,60,10.13,74.9,0.572,1,0,180,1,49.3,-59300.0,130.1
BNA004142,Touati,Abdelkader,Grande Entreprise,Actif,Compte épargne,44,Blida,Industrie,Crédit immobilier,6.5,618300.0,381900.0,1352000.0,59400.0,24,5.16,35.0,0.353,2,1,45,1,33.5,235800.0,85.1
BNA004143,Larbi,Karim,Professionnel,Actif,Compte épargne,37,Djelfa,Services,Crédit personnel,0.9,260700.0,66900.0,1145000.0,23700.0,60,8.93,35.7,0.717,0,0,5,0,34.0,773300.0,82.6
BNA004144,Ferhat,Hichem,Particulier,Actif,Compte entreprise,38,Blida,Commerce,Crédit d'investissement,6.5,74700.0,46500.0,620000.0,19400.0,36,7.82,78.5,0.244,3,2,120,3,75.1,18900.0,55.1
BNA004145,Mokhtar,Zakaria,Particulier,Actif,Compte courant,40,Blida,Pharmacie,Crédit personnel,4.6,113300.0,73800.0,2174000.0,40200.0,72,9.95,71.6,0.47,0,1,0,2,74.6,37900.0,98.0
BNA004146,Amrani,Nassim,Particulier,Actif,Compte professionnel,28,Djelfa,Transport,Crédit personnel,4.1,76600.0,16800.0,1662000.0,23500.0,84,4.99,26.7,0.877,0,0,0,0,18.7,309400.0,151.0
BNA004147,Chibani,Ahmed,Particulier,Actif,Compte épargne,26,Constantine,Transport,Crédit d'exploitation,4.1,81900.0,37000.0,646000.0,15300.0,48,6.4,47.4,0.224,0,1,45,2,45.5,26700.0,32.5
BNA004148,Mokhtar,Amine,Particulier,Actif,Compte courant,27,Batna,Agriculture,Crédit d'exploitation,3.0,78600.0,43600.0,403000.0,12400.0,36,7.0,77.6,0.383,2,1,90,1,40.5,38200.0,67.9
BNA004149,Chibani,Ibrahim,Particulier,Actif,Compte professionnel,46,Oran,Pharmacie,Crédit équipement,5.8,81800.0,27900.0,961000.0,15100.0,84,8.26,71.0,0.671,0,0,0,0,22.4,185700.0,47.9
BNA004150,Benali,Ibrahim,Particulier,Actif,Compte courant,46,Biskra,Commerce,Crédit immobilier,17.0,56900.0,43000.0,269000.0,12300.0,24,9.05,73.3,0.639,3,3,10,1,31.2,-46700.0,106.1
BNA004151,Larbi,Salim,Particulier,Actif,Compte courant,61,Laghouat,Pharmacie,Crédit personnel,7.2,127400.0,91600.0,793000.0,19400.0,48,7.98,87.3,0.55,3,1,0,0,44.5,67100.0,62.5
BNA004152,Khelifi,Bilal,Grande Entreprise,Actif,Compte professionnel,26,Tlemcen,Pharmacie,Crédit d'exploitation,17.9,539700.0,99100.0,2156000.0,39800.0,72,9.91,14.8,0.885,0,0,0,0,11.1,1354700.0,170.7
BNA004153,Hadji,Imad,Particulier,Actif,Compte courant,54,Batna,Services,Crédit personnel,17.1,80900.0,34600.0,954000.0,14000.0,84,6.16,85.0,0.126,2,2,120,2,52.3,41300.0,58.2
BNA004154,Yahiaoui,Nabil,Particulier,Actif,Compte professionnel,53,Djelfa,Pharmacie,Crédit équipement,5.9,86700.0,17400.0,605000.0,15100.0,48,9.2,11.4,0.791,0,0,0,0,22.5,27400.0,102.6
BNA004155,Djelloul,Islam,Particulier,Actif,Compte épargne,50,Béjaïa,Services,Crédit d'exploitation,2.1,61400.0,22600.0,323000.0,10000.0,36,7.49,91.1,0.43,0,1,45,6,54.1,119600.0,53.1
BNA004156,Saidi,Kamel,PME,Actif,Compte professionnel,56,Béjaïa,Transport,Crédit d'exploitation,6.5,612900.0,249400.0,6590000.0,154200.0,48,5.8,91.1,0.284,2,3,120,3,45.3,-283100.0,61.2
BNA004157,Khelifi,Farid,Professionnel,Inactif,Compte courant,34,Oran,Pharmacie,Crédit d'exploitation,9.3,527900.0,346900.0,7740000.0,189200.0,48,8.07,96.2,0.659,0,1,60,1,31.3,-76500.0,97.3
BNA004158,Guediri,Oussama,Particulier,Actif,Compte courant,47,Djelfa,Agriculture,Crédit personnel,8.7,74700.0,38100.0,652000.0,15400.0,48,6.17,83.7,0.467,1,1,30,2,40.5,18700.0,99.5
BNA004159,Cherif,Samir,Particulier,Actif,Compte entreprise,26,Djelfa,Agriculture,Crédit personnel,14.1,102700.0,70200.0,1069000.0,16600.0,84,7.82,78.2,0.832,1,1,15,1,48.7,132000.0,39.9
BNA004160,Zerrouki,Zakaria,PME,Actif,Compte courant,63,Djelfa,BTPH,Crédit personnel,9.4,1054700.0,366200.0,7040000.0,134500.0,60,5.49,83.1,0.707,2,1,90,0,58.2,-538800.0,97.6
BNA004161,Benali,Adel,Grande Entreprise,Actif,Compte épargne,53,Annaba,Industrie,Crédit personnel,0.5,2893500.0,2190500.0,13927000.0,330400.0,48,6.52,97.9,0.288,1,2,150,1,32.0,4864200.0,37.3
BNA004162,Rahmani,Youcef,Particulier,Actif,Compte épargne,47,Blida,Agriculture,Crédit immobilier,13.1,64000.0,45700.0,376000.0,8800.0,48,5.55,71.0,0.403,3,3,30,5,52.3,-101200.0,115.2
BNA004163,Saidi,Mourad,Professionnel,Actif,Compte épargne,31,Annaba,Santé,Crédit d'investissement,2.7,281400.0,82100.0,2409000.0,108000.0,24,7.15,60.8,0.766,0,0,0,0,5.9,1141400.0,114.5
BNA004164,Rahmani,Oussama,Professionnel,Actif,Compte épargne,53,Tlemcen,Agriculture,Crédit immobilier,5.4,250400.0,113300.0,1436000.0,30500.0,60,9.95,60.9,0.269,2,3,60,1,22.2,136600.0,46.4
BNA004165,Benali,Salim,Professionnel,Actif,Compte épargne,48,Laghouat,Agriculture,Crédit d'exploitation,2.0,225600.0,30600.0,3242000.0,82900.0,48,10.45,20.2,0.959,1,0,10,0,15.9,436400.0,157.3
BNA004166,Belaid,Walid,Particulier,Actif,Compte entreprise,34,Batna,Pharmacie,Crédit immobilier,4.7,86000.0,59300.0,612000.0,18900.0,36,7.14,78.2,0.168,1,2,45,1,52.2,31200.0,47.9
BNA004167,Brahimi,Ahmed,Professionnel,Actif,Compte professionnel,64,Blida,Industrie,Crédit personnel,12.4,96200.0,15000.0,1370000.0,21500.0,72,4.15,6.2,0.741,1,0,0,0,29.3,138600.0,132.5
BNA004168,Benali,Samir,Particulier,Actif,Compte courant,52,Batna,BTPH,Crédit immobilier,6.5,51400.0,35900.0,778000.0,25100.0,36,10.07,73.3,0.636,1,0,90,1,33.1,4500.0,105.1
BNA004169,Haddad,Sofiane,Professionnel,Actif,Compte épargne,52,Tlemcen,Santé,Crédit équipement,10.7,203400.0,124500.0,2643000.0,115900.0,24,4.98,90.9,0.442,3,2,15,1,39.9,-15900.0,98.0
BNA004170,Zerrouki,Youcef,PME,Actif,Compte courant,40,Béjaïa,Santé,Crédit équipement,7.5,1310300.0,1055400.0,8053000.0,185400.0,48,4.98,58.1,0.705,2,0,30,4,36.4,28700.0,67.7
BNA004171,Guediri,Riad,PME,Actif,Compte épargne,27,Béjaïa,Transport,Crédit équipement,8.4,288400.0,180900.0,2168000.0,40700.0,60,4.78,78.2,0.088,1,0,90,3,67.4,5600.0,130.9
BNA004172,Benyahia,Walid,Particulier,Actif,Compte épargne,32,Djelfa,Services,Crédit personnel,5.2,47900.0,15000.0,540000.0,11300.0,60,9.23,38.5,0.784,0,0,0,0,31.7,161300.0,45.2
BNA004173,Amrani,Youcef,Particulier,Actif,Compte épargne,41,Biskra,Industrie,Crédit d'investissement,4.7,50700.0,33800.0,200000.0,4900.0,48,8.25,40.6,0.742,0,1,10,1,31.7,-33100.0,90.6
BNA004174,Hadji,Walid,Particulier,Actif,Compte épargne,37,Alger,Agriculture,Crédit d'exploitation,4.5,189200.0,107100.0,3177000.0,273100.0,12,5.78,100.0,0.49,0,1,90,0,52.2,119000.0,59.4
BNA004175,Amrani,Nassim,Professionnel,Actif,Compte courant,32,Sétif,Services,Crédit personnel,11.7,181300.0,88900.0,1595000.0,36600.0,48,4.84,66.9,0.628,2,0,45,0,21.0,-105200.0,94.8
BNA004176,Belaid,Oussama,Particulier,Inactif,Compte courant,33,Laghouat,Pharmacie,Crédit immobilier,14.7,131000.0,98700.0,1211000.0,22300.0,60,3.94,55.7,0.383,3,0,45,2,45.6,-119000.0,60.1
BNA004177,Mokhtar,Farid,PME,Actif,Compte professionnel,28,Annaba,Services,Crédit d'exploitation,6.7,1594400.0,445200.0,18094000.0,264700.0,84,6.04,75.1,0.679,2,1,90,0,47.8,-167000.0,68.0
BNA004178,Khelifi,Samir,Particulier,Actif,Compte professionnel,38,Constantine,Services,Crédit personnel,4.5,118000.0,76500.0,822000.0,15300.0,72,10.13,79.0,0.424,0,4,120,1,55.1,207000.0,72.2
BNA004179,Brahimi,Abdelkader,Particulier,Actif,Compte courant,56,Laghouat,Transport,Crédit personnel,8.4,141200.0,105500.0,1332000.0,31900.0,48,6.95,94.9,0.424,1,0,45,1,53.3,98500.0,36.3
BNA004180,Hadji,Kamel,PME,Actif,Compte professionnel,30,Laghouat,Santé,Crédit immobilier,1.0,396300.0,138300.0,1488000.0,33800.0,48,4.38,65.7,0.752,5,2,60,1,71.6,-624900.0,105.8
BNA004181,Nouri,Abdelkader,Particulier,Actif,Compte entreprise,62,Djelfa,Industrie,Crédit personnel,3.2,64000.0,15600.0,400000.0,12800.0,36,9.41,41.7,0.873,0,0,30,0,22.0,192500.0,134.8
BNA004182,Djelloul,Ilyes,PME,Actif,Compte entreprise,61,Béjaïa,Services,Crédit d'investissement,6.5,842600.0,674400.0,6207000.0,180600.0,36,3.04,73.3,0.727,3,2,30,2,35.9,-746400.0,108.4
BNA004183,Hadji,Abdelkader,Particulier,Actif,Compte courant,39,Biskra,BTPH,Crédit d'investissement,6.6,103200.0,84800.0,764000.0,65900.0,12,6.55,79.3,0.767,1,0,30,0,25.1,-5500.0,65.0
BNA004184,Boudiaf,Ibrahim,Particulier,Actif,Compte courant,54,Djelfa,Santé,Crédit d'exploitation,6.1,55800.0,40200.0,693000.0,21200.0,36,6.35,100.0,0.151,0,3,150,2,42.4,22000.0,52.5
BNA004185,Amrani,Amine,Particulier,Actif,Compte courant,52,Oran,Pharmacie,Crédit personnel,20.0,101000.0,46300.0,999000.0,16000.0,84,8.79,86.7,0.273,3,1,10,1,27.9,-68100.0,48.9
BNA004186,Djelloul,Ahmed,PME,Actif,Compte entreprise,65,Béjaïa,Commerce,Crédit d'exploitation,5.6,761000.0,133100.0,7978000.0,154200.0,60,6.0,30.2,0.767,1,0,0,0,15.1,564300.0,71.8
BNA004187,Meziane,Nassim,Particulier,Actif,Compte épargne,45,Oran,BTPH,Crédit personnel,9.6,79700.0,25100.0,627000.0,11500.0,60,3.66,2.0,0.72,0,1,10,1,17.3,404000.0,104.6
BNA004188,Saidi,Ibrahim,Particulier,Actif,Compte courant,31,Batna,BTPH,Crédit d'exploitation,6.8,56600.0,15000.0,928000.0,18400.0,60,7.09,30.0,0.921,0,0,0,1,20.4,75700.0,145.8
BNA004189,Touati,Nassim,Particulier,Actif,Compte courant,63,Djelfa,Transport,Crédit d'exploitation,2.5,64300.0,46300.0,393000.0,8400.0,60,10.45,60.5,0.599,1,2,60,2,26.5,-15500.0,55.1
BNA004190,Cherif,Oussama,Grande Entreprise,Actif,Compte courant,36,Béjaïa,Transport,Crédit personnel,4.8,1034900.0,689500.0,4950000.0,92500.0,60,4.58,58.8,0.316,3,0,90,4,51.5,-417500.0,75.7
BNA004191,Yahiaoui,Ahmed,Professionnel,Actif,Compte entreprise,45,Béjaïa,Services,Crédit équipement,5.8,185200.0,119500.0,2417000.0,110300.0,24,8.9,68.7,0.377,1,1,45,1,46.9,580300.0,53.4
BNA004192,Zerrouki,Kamel,PME,Inactif,Compte courant,43,Djelfa,BTPH,Crédit d'exploitation,3.9,1071100.0,482800.0,6696000.0,121800.0,72,9.32,100.0,0.23,1,0,90,3,57.9,1306000.0,34.0
BNA004193,Mokhtar,Mourad,PME,Actif,Compte courant,61,Tlemcen,Commerce,Crédit immobilier,7.4,1093200.0,453700.0,6683000.0,163100.0,48,7.97,80.3,0.637,0,0,90,1,52.2,46000.0,70.3
BNA004194,Mokhtar,Mohamed,Particulier,Actif,Compte épargne,29,Sétif,Pharmacie,Crédit immobilier,3.1,70400.0,32300.0,814000.0,15300.0,60,4.87,48.7,0.057,1,1,45,0,21.3,-43400.0,31.0
BNA004195,Brahimi,Sofiane,Particulier,Inactif,Compte épargne,36,Béjaïa,Santé,Crédit équipement,11.7,117500.0,85300.0,1233000.0,36900.0,36,4.96,71.6,0.307,3,1,45,3,28.9,166700.0,60.0
BNA004196,Bensalem,Salim,Particulier,Actif,Compte épargne,26,Constantine,Pharmacie,Crédit immobilier,2.3,86600.0,15000.0,426000.0,10400.0,48,8.07,47.3,0.875,1,0,0,1,6.7,141800.0,137.0
BNA004197,Saidi,Aymen,PME,Inactif,Compte professionnel,61,Béjaïa,Transport,Crédit d'investissement,2.9,484700.0,59000.0,6050000.0,137200.0,48,4.21,10.9,0.838,0,1,0,1,19.3,1550300.0,99.1
BNA004198,Belaid,Ahmed,PME,Actif,Compte professionnel,32,Annaba,Transport,Crédit équipement,1.5,1246800.0,151600.0,12120000.0,226400.0,72,10.3,22.7,0.693,0,0,10,0,13.2,4657900.0,97.9
BNA004199,Yahiaoui,Samir,Particulier,Actif,Compte courant,25,Laghouat,Commerce,Crédit équipement,9.5,52900.0,31300.0,475000.0,10700.0,48,3.91,72.7,0.292,5,1,60,1,26.0,-77300.0,84.5
BNA004200,Yahiaoui,Salim,Professionnel,Actif,Compte professionnel,63,Tlemcen,Santé,Crédit personnel,20.0,91000.0,53900.0,1016000.0,24400.0,48,7.05,69.8,0.298,4,0,15,0,34.8,-23800.0,110.1
BNA004201,Meziane,Karim,Particulier,Actif,Compte épargne,50,Oran,Commerce,Crédit personnel,17.1,157600.0,101400.0,1019000.0,45100.0,24,5.88,68.6,0.563,3,1,120,1,25.1,-145400.0,78.1
BNA004202,Dahmani,Mohamed,Particulier,Actif,Compte courant,27,Laghouat,Industrie,Crédit d'investissement,12.1,79700.0,37500.0,369000.0,5400.0,84,5.92,88.8,0.466,1,0,30,2,36.6,84700.0,57.8
BNA004203,Chibani,Walid,Professionnel,Actif,Compte épargne,36,Sétif,Industrie,Crédit d'exploitation,11.3,395900.0,190000.0,4154000.0,64300.0,72,3.61,47.8,0.425,0,0,60,0,11.2,528000.0,91.0
BNA004204,Slimani,Bilal,Particulier,Actif,Compte épargne,54,Tlemcen,Transport,Crédit immobilier,15.2,99100.0,28000.0,558000.0,11600.0,60,8.99,72.9,0.892,3,1,90,2,18.4,146700.0,57.3
BNA004205,Boudiaf,Youcef,Grande Entreprise,Actif,Compte épargne,60,Sétif,Santé,Crédit d'exploitation,11.7,2427300.0,1224600.0,7818000.0,145900.0,60,4.53,79.7,0.124,0,0,5,2,52.8,-2191500.0,73.5
BNA004206,Yahiaoui,Mourad,PME,Actif,Compte épargne,23,Blida,BTPH,Crédit d'investissement,5.7,1030100.0,625600.0,6202000.0,199500.0,36,9.79,88.7,0.346,2,2,90,1,27.4,566600.0,76.1
BNA004207,Amrani,Anis,Particulier,Actif,Compte professionnel,34,Constantine,BTPH,Crédit personnel,4.4,95200.0,33500.0,501000.0,12400.0,48,8.9,23.4,0.57,0,0,0,0,30.4,88300.0,146.5
BNA004208,Chibani,Ilyes,PME,Actif,Compte entreprise,43,Alger,Industrie,Crédit équipement,8.9,569000.0,323200.0,4510000.0,82800.0,72,9.68,72.3,0.753,1,3,150,3,37.3,1050400.0,47.0
BNA004209,Touati,Abdelkader,Particulier,Actif,Compte entreprise,58,Djelfa,Industrie,Crédit d'investissement,1.3,83500.0,43200.0,614000.0,19400.0,36,8.62,60.1,0.287,4,0,45,3,62.1,-5500.0,65.9
BNA004210,Khelifi,Amine,Professionnel,Actif,Compte épargne,50,Batna,Industrie,Crédit équipement,8.0,162400.0,118000.0,922000.0,19500.0,60,9.72,72.8,0.159,3,0,45,4,44.4,61400.0,10.5
BNA004211,Belkacem,Mohamed,Professionnel,Actif,Compte courant,60,Alger,Santé,Crédit équipement,3.8,104400.0,64100.0,1236000.0,22900.0,60,4.16,66.3,0.511,0,1,30,3,42.0,16200.0,35.4
BNA004212,Touati,Sofiane,Particulier,Actif,Compte épargne,39,Alger,Commerce,Crédit d'investissement,9.0,61900.0,17100.0,305000.0,7500.0,48,8.17,41.1,0.965,1,0,5,0,21.7,248800.0,126.0
BNA004213,Brahimi,Yacine,PME,Actif,Compte courant,48,Sétif,Services,Crédit immobilier,14.1,782200.0,82700.0,4942000.0,101500.0,60,8.55,39.1,0.81,0,0,0,1,29.5,2224400.0,80.3
BNA004214,Djelloul,Ilyes,Particulier,Inactif,Compte épargne,41,Blida,Commerce,Crédit immobilier,17.5,35000.0,15000.0,271000.0,6800.0,48,9.28,83.6,0.323,1,1,30,0,35.5,24900.0,64.7
BNA004215,Amrani,Sofiane,Particulier,Actif,Compte courant,40,Oran,BTPH,Crédit d'investissement,10.2,55900.0,15100.0,410000.0,10200.0,48,8.89,54.8,0.346,1,0,90,1,53.6,-66500.0,64.6
BNA004216,Touati,Nassim,Particulier,Actif,Compte entreprise,50,Biskra,Transport,Crédit personnel,2.8,43100.0,15000.0,349000.0,6100.0,72,7.65,21.1,0.629,2,1,0,0,35.4,-25700.0,149.1
BNA004217,Belaid,Ibrahim,PME,Actif,Compte courant,58,Constantine,Transport,Crédit d'investissement,9.6,613400.0,106000.0,5564000.0,109800.0,60,6.86,23.6,0.771,2,0,0,0,23.4,-208300.0,89.1
BNA004218,Cherif,Sofiane,Particulier,Actif,Compte courant,34,Laghouat,Pharmacie,Crédit immobilier,0.9,52800.0,26200.0,200000.0,4100.0,60,8.66,76.0,0.55,0,1,120,3,24.3,4400.0,86.8
BNA004219,Zerrouki,Aymen,Particulier,Actif,Compte professionnel,44,Sétif,Transport,Crédit personnel,7.3,58600.0,24500.0,275000.0,5500.0,60,7.45,29.6,0.827,0,0,10,0,24.7,139000.0,151.0
BNA004220,Bensalem,Salim,Professionnel,Actif,Compte courant,56,Annaba,Services,Crédit d'investissement,11.2,321400.0,137700.0,5023000.0,106200.0,60,9.81,13.0,0.718,2,0,0,0,39.9,660800.0,149.1
BNA004221,Djelloul,Riad,Particulier,Actif,Compte courant,30,Batna,Transport,Crédit personnel,5.4,90000.0,28500.0,1800000.0,31000.0,72,7.31,27.9,0.496,1,0,0,0,29.5,164800.0,133.8
BNA004222,Yahiaoui,Mourad,Particulier,Actif,Compte épargne,50,Blida,Santé,Crédit d'investissement,16.0,72500.0,56300.0,601000.0,13700.0,48,4.43,96.2,0.572,0,0,45,0,59.0,66900.0,99.0
BNA004223,Brahimi,Adel,PME,Actif,Compte épargne,51,Tlemcen,Agriculture,Crédit immobilier,9.6,778100.0,383200.0,9727000.0,425700.0,24,4.77,75.2,0.554,4,0,45,3,38.9,960600.0,65.3
BNA004224,Boudiaf,Imad,Particulier,Actif,Compte professionnel,65,Biskra,Commerce,Crédit d'exploitation,10.4,111100.0,37300.0,1588000.0,70500.0,24,6.12,13.7,0.817,0,0,0,0,22.1,291500.0,140.1
BNA004225,Brahimi,Ahmed,Grande Entreprise,Actif,Compte courant,54,Oran,Pharmacie,Crédit d'exploitation,6.2,976800.0,488100.0,5508000.0,112100.0,60,8.17,74.9,0.145,2,1,90,2,41.8,1390600.0,79.7
BNA004226,Khelifi,Islam,Particulier,Actif,Compte courant,35,Laghouat,Transport,Crédit d'investissement,3.6,244000.0,165800.0,2964000.0,74500.0,48,9.51,80.9,0.361,3,0,5,0,53.4,-135900.0,88.3
BNA004227,Yahiaoui,Bilal,PME,Actif,Compte courant,34,Béjaïa,Agriculture,Crédit équipement,8.3,419900.0,112500.0,3763000.0,63800.0,72,6.81,2.0,0.699,2,0,0,1,5.1,-125600.0,83.6
BNA004228,Gacem,Sofiane,Particulier,Actif,Compte courant,57,Alger,Agriculture,Crédit d'exploitation,6.2,114700.0,80100.0,790000.0,14200.0,60,3.04,55.0,0.436,0,0,60,1,61.3,160300.0,74.2
BNA004229,Slimani,Sofiane,Professionnel,Actif,Compte courant,24,Constantine,Industrie,Crédit d'exploitation,11.8,175100.0,102600.0,1909000.0,34500.0,72,9.06,81.3,0.044,5,1,10,1,60.5,-6000.0,70.9
BNA004230,Larbi,Riad,Particulier,Actif,Compte courant,25,Batna,Agriculture,Crédit d'investissement,2.1,229700.0,95000.0,1700000.0,144000.0,12,3.03,64.7,0.08,0,2,60,2,21.6,563400.0,23.7
BNA004231,Benyahia,Rachid,Professionnel,Actif,Compte épargne,34,Laghouat,Pharmacie,Crédit d'investissement,3.0,164300.0,112700.0,1236000.0,25000.0,60,7.96,80.7,0.229,1,3,30,2,41.2,-282800.0,94.8
BNA004232,Gacem,Amine,PME,Actif,Compte courant,53,Djelfa,Santé,Crédit personnel,6.4,655500.0,129900.0,7261000.0,166300.0,48,4.73,23.8,0.822,1,0,0,0,30.2,1797200.0,87.3
BNA004233,Nouri,Walid,Professionnel,Actif,Compte courant,24,Laghouat,Transport,Crédit d'exploitation,6.4,221100.0,158400.0,2375000.0,49600.0,60,9.26,61.5,0.582,2,0,90,2,37.9,244400.0,77.5
BNA004234,Touati,Abdelkader,Grande Entreprise,Actif,Compte courant,59,Béjaïa,Transport,Crédit d'exploitation,8.5,4370400.0,3295000.0,13315000.0,177000.0,84,3.18,81.2,0.632,1,2,90,3,35.7,-3000000.0,45.7
BNA004235,Mebarki,Hichem,Particulier,Actif,Compte courant,47,Blida,Transport,Crédit personnel,10.7,84300.0,45200.0,520000.0,16000.0,36,6.66,64.5,0.814,2,1,45,1,33.5,-36100.0,97.8
BNA004236,Larbi,Amine,Professionnel,Suspendu,Compte courant,53,Biskra,Agriculture,Crédit d'exploitation,7.3,168500.0,98000.0,2449000.0,61200.0,48,9.2,92.3,0.387,3,2,90,3,35.2,-74100.0,22.2
BNA004237,Saidi,Amine,PME,Actif,Compte entreprise,52,Alger,Pharmacie,Crédit d'exploitation,13.7,328500.0,192400.0,1386000.0,44800.0,36,10.17,67.8,0.232,1,1,15,0,61.5,130900.0,92.3
BNA004238,Chibani,Mourad,Particulier,Actif,Compte professionnel,33,Sétif,Transport,Crédit immobilier,2.3,62000.0,23700.0,260000.0,6100.0,48,6.35,66.0,0.419,1,0,120,0,34.6,16100.0,62.7
BNA004239,Rahmani,Kamel,Grande Entreprise,Actif,Compte épargne,56,Béjaïa,Services,Crédit personnel,4.3,1450600.0,375700.0,1857000.0,38700.0,60,9.17,30.7,0.849,0,0,10,1,6.7,2874200.0,94.8
BNA004240,Amrani,Riad,Professionnel,Actif,Compte courant,63,Oran,Santé,Crédit d'exploitation,3.6,161800.0,37000.0,2599000.0,64700.0,48,9.01,30.7,0.71,0,0,0,0,17.5,511400.0,159.1
BNA004241,Bensalem,Adel,Grande Entreprise,Actif,Compte courant,27,Constantine,Transport,Crédit personnel,14.5,868900.0,188100.0,4518000.0,382700.0,12,3.04,83.0,0.368,1,0,30,1,45.6,693900.0,31.6
BNA004242,Mokhtar,Rachid,Particulier,Actif,Compte courant,29,Djelfa,BTPH,Crédit immobilier,4.9,98200.0,63800.0,1449000.0,26900.0,72,10.07,66.3,0.325,1,0,45,2,51.9,-41500.0,74.6
BNA004243,Rahmani,Ibrahim,Professionnel,Actif,Compte épargne,35,Biskra,Transport,Crédit équipement,6.4,220000.0,130400.0,8310000.0,126600.0,72,3.1,70.3,0.558,1,0,15,0,53.2,-17600.0,77.0
BNA004244,Brahimi,Yacine,Particulier,Actif,Compte entreprise,65,Alger,Agriculture,Crédit équipement,10.2,93800.0,51700.0,2027000.0,32800.0,72,5.12,83.1,0.274,0,0,90,1,40.6,55700.0,64.0
BNA004245,Slimani,Hichem,PME,Actif,Compte courant,56,Batna,Pharmacie,Crédit personnel,6.7,683800.0,160700.0,5936000.0,191700.0,36,10.05,6.9,0.6,0,0,5,1,16.4,119000.0,125.6
BNA004246,Belkacem,Walid,Particulier,Actif,Compte professionnel,37,Annaba,Agriculture,Crédit d'exploitation,7.9,132500.0,77000.0,728000.0,10100.0,84,4.4,59.8,0.34,0,0,120,4,57.5,280300.0,64.8
BNA004247,Amrani,Sofiane,Particulier,Actif,Compte courant,55,Sétif,Pharmacie,Crédit d'investissement,8.6,50500.0,15000.0,406000.0,7800.0,60,5.93,55.4,0.744,2,0,0,2,31.2,78300.0,101.3
BNA004248,Gacem,Tarek,Particulier,Actif,Compte courant,57,Biskra,Pharmacie,Crédit d'exploitation,1.8,75300.0,43500.0,587000.0,18500.0,36,8.44,20.4,0.76,0,1,45,3,66.1,14100.0,77.5
BNA004249,Ferhat,Aymen,Particulier,Actif,Compte courant,55,Constantine,Santé,Crédit équipement,13.4,188900.0,114700.0,1162000.0,22600.0,60,6.17,90.8,0.28,1,1,5,4,51.8,-55800.0,48.6
BNA004250,Mansouri,Aymen,Particulier,Actif,Compte courant,61,Batna,Industrie,Crédit immobilier,3.6,111800.0,66300.0,430000.0,13000.0,36,5.61,88.6,0.267,2,0,120,3,41.0,63700.0,68.4
BNA004251,Amrani,Yacine,Particulier,Actif,Compte épargne,49,Béjaïa,Industrie,Crédit personnel,9.7,66700.0,19000.0,528000.0,8300.0,72,4.05,31.9,0.845,0,0,0,1,36.2,85500.0,141.6
BNA004252,Mansouri,Yacine,Particulier,Actif,Compte courant,34,Tlemcen,Santé,Crédit équipement,4.7,87300.0,65100.0,329000.0,4700.0,84,5.27,88.3,0.19,0,4,30,3,78.6,-51900.0,29.2
BNA004253,Dahmani,Adel,Professionnel,Actif,Compte professionnel,35,Constantine,Industrie,Crédit équipement,9.3,336000.0,241600.0,4340000.0,78700.0,60,3.37,82.5,0.744,2,0,15,1,39.0,-79500.0,39.7
BNA004254,Mansouri,Walid,Particulier,Inactif,Compte professionnel,58,Alger,Santé,Crédit d'investissement,9.2,107900.0,58200.0,1059000.0,20100.0,60,5.14,99.3,0.731,0,1,60,1,32.7,82700.0,48.5
BNA004255,Belaid,Walid,PME,Actif,Compte courant,57,Laghouat,Transport,Crédit équipement,7.8,247400.0,113800.0,2061000.0,31900.0,72,3.6,51.7,0.446,2,2,60,0,37.2,313200.0,78.3
BNA004256,Yahiaoui,Tarek,Particulier,Actif,Compte courant,38,Blida,Santé,Crédit d'exploitation,13.0,126400.0,85800.0,2264000.0,43500.0,60,5.76,50.8,0.288,0,0,90,2,51.6,-119400.0,72.9
BNA004257,Yahiaoui,Yacine,Particulier,Actif,Compte courant,64,Biskra,BTPH,Crédit personnel,13.6,134100.0,96500.0,1679000.0,49600.0,36,4.07,77.6,0.531,2,1,60,3,50.1,202400.0,116.6
BNA004258,Chibani,Riad,PME,Actif,Compte entreprise,47,Sétif,Agriculture,Crédit équipement,20.0,2230500.0,479700.0,12202000.0,283100.0,48,5.37,40.7,0.453,1,0,10,0,31.7,1687400.0,141.2
BNA004259,Nouri,Farid,PME,Actif,Compte courant,27,Biskra,Pharmacie,Crédit personnel,2.6,1130300.0,696900.0,5136000.0,129800.0,48,9.81,88.9,0.424,0,2,60,3,72.5,-419600.0,67.1
BNA004260,Brahimi,Nassim,Particulier,Actif,Compte épargne,28,Tlemcen,Agriculture,Crédit immobilier,6.0,67800.0,17000.0,614000.0,11900.0,60,6.07,19.0,0.891,0,0,0,0,17.9,35400.0,96.5
BNA004261,Belkacem,Adel,Particulier,Actif,Compte épargne,48,Laghouat,Pharmacie,Crédit d'exploitation,14.6,96300.0,55400.0,265000.0,12000.0,24,8.41,69.9,0.372,2,2,45,3,62.3,-159500.0,93.7
BNA004262,Touati,Bilal,Particulier,Actif,Compte courant,57,Annaba,Santé,Crédit d'exploitation,5.4,63700.0,19800.0,499000.0,21600.0,24,3.74,3.2,0.85,0,0,0,0,4.0,185800.0,106.3
BNA004263,Bensalem,Oussama,Particulier,Actif,Compte professionnel,59,Djelfa,Transport,Crédit d'exploitation,3.9,104700.0,64200.0,1414000.0,42000.0,36,4.35,85.6,0.308,0,3,180,1,36.5,-212000.0,74.1
BNA004264,Meziane,Bilal,Particulier,Actif,Compte courant,51,Blida,Santé,Crédit personnel,5.0,148900.0,107500.0,407000.0,11900.0,36,3.63,68.0,0.32,5,2,45,0,57.0,-88600.0,41.9
BNA004265,Benyahia,Riad,PME,Actif,Compte épargne,63,Biskra,Santé,Crédit immobilier,4.4,277100.0,179800.0,1784000.0,39800.0,48,3.42,72.9,0.529,3,0,120,4,34.6,-277600.0,40.2
BNA004266,Mansouri,Kamel,PME,Actif,Compte professionnel,50,Béjaïa,Industrie,Crédit personnel,6.6,352700.0,140000.0,1395000.0,64500.0,24,10.23,83.4,0.826,0,1,30,0,61.2,641900.0,63.7
BNA004267,Khelifi,Imad,Particulier,Actif,Compte courant,49,Alger,Pharmacie,Crédit immobilier,10.2,79700.0,43600.0,580000.0,9400.0,84,9.36,100.0,0.463,1,2,90,0,37.8,6700.0,111.2
BNA004268,Mokhtar,Hichem,PME,Actif,Compte courant,59,Blida,Agriculture,Crédit d'exploitation,2.2,415200.0,90600.0,1965000.0,38600.0,60,6.71,40.3,0.899,0,0,0,0,21.3,738500.0,123.0
BNA004269,Gacem,Ibrahim,Particulier,Actif,Compte épargne,43,Béjaïa,Industrie,Crédit personnel,2.7,94500.0,29100.0,812000.0,14800.0,60,3.53,41.1,0.803,1,0,5,0,17.7,118100.0,127.9
BNA004270,Khelifi,Amine,PME,Actif,Compte entreprise,44,Béjaïa,Transport,Crédit équipement,1.4,2175100.0,895200.0,13133000.0,269500.0,60,8.52,66.8,0.468,4,1,120,1,55.5,-329300.0,7.3
BNA004271,Khelifi,Imad,Professionnel,Actif,Compte professionnel,46,Biskra,Industrie,Crédit d'investissement,1.2,103100.0,15000.0,1537000.0,29000.0,60,4.96,42.8,0.684,0,0,0,0,14.3,530600.0,95.5
BNA004272,Belaid,Abdelkader,PME,Actif,Compte épargne,32,Constantine,Industrie,Crédit d'investissement,15.0,224000.0,71200.0,1134000.0,20300.0,72,8.78,81.9,0.295,2,2,60,0,66.4,170600.0,68.8
BNA004273,Slimani,Ahmed,PME,Actif,Compte courant,29,Djelfa,Santé,Crédit d'investissement,19.8,548900.0,288300.0,6629000.0,163200.0,48,8.44,64.1,0.184,0,1,5,0,41.4,-532800.0,73.6
BNA004274,Hadji,Karim,Particulier,Actif,Compte épargne,40,Laghouat,BTPH,Crédit immobilier,3.1,156500.0,86800.0,1447000.0,25200.0,72,7.77,68.6,0.635,0,2,60,1,29.9,74900.0,30.8
BNA004275,Larbi,Riad,PME,Actif,Compte épargne,29,Alger,Services,Crédit d'exploitation,13.4,455800.0,217200.0,3150000.0,42700.0,84,3.77,61.6,0.493,1,3,15,3,37.1,326400.0,68.0
BNA004276,Belaid,Yacine,Particulier,Actif,Compte courant,41,Béjaïa,Agriculture,Crédit personnel,12.7,212900.0,152200.0,1282000.0,23800.0,60,4.28,90.9,0.673,0,4,90,0,47.2,309100.0,95.5
BNA004277,Amrani,Abdelkader,Particulier,Actif,Compte entreprise,29,Biskra,Agriculture,Crédit d'investissement,5.3,65100.0,15000.0,587000.0,8600.0,84,6.26,30.9,0.476,0,0,0,0,36.8,28900.0,115.0
BNA004278,Mansouri,Samir,Professionnel,Actif,Compte courant,65,Biskra,BTPH,Crédit d'investissement,3.4,223100.0,184400.0,2064000.0,177400.0,12,5.75,86.1,0.335,1,1,120,2,45.6,-315100.0,93.1
BNA004279,Belaid,Salim,Particulier,Actif,Compte courant,44,Batna,Transport,Crédit personnel,3.1,82000.0,51300.0,1081000.0,18100.0,72,6.26,69.5,0.477,2,1,45,1,28.0,3100.0,51.0
BNA004280,Belkacem,Youcef,Particulier,Actif,Compte épargne,60,Laghouat,Transport,Crédit équipement,9.7,84000.0,58200.0,470000.0,41400.0,12,10.23,70.9,0.232,1,3,60,0,49.6,-35600.0,54.4
BNA004281,Khelifi,Riad,Particulier,Actif,Compte épargne,43,Blida,Agriculture,Crédit d'exploitation,2.2,161900.0,66100.0,1074000.0,33000.0,36,6.74,87.5,0.08,2,1,30,0,63.4,21000.0,141.6
BNA004282,Yahiaoui,Kamel,Particulier,Actif,Compte courant,52,Batna,Services,Crédit équipement,3.5,124200.0,96700.0,1545000.0,32500.0,60,9.6,53.9,0.439,4,0,150,2,34.2,95900.0,97.3
BNA004283,Brahimi,Nabil,Professionnel,Actif,Compte épargne,54,Constantine,Commerce,Crédit immobilier,8.1,160000.0,84000.0,1484000.0,130000.0,12,9.39,84.5,0.857,2,2,0,4,29.9,73200.0,60.2
BNA004284,Mebarki,Walid,PME,Actif,Compte entreprise,39,Béjaïa,Santé,Crédit d'investissement,16.7,525500.0,55300.0,1972000.0,169200.0,12,5.4,32.2,0.805,0,0,0,0,44.3,956700.0,57.1
BNA004285,Boudiaf,Nassim,Particulier,Actif,Compte entreprise,25,Tlemcen,Commerce,Crédit d'investissement,1.1,90600.0,59800.0,608000.0,26300.0,24,3.52,81.6,0.5,5,0,90,3,31.2,52500.0,71.6
BNA004286,Guediri,Tarek,Professionnel,Actif,Compte épargne,39,Batna,BTPH,Crédit personnel,11.9,161300.0,96600.0,2997000.0,92800.0,36,7.17,77.0,0.514,1,2,150,2,53.2,197300.0,54.5
BNA004287,Zerrouki,Riad,PME,Actif,Compte professionnel,46,Batna,Agriculture,Crédit d'investissement,14.7,462900.0,312400.0,4453000.0,78000.0,72,7.96,67.9,0.334,6,0,150,5,42.1,478100.0,94.6
BNA004288,Belkacem,Hichem,Particulier,Actif,Compte professionnel,54,Djelfa,Pharmacie,Crédit immobilier,1.2,85700.0,53900.0,878000.0,26100.0,36,4.57,79.1,0.359,0,1,45,0,42.7,127200.0,46.6
BNA004289,Mebarki,Rachid,PME,Actif,Compte professionnel,63,Oran,Commerce,Crédit personnel,6.0,970300.0,329700.0,9641000.0,423100.0,24,5.03,78.3,0.274,1,1,60,2,49.7,57800.0,88.0
BNA004290,Dahmani,Aymen,Grande Entreprise,Actif,Compte professionnel,27,Annaba,Santé,Crédit d'exploitation,4.7,1600100.0,221200.0,10111000.0,157500.0,72,3.85,13.6,0.802,0,0,0,0,25.1,3982300.0,159.7
BNA004291,Meziane,Walid,PME,Actif,Compte épargne,45,Annaba,Pharmacie,Crédit immobilier,3.2,985800.0,591900.0,9307000.0,189400.0,60,8.16,59.1,0.529,5,1,30,0,30.9,1187500.0,57.2
BNA004292,Touati,Oussama,Particulier,Actif,Compte courant,24,Tlemcen,BTPH,Crédit équipement,10.9,52500.0,38200.0,286000.0,6100.0,60,10.19,89.9,0.304,1,1,180,2,49.6,-21200.0,75.1
BNA004293,Haddad,Karim,Particulier,Actif,Compte professionnel,58,Djelfa,Santé,Crédit personnel,7.7,56700.0,21500.0,200000.0,3900.0,60,6.68,69.7,0.113,6,2,60,3,50.0,-54000.0,68.1
BNA004294,Amrani,Ilyes,PME,Actif,Compte épargne,36,Biskra,Santé,Crédit immobilier,10.3,652100.0,411300.0,10905000.0,352800.0,36,10.18,62.3,0.535,1,1,90,0,19.7,133500.0,64.6
BNA004295,Mokhtar,Nabil,PME,Actif,Compte entreprise,51,Oran,Santé,Crédit équipement,19.5,2006500.0,1421600.0,15246000.0,693300.0,24,8.55,100.0,0.256,2,0,60,0,52.4,903000.0,106.4
BNA004296,Djelloul,Ilyes,PME,Actif,Compte professionnel,54,Laghouat,BTPH,Crédit personnel,15.7,1026700.0,543500.0,13396000.0,331800.0,48,8.76,50.5,0.494,4,0,90,4,43.7,553400.0,102.2
BNA004297,Haddad,Islam,PME,Actif,Compte épargne,57,Biskra,Agriculture,Crédit d'investissement,10.2,576000.0,368100.0,1908000.0,29000.0,72,3.02,93.0,0.554,3,1,120,2,30.0,-772900.0,80.9
BNA004298,Yahiaoui,Rachid,Particulier,Actif,Compte épargne,63,Oran,Pharmacie,Crédit équipement,11.4,122800.0,62400.0,942000.0,21700.0,48,4.91,73.7,0.5,5,2,30,2,47.0,75700.0,66.5
BNA004299,Rahmani,Mourad,Particulier,Actif,Compte épargne,59,Alger,Industrie,Crédit immobilier,4.8,75600.0,27700.0,582000.0,18600.0,36,9.34,60.2,0.66,0,0,0,0,8.8,167500.0,59.7
BNA004300,Zerrouki,Amine,Particulier,Actif,Compte épargne,51,Tlemcen,Agriculture,Crédit d'exploitation,10.2,60200.0,15000.0,547000.0,13900.0,48,10.27,46.3,0.848,1,0,0,0,36.8,126900.0,57.9
BNA004301,Benali,Ilyes,Particulier,Actif,Compte épargne,35,Biskra,Commerce,Crédit personnel,4.2,42600.0,17300.0,200000.0,6000.0,36,5.49,64.1,0.029,1,1,30,3,38.4,-56200.0,89.6
BNA004302,Touati,Youcef,Particulier,Inactif,Compte entreprise,45,Oran,Pharmacie,Crédit immobilier,3.9,103800.0,68800.0,1039000.0,31800.0,36,6.41,100.0,0.46,4,2,60,3,65.1,36600.0,84.5
BNA004303,Boudiaf,Ahmed,Particulier,Actif,Compte courant,45,Blida,Pharmacie,Crédit personnel,4.4,62400.0,15000.0,672000.0,12700.0,60,4.97,38.8,0.542,0,1,0,0,18.5,-24700.0,104.3
BNA004304,Nouri,Yacine,PME,Actif,Compte courant,48,Sétif,Industrie,Crédit d'investissement,8.2,491300.0,338000.0,3550000.0,78600.0,48,3.04,87.9,0.463,0,0,45,2,35.3,-205800.0,61.5
BNA004305,Khelifi,Amine,Particulier,Actif,Compte courant,47,Sétif,Pharmacie,Crédit personnel,6.8,53300.0,15000.0,227000.0,5100.0,48,3.58,40.6,0.728,0,0,0,0,32.4,82700.0,118.5
BNA004306,Djelloul,Anis,Particulier,Actif,Compte courant,46,Constantine,Santé,Crédit d'investissement,4.6,78100.0,45500.0,717000.0,22700.0,36,8.71,61.0,0.604,0,1,60,2,60.7,95100.0,59.4
BNA004307,Nouri,Ibrahim,Particulier,Actif,Compte entreprise,25,Batna,Commerce,Crédit personnel,6.7,49100.0,15000.0,414000.0,7700.0,60,4.36,21.9,0.804,0,0,0,0,21.6,107100.0,101.7
BNA004308,Ferhat,Karim,Particulier,Actif,Compte épargne,40,Sétif,BTPH,Crédit d'exploitation,6.5,108800.0,49800.0,659000.0,11100.0,72,6.52,11.1,0.822,0,1,0,1,11.9,306100.0,106.8
BNA004309,Touati,Islam,PME,Actif,Compte entreprise,27,Sétif,Transport,Crédit d'exploitation,4.7,553900.0,134100.0,1651000.0,49200.0,36,4.62,46.0,0.508,0,0,0,0,4.0,1849700.0,123.4
BNA004310,Brahimi,Walid,Particulier,Actif,Compte courant,42,Oran,Services,Crédit d'investissement,1.3,90700.0,44600.0,477000.0,9800.0,60,8.63,67.7,0.086,0,0,60,0,49.0,71800.0,41.5
BNA004311,Boudiaf,Nabil,Particulier,Actif,Compte courant,41,Batna,Agriculture,Crédit immobilier,1.8,48800.0,21700.0,488000.0,8100.0,72,6.15,29.2,0.542,1,0,0,0,7.8,229400.0,96.6
BNA004312,Hadji,Salim,Particulier,Actif,Compte courant,26,Blida,Industrie,Crédit d'exploitation,13.1,92500.0,49600.0,1593000.0,33900.0,60,10.1,84.3,0.804,1,1,30,0,32.9,106500.0,71.5
BNA004313,Mebarki,Zakaria,Particulier,Actif,Compte épargne,47,Tlemcen,Industrie,Crédit personnel,4.6,96500.0,55600.0,789000.0,20000.0,48,10.01,100.0,0.182,1,0,120,2,44.1,-162300.0,47.6
BNA004314,Benali,Karim,Particulier,Actif,Compte courant,29,Constantine,BTPH,Crédit personnel,7.6,53100.0,26100.0,547000.0,13300.0,48,7.85,94.5,0.664,0,1,10,0,36.8,1500.0,38.0
BNA004315,Mebarki,Sofiane,Particulier,Actif,Compte courant,41,Oran,Transport,Crédit personnel,5.5,144100.0,100500.0,2104000.0,48000.0,48,4.53,79.9,0.284,2,0,60,0,67.9,162500.0,81.8
BNA004316,Gacem,Rachid,PME,Actif,Compte entreprise,42,Oran,Transport,Crédit d'exploitation,1.9,1074700.0,359800.0,3341000.0,83300.0,48,9.13,27.7,0.733,0,0,0,1,18.3,4590000.0,81.4
BNA004317,Khelifi,Adel,Professionnel,Actif,Compte épargne,54,Oran,Santé,Crédit d'investissement,9.1,254400.0,110200.0,2282000.0,73700.0,36,10.04,26.3,0.898,1,0,0,0,32.9,653200.0,156.0
BNA004318,Zerrouki,Imad,PME,Actif,Compte courant,63,Blida,Industrie,Crédit immobilier,5.6,273500.0,148800.0,1704000.0,33200.0,60,6.29,81.7,0.57,3,2,60,1,34.1,-154500.0,94.3
BNA004319,Belaid,Islam,Particulier,Actif,Compte courant,28,Djelfa,Pharmacie,Crédit d'exploitation,3.3,225800.0,31200.0,2109000.0,49200.0,48,5.64,42.3,0.608,0,1,0,0,34.5,892000.0,93.1
BNA004320,Nouri,Kamel,Particulier,Actif,Compte courant,45,Laghouat,Pharmacie,Crédit équipement,6.8,146000.0,75300.0,2398000.0,38800.0,84,9.18,74.6,0.189,1,0,45,4,31.4,112100.0,64.8
BNA004321,Haddad,Anis,Professionnel,Actif,Compte courant,58,Constantine,BTPH,Crédit d'exploitation,11.4,401100.0,143800.0,2172000.0,37000.0,72,6.98,100.0,0.448,2,1,60,3,46.8,216500.0,16.5
BNA004322,Mebarki,Nassim,Particulier,Actif,Compte entreprise,23,Alger,Santé,Crédit personnel,7.6,41600.0,21600.0,400000.0,12500.0,36,7.61,89.7,0.119,6,1,120,2,41.6,22900.0,47.4
BNA004323,Ferhat,Adel,Grande Entreprise,Actif,Compte courant,61,Biskra,Industrie,Crédit immobilier,8.9,2206400.0,1320600.0,43802000.0,1362300.0,36,7.49,70.8,0.614,0,1,30,5,52.5,-1400400.0,91.1
BNA004324,Khelifi,Zakaria,PME,Actif,Compte courant,63,Biskra,Commerce,Crédit personnel,10.4,320800.0,171300.0,1971000.0,40900.0,60,8.98,85.8,0.343,0,0,90,1,51.0,-21400.0,58.0
BNA004325,Dahmani,Mourad,Particulier,Actif,Compte courant,25,Laghouat,Santé,Crédit personnel,7.4,107700.0,80000.0,874000.0,16400.0,60,4.72,60.4,0.31,2,1,10,2,40.9,-74700.0,57.1
BNA004326,Guediri,Aymen,Particulier,Actif,Compte professionnel,24,Laghouat,Industrie,Crédit équipement,7.8,94700.0,71800.0,537000.0,8200.0,72,3.01,69.0,0.338,2,2,30,2,44.3,90200.0,41.4
BNA004327,Mokhtar,Tarek,PME,Actif,Compte professionnel,46,Béjaïa,Pharmacie,Crédit d'exploitation,4.9,924200.0,507800.0,5267000.0,122500.0,48,5.52,86.3,0.297,1,1,10,2,33.5,749600.0,28.6
BNA004328,Mebarki,Karim,Particulier,Actif,Compte courant,28,Biskra,Agriculture,Crédit d'exploitation,7.3,85500.0,25000.0,1171000.0,37400.0,36,9.23,8.6,0.806,0,0,5,0,9.1,265000.0,131.3
BNA004329,Hadji,Samir,Professionnel,Actif,Compte épargne,33,Constantine,Pharmacie,Crédit d'investissement,20.0,131600.0,84800.0,1877000.0,59700.0,36,9.05,79.3,0.562,3,2,60,1,18.5,-140300.0,85.4
BNA004330,Haddad,Aymen,PME,Actif,Compte épargne,61,Djelfa,Agriculture,Crédit d'exploitation,5.3,640300.0,359300.0,4835000.0,96600.0,60,7.36,65.9,0.275,2,1,120,1,68.0,-1040300.0,42.5
BNA004331,Djelloul,Oussama,Particulier,Actif,Compte épargne,26,Biskra,Agriculture,Crédit d'investissement,14.0,145200.0,90000.0,649000.0,11000.0,72,6.86,72.7,0.367,1,0,120,4,14.6,-220900.0,90.0
BNA004332,Meziane,Walid,PME,Actif,Compte entreprise,63,Tlemcen,Industrie,Crédit d'exploitation,14.8,355000.0,93000.0,1653000.0,41600.0,48,9.59,56.0,0.828,0,0,0,0,30.6,1737000.0,108.4
BNA004333,Brahimi,Samir,PME,Actif,Compte épargne,26,Blida,Services,Crédit d'investissement,4.4,607400.0,109500.0,4916000.0,90400.0,60,3.96,33.1,0.791,0,0,5,0,33.2,2371000.0,145.9
BNA004334,Rahmani,Samir,Particulier,Actif,Compte courant,51,Blida,Pharmacie,Crédit personnel,8.8,106500.0,28800.0,915000.0,18600.0,60,8.0,10.8,0.837,0,0,15,0,14.4,220000.0,108.1
BNA004335,Dahmani,Amine,Particulier,Actif,Compte courant,33,Tlemcen,Industrie,Crédit équipement,1.4,136200.0,53700.0,919000.0,17900.0,60,6.3,63.7,0.566,1,1,90,1,40.9,56600.0,75.2
BNA004336,Ferhat,Rachid,Professionnel,Actif,Compte professionnel,62,Sétif,Transport,Crédit personnel,5.9,178100.0,118800.0,2422000.0,74900.0,36,7.07,78.3,0.527,2,1,90,1,29.6,-257300.0,63.2
BNA004337,Gacem,Rachid,Particulier,Actif,Compte courant,34,Batna,Pharmacie,Crédit personnel,3.8,49400.0,15000.0,952000.0,29800.0,36,8.0,2.0,0.957,0,0,0,0,36.0,76700.0,106.1
BNA004338,Slimani,Yacine,Particulier,Actif,Compte professionnel,32,Tlemcen,Transport,Crédit d'exploitation,9.8,79500.0,48700.0,574000.0,10400.0,72,9.23,67.8,0.598,2,0,5,0,37.0,31900.0,59.3
BNA004339,Khelifi,Nassim,Particulier,Actif,Compte courant,57,Alger,BTPH,Crédit immobilier,7.5,113900.0,60900.0,443000.0,20200.0,24,8.75,80.4,0.23,2,0,90,2,33.8,-88300.0,19.4
BNA004340,Khelifi,Amine,Professionnel,Actif,Compte professionnel,46,Annaba,Industrie,Crédit d'exploitation,6.7,93400.0,63800.0,1026000.0,18000.0,72,7.98,73.5,0.74,2,1,0,1,37.0,-60400.0,58.3
BNA004341,Touati,Riad,Grande Entreprise,Actif,Compte épargne,42,Blida,Services,Crédit d'exploitation,8.4,1550900.0,1175900.0,6348000.0,93300.0,84,6.17,90.0,0.068,1,2,90,4,48.6,-2220800.0,123.2
BNA004342,Meziane,Youcef,Particulier,Actif,Compte courant,40,Laghouat,Transport,Crédit d'exploitation,20.0,128200.0,58500.0,1858000.0,59700.0,36,9.77,77.9,0.37,3,1,5,0,35.7,-122600.0,50.5
BNA004343,Belaid,Adel,Particulier,Actif,Compte professionnel,34,Blida,Services,Crédit équipement,14.5,47100.0,33600.0,200000.0,3200.0,84,8.96,74.2,0.789,2,1,120,6,63.7,56200.0,97.9
BNA004344,Benali,Ibrahim,Professionnel,Actif,Compte courant,37,Blida,Commerce,Crédit d'investissement,7.8,105800.0,39300.0,1206000.0,23000.0,60,5.51,94.0,0.045,3,1,45,1,75.5,-19300.0,133.0
BNA004345,Rahmani,Imad,Particulier,Actif,Compte courant,60,Sétif,Santé,Crédit immobilier,2.5,42500.0,18300.0,629000.0,8700.0,84,4.44,43.5,0.849,0,0,0,0,17.7,70500.0,65.7
BNA004346,Meziane,Mourad,Particulier,Actif,Compte entreprise,60,Annaba,Santé,Crédit immobilier,2.4,96800.0,42400.0,483000.0,11700.0,48,7.4,73.4,0.329,1,3,0,4,15.4,28800.0,88.3
BNA004347,Gacem,Tarek,Grande Entreprise,Actif,Compte entreprise,45,Tlemcen,Industrie,Crédit équipement,2.4,1800200.0,1370000.0,14249000.0,625300.0,24,5.02,79.2,0.234,2,0,60,1,20.3,-760500.0,62.2
BNA004348,Bensalem,Anis,Particulier,Actif,Compte entreprise,40,Laghouat,Commerce,Crédit d'exploitation,4.2,93200.0,35900.0,845000.0,16200.0,60,5.61,83.6,0.282,2,2,60,2,52.4,136000.0,58.6
BNA004349,Boudiaf,Abdelkader,Particulier,Actif,Compte professionnel,63,Alger,Santé,Crédit d'investissement,6.9,61900.0,48600.0,987000.0,13200.0,84,3.29,67.3,0.292,3,0,180,1,48.5,62400.0,39.8
BNA004350,Belaid,Rachid,PME,Inactif,Compte courant,49,Alger,Pharmacie,Crédit d'exploitation,8.9,436300.0,324700.0,2419000.0,55700.0,48,5.02,68.6,0.251,5,0,180,1,45.1,-326800.0,63.1
BNA004351,Bensalem,Ibrahim,PME,Actif,Compte professionnel,65,Djelfa,Services,Crédit immobilier,3.6,560500.0,197300.0,2487000.0,77000.0,36,7.2,19.2,0.875,0,0,0,1,27.9,1436500.0,112.3
BNA004352,Belaid,Rachid,Particulier,Actif,Compte courant,48,Constantine,Santé,Crédit d'exploitation,9.0,49300.0,15500.0,397000.0,17700.0,24,6.37,37.8,0.346,2,1,45,1,63.5,50300.0,53.9
BNA004353,Amrani,Rachid,PME,Inactif,Compte entreprise,50,Oran,Pharmacie,Crédit d'exploitation,0.5,582100.0,122300.0,5401000.0,92900.0,72,7.32,5.2,0.801,1,0,0,0,22.5,1814400.0,61.2
BNA004354,Rahmani,Ilyes,Particulier,Actif,Compte entreprise,48,Laghouat,Services,Crédit d'exploitation,1.0,124100.0,81100.0,1142000.0,28000.0,48,8.19,78.8,0.517,3,1,15,4,50.2,53800.0,28.9
BNA004355,Mansouri,Kamel,Professionnel,Actif,Compte courant,50,Batna,Agriculture,Crédit personnel,3.7,145700.0,26800.0,2643000.0,63500.0,48,7.21,43.7,0.843,0,0,0,1,19.8,120600.0,132.6
BNA004356,Gacem,Islam,Particulier,Actif,Compte épargne,31,Biskra,Pharmacie,Crédit personnel,7.1,35000.0,15000.0,424000.0,37000.0,12,8.52,31.0,0.803,0,0,0,0,33.1,67800.0,84.0
BNA004357,Belkacem,Kamel,PME,Actif,Compte entreprise,32,Sétif,Commerce,Crédit d'exploitation,4.7,864200.0,601500.0,10450000.0,915300.0,12,9.29,47.1,0.277,0,1,30,2,47.6,258100.0,35.4
BNA004358,Boudiaf,Ilyes,Particulier,Actif,Compte professionnel,27,Béjaïa,Industrie,Crédit équipement,14.0,99100.0,30900.0,269000.0,8300.0,36,6.98,57.3,0.875,0,0,0,1,15.2,373200.0,41.6
BNA004359,Meziane,Youcef,PME,Actif,Compte courant,38,Annaba,Commerce,Crédit d'investissement,4.0,1179500.0,224900.0,2663000.0,115400.0,24,3.83,11.0,0.885,1,0,0,0,19.8,3173800.0,162.4
BNA004360,Nouri,Yacine,Particulier,Inactif,Compte épargne,40,Béjaïa,Agriculture,Crédit personnel,11.7,176300.0,128900.0,1382000.0,33700.0,48,7.86,88.3,0.223,2,0,120,4,61.1,121800.0,67.9
BNA004361,Bensalem,Zakaria,Particulier,Inactif,Compte courant,41,Biskra,Santé,Crédit immobilier,2.7,94200.0,38700.0,717000.0,17100.0,48,6.7,99.7,0.717,2,0,30,3,22.9,4000.0,84.1
BNA004362,Mebarki,Sofiane,PME,Actif,Compte courant,45,Béjaïa,BTPH,Crédit équipement,4.6,981100.0,233400.0,6639000.0,112900.0,72,6.92,19.0,0.829,1,0,0,0,24.7,453200.0,137.1
BNA004363,Nouri,Nabil,PME,Actif,Compte professionnel,57,Djelfa,Santé,Crédit personnel,6.3,514300.0,293000.0,3892000.0,74200.0,60,5.45,63.3,0.162,3,4,5,1,55.8,427600.0,48.2
BNA004364,Haddad,Ahmed,PME,Inactif,Compte épargne,31,Tlemcen,Industrie,Crédit personnel,2.9,389900.0,97000.0,1135000.0,21700.0,60,5.51,13.9,0.815,0,0,0,0,28.8,584700.0,169.5
BNA004365,Mokhtar,Ilyes,Particulier,Actif,Compte professionnel,32,Tlemcen,Agriculture,Crédit équipement,10.4,104000.0,48500.0,745000.0,16000.0,60,10.41,24.8,0.344,3,2,120,1,23.7,-68200.0,71.6
BNA004366,Slimani,Tarek,PME,Actif,Compte courant,34,Sétif,Santé,Crédit d'exploitation,5.5,1498800.0,847800.0,10398000.0,323100.0,36,7.43,65.2,0.728,1,1,45,1,48.9,-1532200.0,62.1
BNA004367,Zerrouki,Mohamed,PME,Actif,Compte courant,57,Biskra,Santé,Crédit d'exploitation,15.1,535500.0,333300.0,1251000.0,18800.0,84,6.85,100.0,0.381,3,3,45,3,33.8,-191600.0,96.3
BNA004368,Haddad,Ibrahim,Professionnel,Actif,Compte courant,58,Laghouat,Industrie,Crédit personnel,2.9,73100.0,47000.0,842000.0,12000.0,84,5.3,91.4,0.156,1,1,90,2,38.1,11600.0,70.2
BNA004369,Meziane,Nabil,Particulier,Actif,Compte épargne,53,Tlemcen,Santé,Crédit d'investissement,4.9,191800.0,64300.0,1318000.0,38500.0,36,3.36,14.3,0.584,0,0,0,0,32.1,452600.0,100.9
BNA004370,Yahiaoui,Mourad,Particulier,Actif,Compte entreprise,49,Blida,Transport,Crédit équipement,10.9,129800.0,80600.0,1106000.0,17000.0,84,7.65,76.5,0.607,1,0,60,2,39.7,108500.0,53.2
BNA004371,Dahmani,Islam,PME,Actif,Compte courant,43,Alger,BTPH,Crédit d'exploitation,5.9,358300.0,103300.0,2852000.0,86100.0,36,5.49,31.7,0.686,0,0,0,1,16.4,1257500.0,140.4
BNA004372,Cherif,Farid,Particulier,Actif,Compte courant,63,Djelfa,Transport,Crédit personnel,2.6,127800.0,61300.0,1290000.0,22300.0,72,7.52,74.5,0.351,2,0,120,2,15.9,-400.0,49.9
BNA004373,Khelifi,Karim,Particulier,Actif,Compte courant,41,Annaba,Transport,Crédit d'exploitation,3.3,96800.0,23400.0,1032000.0,30100.0,36,3.3,31.0,0.902,0,0,0,2,28.9,341300.0,142.5
BNA004374,Gacem,Ibrahim,PME,Actif,Compte courant,51,Alger,Transport,Crédit équipement,4.0,904900.0,498800.0,7451000.0,183200.0,48,8.38,82.4,0.177,2,0,120,0,39.7,-359600.0,77.7
BNA004375,Chibani,Farid,PME,Actif,Compte épargne,49,Blida,Santé,Crédit personnel,3.0,918900.0,669200.0,6774000.0,131200.0,60,6.07,63.1,0.721,0,1,15,0,52.4,-1080800.0,69.0
BNA004376,Guediri,Mohamed,Particulier,Actif,Compte professionnel,46,Laghouat,Pharmacie,Crédit d'investissement,20.0,76300.0,38700.0,425000.0,13300.0,36,8.16,58.4,0.241,1,0,45,0,44.2,52300.0,59.3
BNA004377,Mebarki,Salim,Particulier,Actif,Compte courant,23,Djelfa,Pharmacie,Crédit d'investissement,12.1,77100.0,48600.0,429000.0,10100.0,48,6.06,83.3,0.404,0,2,90,2,38.0,41600.0,96.7
BNA004378,Rahmani,Sofiane,Particulier,Actif,Compte entreprise,40,Alger,Santé,Crédit immobilier,7.4,208000.0,118900.0,888000.0,18900.0,60,10.14,91.7,0.459,2,0,180,2,28.9,333100.0,101.8
BNA004379,Rahmani,Rachid,Particulier,Actif,Compte épargne,23,Batna,Industrie,Crédit d'investissement,4.7,95100.0,43000.0,740000.0,22300.0,36,5.43,72.9,0.19,0,1,45,1,39.8,98700.0,36.8
BNA004380,Guediri,Youcef,Particulier,Actif,Compte professionnel,31,Blida,Transport,Crédit immobilier,6.9,61100.0,20600.0,727000.0,17300.0,48,6.82,74.8,0.279,2,0,150,4,48.8,40100.0,61.2
BNA004381,Guediri,Islam,PME,Actif,Compte courant,31,Djelfa,Transport,Crédit d'investissement,11.6,1079500.0,767200.0,5769000.0,113000.0,60,6.54,49.3,0.731,0,0,150,2,28.9,-1565800.0,76.6
BNA004382,Mansouri,Ahmed,PME,Actif,Compte épargne,42,Alger,Industrie,Crédit immobilier,7.4,819400.0,247400.0,20271000.0,426300.0,60,9.56,92.3,0.553,2,0,45,2,30.3,881500.0,75.2
BNA004383,Belaid,Kamel,Professionnel,Actif,Compte courant,31,Biskra,BTPH,Crédit équipement,9.5,133300.0,78000.0,1603000.0,70600.0,24,5.42,67.1,0.6,2,0,10,4,55.9,113300.0,100.7
BNA004384,Chibani,Bilal,Particulier,Actif,Compte courant,54,Oran,Commerce,Crédit équipement,7.3,69700.0,41300.0,937000.0,19600.0,60,9.25,68.5,0.567,3,0,90,2,41.2,11800.0,95.0
BNA004385,Zerrouki,Yacine,PME,Actif,Compte épargne,49,Blida,Pharmacie,Crédit équipement,15.6,238700.0,103200.0,1099000.0,21500.0,60,6.47,46.0,0.863,0,0,0,0,40.0,311600.0,68.8
BNA004386,Djelloul,Karim,Particulier,Actif,Compte courant,62,Béjaïa,Pharmacie,Crédit équipement,9.1,71500.0,44500.0,771000.0,23200.0,36,5.22,64.8,0.047,2,1,30,4,56.0,-29500.0,37.3
BNA004387,Amrani,Ilyes,Particulier,Actif,Compte épargne,55,Béjaïa,BTPH,Crédit personnel,9.4,84700.0,37200.0,1862000.0,34400.0,60,4.13,62.9,0.251,1,4,30,3,34.9,-15000.0,63.4
BNA004388,Mokhtar,Walid,Particulier,Actif,Compte entreprise,61,Biskra,Pharmacie,Crédit d'investissement,5.0,150000.0,51200.0,2139000.0,40900.0,60,5.52,61.3,0.889,0,0,0,1,17.8,219400.0,94.0
BNA004389,Khelifi,Salim,Particulier,Actif,Compte épargne,40,Tlemcen,Agriculture,Crédit d'exploitation,1.9,44800.0,29700.0,281000.0,12600.0,24,7.36,69.4,0.443,4,1,30,0,56.8,57300.0,61.9
BNA004390,Haddad,Youcef,Particulier,Actif,Compte courant,45,Oran,Commerce,Crédit d'exploitation,6.0,45400.0,15000.0,338000.0,8400.0,48,8.72,14.3,0.931,3,0,0,1,21.4,184500.0,95.5
BNA004391,Dahmani,Ahmed,Professionnel,Actif,Compte épargne,44,Oran,Services,Crédit immobilier,2.9,166800.0,68000.0,2352000.0,71300.0,36,5.79,60.2,0.297,1,3,5,1,43.8,183400.0,45.8
BNA004392,Rahmani,Nassim,Particulier,Actif,Compte courant,63,Oran,Industrie,Crédit d'investissement,12.8,113400.0,15000.0,902000.0,16800.0,72,10.28,15.0,0.67,0,0,0,0,11.3,97600.0,106.2
BNA004393,Meziane,Farid,Particulier,Actif,Compte professionnel,35,Annaba,Agriculture,Crédit d'investissement,4.7,73400.0,15000.0,200000.0,3400.0,84,10.47,32.6,0.594,0,1,0,1,12.8,135600.0,133.3
BNA004394,Brahimi,Adel,Particulier,Actif,Compte professionnel,63,Sétif,Pharmacie,Crédit immobilier,10.1,68500.0,30400.0,868000.0,21900.0,48,9.68,73.7,0.693,2,1,15,3,56.5,25800.0,107.1
BNA004395,Meziane,Sofiane,Professionnel,Actif,Compte courant,40,Batna,BTPH,Crédit immobilier,4.6,148900.0,39800.0,1219000.0,39500.0,36,10.36,68.5,0.8,0,0,0,0,26.5,157100.0,104.3
BNA004396,Mebarki,Ibrahim,PME,Actif,Compte courant,46,Alger,Agriculture,Crédit personnel,4.9,660600.0,259800.0,9247000.0,214500.0,48,5.37,98.1,0.295,3,3,90,0,45.5,-202600.0,105.7
BNA004397,Rahmani,Riad,PME,Actif,Compte courant,55,Batna,Transport,Crédit immobilier,3.9,835700.0,202600.0,5402000.0,170900.0,36,8.64,38.4,0.98,0,0,0,0,28.1,2358700.0,119.6
BNA004398,Chibani,Youcef,Particulier,Actif,Compte entreprise,54,Blida,Commerce,Crédit d'exploitation,14.3,94300.0,27800.0,944000.0,42200.0,24,6.88,84.1,0.411,0,1,180,0,48.7,-63600.0,79.8
BNA004399,Hadji,Samir,PME,Actif,Compte courant,62,Oran,Santé,Crédit personnel,7.8,1598700.0,474500.0,14063000.0,279200.0,60,7.11,88.9,0.471,2,0,120,2,64.5,2418300.0,0.0
BNA004400,Djelloul,Riad,Professionnel,Actif,Compte épargne,51,Béjaïa,Pharmacie,Crédit d'exploitation,10.6,160700.0,67700.0,2354000.0,34200.0,84,5.83,75.7,0.293,0,0,0,1,17.0,-100.0,70.6
BNA004401,Dahmani,Ahmed,Professionnel,Actif,Compte courant,63,Constantine,Commerce,Crédit d'exploitation,10.8,99200.0,42900.0,1654000.0,34300.0,60,8.98,15.3,0.725,1,0,0,0,15.6,-90700.0,93.5
BNA004402,Slimani,Mourad,Particulier,Actif,Compte entreprise,31,Annaba,Santé,Crédit personnel,1.3,109000.0,69600.0,910000.0,20300.0,48,3.47,85.7,0.697,0,0,120,2,53.6,-27700.0,99.7
BNA004403,Hadji,Nassim,PME,Actif,Compte courant,30,Batna,Industrie,Crédit d'investissement,6.6,786400.0,320700.0,6984000.0,222400.0,36,9.11,21.1,0.611,0,0,0,0,9.0,1652300.0,149.4
BNA004404,Haddad,Anis,Particulier,Actif,Compte courant,40,Biskra,Transport,Crédit équipement,12.8,47900.0,15000.0,491000.0,14700.0,36,4.76,20.8,0.73,0,0,0,0,28.2,75200.0,90.2
BNA004405,Touati,Adel,PME,Actif,Compte professionnel,41,Laghouat,Industrie,Crédit d'investissement,7.9,327900.0,238200.0,1841000.0,39500.0,60,10.37,80.3,0.244,3,4,15,1,32.0,142500.0,70.8
BNA004406,Saidi,Ilyes,Particulier,Actif,Compte entreprise,36,Batna,Commerce,Crédit d'investissement,2.2,74400.0,15000.0,356000.0,16000.0,24,7.37,13.2,0.694,0,0,0,0,12.8,182700.0,200.0
BNA004407,Khelifi,Bilal,PME,Actif,Compte épargne,52,Biskra,Industrie,Crédit d'investissement,6.1,631500.0,231900.0,10106000.0,255800.0,48,9.9,2.0,0.818,0,0,0,0,20.9,983600.0,78.5
BNA004408,Djelloul,Karim,Particulier,Actif,Compte courant,45,Annaba,BTPH,Crédit équipement,6.2,74600.0,16500.0,628000.0,27400.0,24,4.51,6.7,0.761,1,0,10,0,31.1,70100.0,162.8
BNA004409,Mansouri,Zakaria,Particulier,Actif,Compte épargne,42,Batna,Services,Crédit d'exploitation,3.6,52400.0,15000.0,200000.0,4300.0,60,10.4,15.6,0.714,2,0,0,0,26.4,25500.0,58.9
BNA004410,Belkacem,Bilal,Particulier,Actif,Compte entreprise,44,Biskra,Agriculture,Crédit d'exploitation,7.1,99100.0,43700.0,583000.0,13000.0,48,3.47,81.3,0.473,1,1,30,1,43.6,-129200.0,72.7
BNA004411,Belaid,Bilal,Particulier,Inactif,Compte courant,53,Annaba,BTPH,Crédit d'investissement,2.5,78100.0,15000.0,637000.0,11700.0,60,4.05,36.5,0.921,0,0,0,0,23.7,119300.0,74.2
BNA004412,Meziane,Mohamed,Professionnel,Actif,Compte épargne,44,Batna,Agriculture,Crédit d'investissement,5.0,96400.0,49200.0,670000.0,16700.0,48,9.12,99.2,0.567,3,1,45,3,57.8,-48800.0,75.9
BNA004413,Haddad,Islam,Particulier,Actif,Compte professionnel,44,Oran,Pharmacie,Crédit immobilier,7.2,88900.0,49100.0,824000.0,15600.0,60,5.25,78.0,0.854,1,1,90,1,43.1,118800.0,63.2
BNA004414,Gacem,Hichem,Particulier,Actif,Compte courant,46,Sétif,Transport,Crédit immobilier,2.2,73500.0,46400.0,387000.0,6900.0,72,8.7,77.0,0.457,1,1,30,1,31.1,-14000.0,99.8
BNA004415,Mokhtar,Rachid,Particulier,Actif,Compte épargne,24,Tlemcen,Industrie,Crédit équipement,10.6,158200.0,93800.0,2720000.0,69300.0,48,10.28,55.4,0.163,0,3,45,2,44.3,-18600.0,52.1
BNA004416,Belaid,Youcef,Professionnel,Actif,Compte professionnel,46,Annaba,BTPH,Crédit immobilier,7.3,80000.0,41700.0,1656000.0,24900.0,84,6.92,82.7,0.732,3,1,15,1,63.2,17200.0,68.0
BNA004417,Meziane,Sofiane,PME,Actif,Compte entreprise,47,Batna,Pharmacie,Crédit d'investissement,4.2,311600.0,188800.0,3002000.0,91200.0,36,5.91,78.5,0.714,3,2,30,2,73.6,76800.0,53.4
BNA004418,Touati,Zakaria,Particulier,Actif,Compte entreprise,39,Batna,Industrie,Crédit équipement,2.2,66900.0,45600.0,369000.0,7800.0,60,9.95,44.6,0.472,2,2,30,2,33.7,19100.0,105.9
BNA004419,Zerrouki,Amine,Professionnel,Actif,Compte entreprise,47,Batna,BTPH,Crédit d'investissement,6.6,195400.0,145900.0,5205000.0,118900.0,48,4.6,84.1,0.417,0,2,150,2,62.2,236100.0,49.5
BNA004420,Cherif,Bilal,Particulier,Actif,Compte épargne,52,Alger,Transport,Crédit immobilier,6.1,102900.0,58100.0,481000.0,15100.0,36,8.22,68.8,0.271,1,0,60,1,28.7,52200.0,82.9
BNA004421,Mokhtar,Oussama,PME,Actif,Compte professionnel,60,Laghouat,Santé,Crédit équipement,16.9,970900.0,264300.0,7630000.0,237700.0,36,7.59,53.0,0.839,0,0,0,0,12.8,1578400.0,56.3
BNA004422,Touati,Kamel,PME,Actif,Compte professionnel,59,Oran,Pharmacie,Crédit d'exploitation,8.7,473500.0,71700.0,2676000.0,49700.0,60,4.33,31.0,0.9,0,0,0,1,17.3,1308000.0,109.4
BNA004423,Meziane,Imad,Particulier,Actif,Compte courant,54,Alger,BTPH,Crédit immobilier,5.9,66600.0,44600.0,301000.0,5600.0,60,4.22,48.2,0.303,0,2,30,1,12.8,90900.0,49.6
BNA004424,Rahmani,Bilal,PME,Inactif,Compte épargne,35,Tlemcen,Services,Crédit d'exploitation,14.8,260000.0,120500.0,5827000.0,111200.0,60,5.48,87.8,0.722,2,1,150,3,18.0,324400.0,57.4
BNA004425,Belkacem,Nassim,PME,Actif,Compte professionnel,40,Constantine,Agriculture,Crédit équipement,6.2,1923000.0,1354300.0,17901000.0,300300.0,84,10.34,62.8,0.42,4,2,90,2,58.7,-1444100.0,59.5
BNA004426,Belkacem,Samir,Particulier,Actif,Compte courant,28,Constantine,Industrie,Crédit d'exploitation,10.0,75100.0,48400.0,331000.0,5100.0,72,3.23,95.1,0.67,3,1,90,2,18.6,-128800.0,104.6
BNA004427,Meziane,Islam,Particulier,Actif,Compte épargne,40,Oran,Commerce,Crédit d'exploitation,5.2,92300.0,61700.0,452000.0,6200.0,84,4.22,76.9,0.363,1,2,30,2,63.2,98600.0,57.3
BNA004428,Ferhat,Imad,Particulier,Actif,Compte épargne,49,Sétif,BTPH,Crédit d'exploitation,2.3,58200.0,25200.0,379000.0,8900.0,48,5.78,66.2,0.565,3,2,60,1,40.2,95000.0,67.7
BNA004429,Gacem,Nassim,PME,Suspendu,Compte entreprise,33,Oran,BTPH,Crédit d'investissement,6.0,1982800.0,1181800.0,15336000.0,282900.0,72,9.84,100.0,0.203,1,0,180,1,40.3,-1733300.0,85.8
BNA004430,Belaid,Yacine,Particulier,Actif,Compte courant,51,Constantine,Agriculture,Crédit équipement,3.0,97100.0,76500.0,880000.0,16700.0,60,5.21,95.5,0.099,1,0,150,2,52.4,-132700.0,42.8
BNA004431,Belaid,Bilal,PME,Actif,Compte courant,65,Djelfa,Pharmacie,Crédit d'investissement,9.3,942900.0,143400.0,8459000.0,179800.0,60,10.01,30.6,0.566,1,0,0,1,30.4,530200.0,100.9
BNA004432,Mebarki,Hichem,Particulier,Actif,Compte courant,50,Alger,Commerce,Crédit d'exploitation,7.1,59400.0,44800.0,292000.0,5400.0,72,9.81,86.1,0.84,6,0,90,1,55.0,-3100.0,110.3
BNA004433,Belkacem,Zakaria,Particulier,Actif,Compte entreprise,55,Tlemcen,Agriculture,Crédit équipement,0.7,188000.0,40600.0,1621000.0,52500.0,36,10.2,40.6,0.702,1,0,15,0,11.5,440400.0,83.6
BNA004434,Chibani,Zakaria,Professionnel,Actif,Compte épargne,49,Sétif,Pharmacie,Crédit d'exploitation,7.7,118400.0,82300.0,3042000.0,75100.0,48,8.6,93.7,0.331,1,2,150,2,47.5,-134900.0,81.2
BNA004435,Bensalem,Riad,Professionnel,Actif,Compte entreprise,59,Djelfa,Transport,Crédit d'exploitation,12.0,304600.0,210900.0,1476000.0,36900.0,48,9.26,86.5,0.223,5,2,30,4,62.1,108400.0,20.0
BNA004436,Gacem,Bilal,PME,Actif,Compte entreprise,40,Tlemcen,Santé,Crédit d'exploitation,11.4,1021200.0,754300.0,6939000.0,167200.0,48,7.31,68.6,0.751,2,3,60,0,60.0,-1199600.0,46.3
BNA004437,Amrani,Zakaria,Professionnel,Actif,Compte épargne,38,Oran,Pharmacie,Crédit d'investissement,7.2,218200.0,116700.0,3101000.0,62700.0,60,7.87,91.7,0.693,0,1,120,0,43.6,-27700.0,52.1
BNA004438,Ferhat,Ahmed,PME,Actif,Compte épargne,57,Béjaïa,Pharmacie,Crédit personnel,5.3,538400.0,198400.0,4804000.0,114100.0,48,6.59,59.3,0.509,2,1,10,2,62.2,-131500.0,89.2
BNA004439,Touati,Kamel,Particulier,Actif,Compte épargne,34,Béjaïa,Services,Crédit immobilier,7.6,188900.0,31400.0,1730000.0,56000.0,36,10.23,30.2,0.757,1,0,0,0,15.1,499600.0,151.8
BNA004440,Benyahia,Bilal,PME,Actif,Compte épargne,35,Annaba,Industrie,Crédit personnel,6.1,428600.0,146600.0,4609000.0,210400.0,24,8.93,78.2,0.366,1,1,15,2,55.4,-198800.0,103.4
BNA004441,Hadji,Rachid,Particulier,Actif,Compte épargne,48,Oran,Pharmacie,Crédit équipement,5.4,67600.0,15000.0,554000.0,13100.0,48,6.43,11.9,0.755,0,0,0,0,32.3,123400.0,58.1
BNA004442,Nouri,Imad,Particulier,Actif,Compte entreprise,39,Tlemcen,Services,Crédit personnel,9.3,42400.0,15000.0,379000.0,8400.0,48,3.25,28.5,0.77,0,0,10,0,17.6,60200.0,65.0
BNA004443,Cherif,Bilal,Particulier,Actif,Compte épargne,33,Batna,BTPH,Crédit personnel,15.5,47800.0,31100.0,200000.0,3900.0,60,6.57,98.7,0.398,2,0,90,0,40.6,70300.0,38.6
BNA004444,Benali,Oussama,Particulier,Actif,Compte courant,42,Djelfa,Services,Crédit immobilier,19.6,68100.0,32100.0,588000.0,50200.0,12,4.39,54.8,0.443,0,0,30,2,50.2,-2200.0,45.3
BNA004445,Djelloul,Nabil,PME,Actif,Compte courant,65,Annaba,Pharmacie,Crédit d'investissement,15.5,1466000.0,661300.0,18995000.0,251100.0,84,3.02,83.2,0.378,2,0,60,1,36.3,-1509800.0,25.7
BNA004446,Haddad,Adel,Professionnel,Actif,Compte entreprise,64,Alger,Commerce,Crédit d'investissement,12.3,147800.0,74400.0,1096000.0,32000.0,36,3.23,77.9,0.515,3,3,150,0,41.9,-100700.0,87.5
BNA004447,Rahmani,Nabil,Particulier,Actif,Compte courant,41,Annaba,BTPH,Crédit d'investissement,20.0,185800.0,102200.0,3456000.0,153600.0,24,6.25,68.6,0.316,0,0,10,3,39.3,357800.0,74.8
BNA004448,Benyahia,Abdelkader,Particulier,Actif,Compte entreprise,47,Constantine,Industrie,Crédit immobilier,3.4,106300.0,77100.0,1282000.0,40800.0,36,9.02,60.3,0.337,1,0,5,2,45.5,-141000.0,67.2
BNA004449,Touati,Adel,PME,Actif,Compte entreprise,45,Alger,Services,Crédit personnel,7.2,496800.0,72700.0,5107000.0,93100.0,60,3.58,14.9,0.948,0,0,5,0,15.1,622400.0,179.6
BNA004450,Bensalem,Rachid,Particulier,Actif,Compte courant,27,Biskra,Transport,Crédit personnel,9.2,70700.0,27200.0,467000.0,6700.0,84,5.23,87.8,0.187,1,2,0,1,41.2,9500.0,72.9
BNA004451,Chibani,Farid,Particulier,Actif,Compte épargne,37,Batna,Industrie,Crédit d'exploitation,9.2,77600.0,48700.0,701000.0,13900.0,60,7.12,44.7,0.759,4,0,90,1,39.5,-13900.0,59.9
BNA004452,Mansouri,Farid,Professionnel,Actif,Compte courant,60,Alger,Commerce,Crédit personnel,2.8,281900.0,121100.0,2597000.0,63200.0,48,7.86,81.3,0.542,2,1,150,1,37.2,87500.0,71.4
BNA004453,Djelloul,Amine,Particulier,Actif,Compte courant,26,Laghouat,Pharmacie,Crédit d'investissement,8.0,130300.0,65500.0,1036000.0,32200.0,36,7.53,82.2,0.259,2,1,90,3,61.5,37800.0,22.1
BNA004454,Chibani,Mourad,PME,Inactif,Compte entreprise,41,Tlemcen,Transport,Crédit personnel,4.0,988600.0,474400.0,6352000.0,151200.0,48,6.69,49.7,0.353,1,1,120,2,57.3,434200.0,43.8
BNA004455,Hadji,Oussama,Professionnel,Actif,Compte courant,27,Blida,BTPH,Crédit d'exploitation,4.3,115600.0,54100.0,1575000.0,32400.0,60,8.62,44.6,0.195,1,0,150,4,55.2,48900.0,48.9
BNA004456,Saidi,Aymen,Professionnel,Actif,Compte courant,33,Djelfa,Santé,Crédit équipement,13.0,54400.0,35300.0,963000.0,20700.0,60,10.48,74.3,0.289,0,0,90,4,57.3,-163400.0,64.7
BNA004457,Gacem,Kamel,PME,Actif,Compte courant,35,Oran,Santé,Crédit d'exploitation,6.8,315300.0,174600.0,1300000.0,19900.0,84,7.49,91.2,0.171,2,1,60,1,32.9,442000.0,96.1
BNA004458,Nouri,Bilal,Professionnel,Actif,Compte courant,52,Djelfa,Agriculture,Crédit d'investissement,18.3,92900.0,37500.0,1292000.0,18600.0,84,5.59,75.4,0.519,0,0,30,3,63.7,154900.0,51.5
BNA004459,Mokhtar,Salim,Particulier,Actif,Compte entreprise,38,Alger,BTPH,Crédit personnel,7.6,86500.0,47600.0,527000.0,23400.0,24,6.07,63.7,0.383,1,0,10,1,41.8,72000.0,76.1
BNA004460,Zerrouki,Nabil,Particulier,Actif,Compte courant,32,Annaba,Industrie,Crédit personnel,19.2,147500.0,110300.0,852000.0,27500.0,36,9.97,89.2,0.619,1,2,120,1,51.0,123800.0,101.3
BNA004461,Gacem,Aymen,Particulier,Actif,Compte courant,46,Tlemcen,Agriculture,Crédit immobilier,5.9,66000.0,15000.0,874000.0,12900.0,84,6.24,58.6,0.856,2,0,0,1,36.8,245000.0,40.6
BNA004462,Khelifi,Adel,Particulier,Actif,Compte épargne,29,Oran,Agriculture,Crédit d'exploitation,16.4,115000.0,56800.0,1256000.0,28400.0,48,4.09,82.2,0.249,3,2,120,0,53.8,69800.0,28.8
BNA004463,Saidi,Ibrahim,PME,Actif,Compte courant,43,Biskra,Transport,Crédit personnel,2.5,544300.0,149600.0,4504000.0,131700.0,36,3.35,13.2,0.729,0,1,10,0,26.3,2511900.0,150.4
BNA004464,Rahmani,Amine,PME,Actif,Compte courant,37,Batna,Agriculture,Crédit d'exploitation,8.2,427900.0,225200.0,1116000.0,20700.0,72,10.06,77.5,0.393,3,2,10,0,41.9,525200.0,86.6
BNA004465,Cherif,Hichem,Particulier,Actif,Compte épargne,39,Oran,Transport,Crédit d'exploitation,13.9,110600.0,15000.0,818000.0,12500.0,84,7.37,62.8,0.675,0,0,0,0,21.7,286000.0,103.2
BNA004466,Djelloul,Amine,Particulier,Actif,Compte épargne,42,Oran,Industrie,Crédit équipement,7.4,159000.0,81000.0,1433000.0,36400.0,48,10.14,87.8,0.303,1,0,45,1,58.2,-25600.0,52.7
BNA004467,Boudiaf,Aymen,PME,Actif,Compte professionnel,34,Laghouat,Transport,Crédit personnel,3.3,793500.0,456400.0,5235000.0,125600.0,48,7.1,71.9,0.624,2,1,150,2,45.4,488800.0,58.0
BNA004468,Cherif,Samir,Grande Entreprise,Actif,Compte courant,31,Oran,Commerce,Crédit immobilier,2.4,986500.0,683100.0,6284000.0,144200.0,48,4.83,46.0,0.55,1,0,60,3,35.8,140700.0,57.6
BNA004469,Mokhtar,Farid,Professionnel,Actif,Compte courant,62,Laghouat,Transport,Crédit personnel,11.8,218500.0,109600.0,5096000.0,114500.0,48,3.75,85.3,0.256,2,0,150,3,30.6,23700.0,77.9
BNA004470,Amrani,Ibrahim,Professionnel,Actif,Compte entreprise,63,Alger,Agriculture,Crédit personnel,2.9,158900.0,61700.0,1214000.0,35500.0,36,3.45,78.9,0.101,1,2,60,0,43.9,40900.0,69.3
BNA004471,Belkacem,Imad,Particulier,Actif,Compte entreprise,31,Laghouat,Santé,Crédit personnel,2.8,67300.0,15000.0,1479000.0,27700.0,60,4.73,7.4,0.941,0,0,0,0,4.0,177400.0,78.4
BNA004472,Larbi,Anis,Particulier,Actif,Compte épargne,31,Djelfa,BTPH,Crédit personnel,2.3,133600.0,44300.0,1456000.0,24200.0,84,10.04,43.8,0.649,1,0,0,1,23.8,435900.0,82.7
BNA004473,Djelloul,Karim,Professionnel,Actif,Compte professionnel,64,Biskra,BTPH,Crédit d'investissement,5.4,241400.0,35500.0,1299000.0,25500.0,60,6.71,37.3,0.736,1,0,0,0,42.2,589300.0,122.2
BNA004474,Bensalem,Samir,Professionnel,Actif,Compte entreprise,33,Batna,Santé,Crédit personnel,5.4,98200.0,62400.0,1225000.0,55900.0,24,8.95,66.8,0.193,1,0,90,3,55.2,-164500.0,59.8
BNA004475,Mansouri,Salim,PME,Actif,Compte courant,59,Alger,Santé,Crédit d'exploitation,1.8,1218200.0,332100.0,7861000.0,142900.0,72,9.3,20.9,0.825,1,0,0,2,23.4,1636100.0,110.9
BNA004476,Larbi,Oussama,Particulier,Actif,Compte courant,35,Constantine,Industrie,Crédit immobilier,3.7,85400.0,18000.0,1352000.0,43200.0,36,9.39,28.3,0.86,0,0,0,2,25.2,231200.0,83.3
BNA004477,Gacem,Yacine,PME,Actif,Compte courant,63,Sétif,Transport,Crédit d'investissement,20.0,1140000.0,494600.0,16618000.0,500500.0,36,5.33,37.3,0.578,1,0,0,2,17.7,2244700.0,90.9
BNA004478,Larbi,Yacine,Particulier,Actif,Compte courant,31,Constantine,Industrie,Crédit équipement,6.8,78500.0,17400.0,691000.0,16700.0,48,7.5,42.7,0.886,0,0,0,0,32.3,125500.0,44.6
BNA004479,Belaid,Youcef,Professionnel,Actif,Compte courant,28,Blida,Commerce,Crédit d'exploitation,1.1,134600.0,86600.0,1452000.0,35000.0,48,7.31,63.0,0.381,2,0,30,3,26.2,-207600.0,89.3
BNA004480,Mansouri,Karim,Particulier,Actif,Compte professionnel,28,Batna,Agriculture,Crédit immobilier,11.4,129700.0,18200.0,904000.0,28800.0,36,9.24,9.9,0.676,0,0,0,0,13.3,601600.0,88.2
BNA004481,Hadji,Kamel,Particulier,Actif,Compte courant,53,Blida,BTPH,Crédit immobilier,10.3,107500.0,50100.0,682000.0,17400.0,48,10.39,97.7,0.442,2,1,90,3,68.6,3500.0,59.9
BNA004482,Boudiaf,Amine,Particulier,Actif,Compte professionnel,36,Alger,Industrie,Crédit d'exploitation,10.6,42900.0,15000.0,441000.0,10800.0,48,8.15,39.1,0.866,0,0,0,1,27.7,126000.0,129.8
BNA004483,Boudiaf,Samir,PME,Actif,Compte professionnel,55,Oran,Santé,Crédit d'exploitation,6.2,337000.0,107700.0,1672000.0,53500.0,36,9.47,90.6,0.522,3,1,150,1,35.4,383000.0,97.4
BNA004484,Hadji,Bilal,Professionnel,Actif,Compte épargne,57,Constantine,Industrie,Crédit d'investissement,1.3,177600.0,72600.0,2808000.0,85400.0,36,6.01,60.0,0.548,1,0,15,2,43.1,120900.0,49.9
BNA004485,Benali,Yacine,PME,Actif,Compte courant,31,Alger,Commerce,Crédit immobilier,9.7,691200.0,487300.0,4795000.0,85500.0,72,8.6,98.8,0.525,0,1,30,1,22.1,-162300.0,44.0
BNA004486,Touati,Salim,Particulier,Actif,Compte épargne,48,Tlemcen,Pharmacie,Crédit d'exploitation,14.4,76600.0,15000.0,621000.0,14500.0,48,5.64,25.0,0.596,0,0,0,0,25.2,129400.0,29.9
BNA004487,Guediri,Tarek,Particulier,Actif,Compte courant,24,Tlemcen,Pharmacie,Crédit immobilier,4.3,59300.0,24700.0,912000.0,27500.0,36,5.5,53.0,0.132,1,0,45,1,43.6,56900.0,58.2
BNA004488,Brahimi,Mohamed,PME,Actif,Compte épargne,58,Biskra,BTPH,Crédit équipement,14.7,773400.0,240700.0,4175000.0,130800.0,36,7.98,2.0,0.544,0,0,0,0,21.1,-593700.0,108.8
BNA004489,Ferhat,Tarek,Particulier,Actif,Compte courant,37,Biskra,Transport,Crédit d'exploitation,12.4,75400.0,48000.0,781000.0,11900.0,72,3.18,75.7,0.602,3,2,30,0,49.7,-63800.0,134.7
BNA004490,Mansouri,Kamel,PME,Inactif,Compte épargne,49,Laghouat,Agriculture,Crédit d'exploitation,9.6,306500.0,45800.0,3163000.0,60800.0,60,5.75,31.8,0.941,0,0,0,0,13.6,1050900.0,186.2
BNA004491,Boudiaf,Mohamed,Particulier,Actif,Compte courant,54,Béjaïa,Agriculture,Crédit équipement,6.7,165200.0,101700.0,1361000.0,59500.0,24,4.67,96.1,0.4,3,0,60,3,33.9,81800.0,44.5
BNA004492,Saidi,Yacine,Particulier,Actif,Compte courant,53,Béjaïa,Services,Crédit d'exploitation,8.6,84100.0,43800.0,440000.0,7800.0,72,8.18,78.8,0.567,0,2,60,3,21.3,61400.0,58.3
BNA004493,Benali,Zakaria,PME,Actif,Compte courant,24,Sétif,Santé,Crédit d'investissement,16.9,297600.0,131600.0,4569000.0,83400.0,60,3.65,18.1,0.943,0,0,0,0,24.1,-304300.0,136.6
BNA004494,Amrani,Nabil,PME,Actif,Compte professionnel,62,Blida,Santé,Crédit d'investissement,11.9,446600.0,293500.0,3078000.0,65200.0,60,9.88,90.2,0.154,1,1,60,3,37.2,48800.0,78.6
BNA004495,Nouri,Samir,Professionnel,Actif,Compte courant,47,Oran,BTPH,Crédit personnel,2.2,402800.0,224300.0,3326000.0,100900.0,36,5.84,89.1,0.252,1,0,0,3,38.6,10700.0,63.3
BNA004496,Bensalem,Nabil,Particulier,Actif,Compte professionnel,55,Béjaïa,BTPH,Crédit personnel,2.9,67200.0,15000.0,358000.0,8700.0,48,7.53,46.0,0.68,0,0,0,0,13.9,129100.0,185.6
BNA004497,Bensalem,Youcef,Particulier,Actif,Compte épargne,26,Biskra,Santé,Crédit personnel,8.5,120000.0,48700.0,482000.0,7300.0,84,7.17,46.7,0.399,2,1,60,3,16.7,41600.0,63.0
BNA004498,Haddad,Anis,PME,Actif,Compte entreprise,57,Oran,Transport,Crédit immobilier,7.4,526600.0,130900.0,5125000.0,78800.0,72,3.41,7.4,0.883,0,0,0,0,40.2,1702900.0,30.1
BNA004499,Benyahia,Sofiane,Professionnel,Actif,Compte épargne,48,Constantine,Pharmacie,Crédit équipement,3.2,208300.0,71300.0,1382000.0,21300.0,72,3.54,85.3,0.7,2,2,60,4,44.7,-52700.0,57.0
BNA004500,Khelifi,Zakaria,Particulier,Actif,Compte courant,61,Annaba,Industrie,Crédit équipement,9.8,61300.0,15000.0,510000.0,23600.0,24,10.24,51.9,0.375,0,0,0,0,25.0,60500.0,82.3
BNA004501,Touati,Walid,Professionnel,Actif,Compte courant,65,Tlemcen,Transport,Crédit d'exploitation,6.6,103500.0,35500.0,1261000.0,29000.0,48,4.85,42.4,0.734,0,0,0,0,25.4,159600.0,119.8
BNA004502,Bensalem,Walid,Particulier,Actif,Compte entreprise,54,Biskra,Agriculture,Crédit immobilier,6.5,90300.0,65400.0,1006000.0,18200.0,60,3.2,76.7,0.378,1,0,60,2,39.6,76100.0,57.7
BNA004503,Belkacem,Kamel,Professionnel,Actif,Compte épargne,57,Biskra,Pharmacie,Crédit d'investissement,2.1,166700.0,45500.0,1559000.0,46100.0,36,4.04,23.9,0.928,0,0,0,0,23.7,381600.0,59.9
BNA004504,Haddad,Farid,Particulier,Actif,Compte épargne,58,Biskra,Services,Crédit équipement,7.6,151700.0,101300.0,1558000.0,28900.0,60,4.23,82.5,0.576,1,0,90,0,43.1,245600.0,75.8
BNA004505,Mokhtar,Islam,Particulier,Actif,Compte épargne,59,Béjaïa,Santé,Crédit équipement,2.3,178500.0,80600.0,1449000.0,26100.0,60,3.09,13.5,0.836,1,0,15,0,20.5,126000.0,158.2
BNA004506,Bensalem,Youcef,Particulier,Actif,Compte entreprise,32,Constantine,Commerce,Crédit d'exploitation,7.1,120900.0,18900.0,1193000.0,22600.0,60,5.16,20.8,0.735,0,0,0,1,5.0,189900.0,109.8
BNA004507,Touati,Tarek,Particulier,Actif,Compte épargne,61,Blida,Industrie,Crédit d'exploitation,6.7,146400.0,85400.0,534000.0,11000.0,60,8.56,80.1,0.441,2,0,0,0,46.0,81900.0,53.6
BNA004508,Saidi,Mohamed,Particulier,Actif,Compte courant,36,Batna,Industrie,Crédit équipement,4.0,102300.0,29900.0,1550000.0,22900.0,84,6.33,20.5,0.715,0,0,0,0,15.8,301000.0,115.7
BNA004509,Nouri,Sofiane,Particulier,Actif,Compte professionnel,51,Tlemcen,Santé,Crédit personnel,7.8,111400.0,69400.0,535000.0,13700.0,48,10.48,90.1,0.406,0,1,120,1,50.6,-8700.0,80.2
BNA004510,Mansouri,Samir,Particulier,Inactif,Compte courant,64,Djelfa,Industrie,Crédit d'exploitation,11.9,50700.0,15000.0,226000.0,5100.0,48,3.71,26.2,0.758,1,2,5,0,34.6,121100.0,110.7
BNA004511,Hadji,Amine,PME,Actif,Compte professionnel,24,Djelfa,Santé,Crédit personnel,7.3,379700.0,90000.0,4004000.0,120500.0,36,5.29,29.0,0.978,0,0,0,1,12.8,597300.0,119.0
BNA004512,Mansouri,Ibrahim,PME,Actif,Compte épargne,43,Annaba,Commerce,Crédit immobilier,4.5,1204200.0,427000.0,4742000.0,147600.0,36,7.53,32.8,0.839,0,0,0,1,18.1,1171200.0,120.3
BNA004513,Haddad,Karim,Particulier,Inactif,Compte entreprise,34,Annaba,Industrie,Crédit personnel,14.7,134600.0,49400.0,1485000.0,27800.0,60,4.62,33.1,0.995,1,0,0,0,33.6,292500.0,73.5
BNA004514,Larbi,Islam,Particulier,Actif,Compte épargne,50,Batna,Industrie,Crédit d'exploitation,18.8,102400.0,59500.0,703000.0,17300.0,48,8.39,76.3,0.329,3,0,180,4,27.1,-53800.0,60.5
BNA004515,Gacem,Yacine,Professionnel,Actif,Compte professionnel,62,Djelfa,Transport,Crédit personnel,4.4,323400.0,63400.0,9674000.0,159000.0,72,5.71,9.1,0.743,0,0,0,0,24.2,1411000.0,67.5
BNA004516,Khelifi,Adel,Particulier,Actif,Compte épargne,24,Alger,Santé,Crédit personnel,8.2,107600.0,64900.0,1389000.0,26600.0,60,5.54,65.4,0.306,2,1,90,5,53.9,263900.0,15.9
BNA004517,Brahimi,Nabil,Professionnel,Actif,Compte courant,24,Oran,Transport,Crédit équipement,17.3,238000.0,165900.0,2252000.0,49900.0,48,3.03,76.5,0.538,2,1,60,3,48.6,51000.0,43.1
BNA004518,Mokhtar,Amine,PME,Actif,Compte épargne,24,Biskra,Commerce,Crédit d'exploitation,4.8,505700.0,151200.0,6807000.0,198000.0,36,3.01,10.4,0.781,0,0,0,0,17.2,807400.0,116.2
BNA004519,Meziane,Karim,Particulier,Actif,Compte professionnel,47,Batna,Santé,Crédit personnel,2.8,115300.0,15000.0,1093000.0,25800.0,48,6.3,8.0,0.673,0,0,0,0,17.0,196200.0,140.9
BNA004520,Touati,Ahmed,Particulier,Actif,Compte entreprise,41,Oran,Industrie,Crédit immobilier,10.9,125600.0,60900.0,1263000.0,26800.0,60,9.88,79.9,0.0,4,2,30,4,64.7,57200.0,46.3
BNA004521,Benali,Farid,Particulier,Actif,Compte courant,61,Blida,Services,Crédit d'exploitation,3.8,51800.0,16900.0,250000.0,21500.0,12,5.47,67.9,0.523,3,2,60,2,37.9,17800.0,15.1
BNA004522,Nouri,Rachid,Particulier,Actif,Compte épargne,33,Biskra,Santé,Crédit immobilier,2.9,137200.0,60100.0,1205000.0,38900.0,36,10.06,83.8,0.239,1,0,180,0,37.5,-400.0,51.5
BNA004523,Amrani,Nabil,Particulier,Actif,Compte courant,42,Sétif,Commerce,Crédit d'investissement,6.1,81600.0,59000.0,870000.0,38700.0,24,6.31,81.0,0.532,0,1,150,2,49.3,-17400.0,30.6
BNA004524,Belkacem,Tarek,Particulier,Actif,Compte courant,44,Djelfa,Commerce,Crédit d'exploitation,1.3,100700.0,63800.0,495000.0,9000.0,72,9.14,69.2,0.448,3,1,45,2,40.4,16500.0,80.7
BNA004525,Belkacem,Aymen,Particulier,Actif,Compte courant,57,Djelfa,Agriculture,Crédit immobilier,2.2,73800.0,44500.0,703000.0,13200.0,60,4.88,70.2,0.538,1,1,60,1,53.3,-24300.0,62.4
BNA004526,Khelifi,Ibrahim,Particulier,Actif,Compte courant,34,Tlemcen,Services,Crédit personnel,7.2,76900.0,54100.0,663000.0,15900.0,48,7.13,84.2,0.089,3,1,60,2,45.5,-105200.0,70.5
BNA004527,Ferhat,Mohamed,Particulier,Actif,Compte professionnel,50,Oran,Santé,Crédit équipement,4.4,143800.0,53600.0,1174000.0,28200.0,48,7.19,89.6,0.365,1,1,5,0,6.8,51900.0,34.6
BNA004528,Larbi,Amine,Particulier,Actif,Compte courant,51,Béjaïa,Commerce,Crédit d'exploitation,4.0,88300.0,50500.0,427000.0,19400.0,24,8.42,82.5,0.075,2,0,5,0,27.6,184700.0,71.0
BNA004529,Belkacem,Islam,Professionnel,Actif,Compte courant,39,Biskra,BTPH,Crédit d'investissement,5.3,176500.0,30900.0,2141000.0,32500.0,72,3.0,54.1,0.952,0,0,0,0,42.4,335400.0,99.1
BNA004530,Bensalem,Walid,Particulier,Actif,Compte courant,30,Sétif,Services,Crédit immobilier,6.4,120600.0,25800.0,1387000.0,43500.0,36,8.1,40.0,0.87,0,0,0,0,26.2,341100.0,100.9
BNA004531,Belkacem,Ibrahim,Particulier,Actif,Compte épargne,40,Blida,Santé,Crédit d'investissement,10.2,159300.0,72100.0,1177000.0,19800.0,84,10.42,72.5,0.122,2,1,30,2,14.1,-11400.0,112.3
BNA004532,Mokhtar,Islam,Particulier,Actif,Compte entreprise,54,Annaba,Agriculture,Crédit d'investissement,5.6,60000.0,40900.0,508000.0,12500.0,48,8.31,64.3,0.249,3,3,45,3,36.8,-75900.0,29.4
BNA004533,Cherif,Mohamed,Particulier,Actif,Compte courant,58,Djelfa,Santé,Crédit d'exploitation,9.6,90800.0,20200.0,891000.0,15700.0,72,8.23,26.3,0.858,0,0,0,0,38.4,302200.0,94.7
BNA004534,Cherif,Anis,Particulier,Actif,Compte épargne,48,Batna,Agriculture,Crédit d'investissement,13.0,53300.0,19800.0,205000.0,6000.0,36,3.59,90.3,0.361,1,0,0,1,26.0,-42100.0,67.1
BNA004535,Khelifi,Nabil,Particulier,Actif,Compte courant,36,Tlemcen,Industrie,Crédit équipement,12.2,142200.0,50000.0,1635000.0,26600.0,84,9.34,35.9,0.855,0,0,0,0,37.6,173500.0,143.1
BNA004536,Mebarki,Tarek,Professionnel,Actif,Compte professionnel,25,Oran,Commerce,Crédit d'investissement,10.5,299700.0,188100.0,2927000.0,48800.0,84,10.16,50.6,0.268,2,0,120,0,40.8,-85200.0,76.8
BNA004537,Belkacem,Sofiane,PME,Actif,Compte entreprise,57,Béjaïa,BTPH,Crédit d'investissement,4.9,1347900.0,647200.0,7489000.0,109600.0,84,6.06,77.5,0.149,3,1,0,2,43.6,1245700.0,61.7
BNA004538,Brahimi,Islam,Professionnel,Actif,Compte courant,50,Laghouat,Pharmacie,Crédit équipement,16.9,49200.0,38300.0,448000.0,7000.0,72,3.74,71.8,0.591,1,4,150,4,36.0,-13600.0,37.1
BNA004539,Amrani,Ilyes,PME,Actif,Compte entreprise,32,Batna,Pharmacie,Crédit équipement,7.7,443600.0,249000.0,3588000.0,80200.0,48,3.51,53.1,0.228,3,1,45,1,44.4,636200.0,67.8
BNA004540,Benyahia,Mohamed,Particulier,Actif,Compte courant,51,Béjaïa,Agriculture,Crédit d'exploitation,11.1,61800.0,15000.0,436000.0,12900.0,36,4.29,50.6,0.71,0,0,5,0,23.3,188800.0,112.7
BNA004541,Belkacem,Sofiane,Particulier,Actif,Compte courant,58,Sétif,Agriculture,Crédit d'exploitation,4.4,35000.0,22300.0,516000.0,9500.0,60,4.01,91.4,0.437,0,0,120,2,47.6,16300.0,28.2
BNA004542,Brahimi,Hichem,Particulier,Actif,Compte épargne,42,Biskra,Transport,Crédit d'exploitation,0.3,145800.0,97800.0,1152000.0,24300.0,60,9.71,51.6,0.361,2,1,120,1,59.4,174100.0,63.0
BNA004543,Dahmani,Riad,Particulier,Actif,Compte courant,34,Sétif,Industrie,Crédit d'investissement,11.9,59600.0,17500.0,1102000.0,26300.0,48,6.91,92.1,0.372,1,0,45,2,51.1,-20800.0,69.4
BNA004544,Djelloul,Aymen,PME,Actif,Compte entreprise,50,Laghouat,Industrie,Crédit d'investissement,20.0,1114200.0,132900.0,20073000.0,421400.0,60,9.48,21.3,0.937,0,0,0,1,11.2,3321800.0,89.3
BNA004545,Khelifi,Rachid,PME,Actif,Compte courant,42,Batna,Santé,Crédit personnel,11.3,2221200.0,1541600.0,13446000.0,595400.0,24,5.92,84.2,0.339,3,0,60,1,35.7,1592000.0,138.9
BNA004546,Hadji,Sofiane,Professionnel,Inactif,Compte épargne,25,Biskra,Services,Crédit d'exploitation,5.7,101700.0,41300.0,958000.0,23600.0,48,8.52,88.4,0.446,0,1,150,1,31.9,-18100.0,57.5
BNA004547,Benali,Ilyes,Particulier,Actif,Compte entreprise,53,Blida,Agriculture,Crédit d'exploitation,19.7,53800.0,32500.0,302000.0,25800.0,12,4.54,89.6,0.768,1,0,5,2,42.6,6800.0,34.3
BNA004548,Gacem,Tarek,Particulier,Actif,Compte courant,31,Alger,Pharmacie,Crédit immobilier,10.4,140900.0,29600.0,1099000.0,33900.0,36,7.03,39.1,0.454,1,0,0,0,32.6,125800.0,127.2
BNA004549,Gacem,Zakaria,Particulier,Actif,Compte courant,30,Annaba,Commerce,Crédit d'exploitation,10.0,95900.0,48900.0,1075000.0,25300.0,48,6.07,83.2,0.234,2,0,60,1,51.5,-52900.0,56.6
BNA004550,Mansouri,Riad,Particulier,Actif,Compte professionnel,54,Alger,Pharmacie,Crédit personnel,4.2,63700.0,32300.0,316000.0,10300.0,36,10.37,95.4,0.24,2,2,45,2,21.2,34800.0,36.7
BNA004551,Boudiaf,Adel,PME,Actif,Compte épargne,39,Béjaïa,Agriculture,Crédit équipement,12.8,1185800.0,588700.0,4228000.0,65200.0,72,3.53,83.5,0.471,3,0,15,0,39.7,4041400.0,63.4
BNA004552,Cherif,Islam,PME,Actif,Compte courant,58,Alger,Services,Crédit personnel,6.9,1353300.0,369200.0,9763000.0,173300.0,72,8.44,24.6,0.83,1,0,0,0,12.2,3748700.0,65.3
BNA004553,Slimani,Adel,Particulier,Actif,Compte professionnel,52,Biskra,Santé,Crédit d'investissement,8.1,97300.0,58800.0,815000.0,71400.0,12,9.27,84.1,0.744,3,2,120,0,48.7,146000.0,63.7
BNA004554,Nouri,Zakaria,Professionnel,Actif,Compte professionnel,35,Oran,Services,Crédit d'investissement,8.7,135100.0,67800.0,1555000.0,32100.0,60,8.72,85.3,0.278,1,1,120,1,45.7,156200.0,1.4
BNA004555,Benali,Nassim,Particulier,Inactif,Compte courant,29,Sétif,BTPH,Crédit immobilier,0.9,88000.0,49900.0,1147000.0,17200.0,84,6.79,72.0,0.35,1,0,120,0,43.2,-7300.0,84.3
BNA004556,Mebarki,Anis,Particulier,Actif,Compte courant,42,Oran,Agriculture,Crédit immobilier,11.2,76500.0,49400.0,839000.0,37100.0,24,5.65,61.3,0.583,1,2,30,1,27.6,-31900.0,94.8
BNA004557,Nouri,Nabil,Particulier,Actif,Compte entreprise,57,Blida,BTPH,Crédit d'investissement,4.3,79600.0,60900.0,595000.0,51700.0,12,7.94,71.5,0.181,0,1,0,1,31.1,104500.0,26.1
BNA004558,Haddad,Ibrahim,PME,Inactif,Compte courant,59,Batna,Industrie,Crédit d'investissement,5.3,2371300.0,579200.0,21853000.0,404700.0,60,4.22,2.8,0.744,1,0,0,0,14.3,4846900.0,112.4
BNA004559,Khelifi,Yacine,Particulier,Actif,Compte courant,41,Constantine,Transport,Crédit d'investissement,4.4,76700.0,15000.0,600000.0,13700.0,48,4.54,9.8,0.876,0,0,10,0,9.4,196900.0,54.9
BNA004560,Meziane,Karim,Professionnel,Actif,Compte épargne,65,Annaba,Services,Crédit d'exploitation,6.9,109300.0,54300.0,1265000.0,24000.0,60,5.2,79.9,0.279,3,2,10,3,44.0,117500.0,72.6
BNA004561,Larbi,Sofiane,Professionnel,Actif,Compte épargne,56,Béjaïa,Agriculture,Crédit personnel,17.2,78700.0,56600.0,393000.0,8700.0,48,3.09,63.4,0.845,4,1,30,4,54.5,16600.0,18.2
BNA004562,Guediri,Hichem,Particulier,Actif,Compte épargne,60,Tlemcen,Commerce,Crédit d'investissement,7.0,94500.0,64900.0,941000.0,23500.0,48,9.29,94.3,0.461,0,1,30,2,44.0,67600.0,35.9
BNA004563,Guediri,Farid,Particulier,Actif,Compte épargne,47,Laghouat,Santé,Crédit d'exploitation,7.3,96000.0,15400.0,439000.0,13100.0,36,4.55,28.2,0.865,1,0,0,0,10.5,17100.0,112.9
BNA004564,Benali,Tarek,Particulier,Actif,Compte professionnel,51,Oran,Agriculture,Crédit d'exploitation,15.0,136200.0,85900.0,1264000.0,32200.0,48,10.3,90.0,0.208,1,2,30,2,69.6,-184000.0,61.4
BNA004565,Yahiaoui,Imad,Particulier,Actif,Compte courant,58,Tlemcen,Santé,Crédit d'investissement,7.0,150500.0,24300.0,1164000.0,29100.0,48,9.2,11.0,0.861,2,0,0,0,25.0,587300.0,125.9
BNA004566,Ferhat,Abdelkader,Particulier,Actif,Compte professionnel,50,Constantine,Santé,Crédit d'exploitation,7.9,49300.0,15000.0,432000.0,8700.0,60,7.84,74.0,0.37,1,0,60,0,44.2,59500.0,70.8
BNA004567,Mansouri,Salim,Professionnel,Actif,Compte épargne,30,Blida,Santé,Crédit immobilier,1.5,139400.0,90200.0,1162000.0,35300.0,36,6.0,89.4,0.402,0,3,45,0,34.4,23100.0,84.6
BNA004568,Cherif,Tarek,Particulier,Actif,Compte courant,34,Constantine,Commerce,Crédit personnel,2.6,273800.0,53400.0,4275000.0,78400.0,60,3.84,16.4,0.487,1,0,0,0,14.4,593800.0,111.7
BNA004569,Djelloul,Yacine,Particulier,Actif,Compte courant,43,Oran,BTPH,Crédit équipement,3.2,102100.0,24000.0,1668000.0,29900.0,72,8.83,12.7,0.999,0,0,0,0,31.4,192100.0,130.5
BNA004570,Saidi,Ilyes,Particulier,Actif,Compte professionnel,58,Sétif,Agriculture,Crédit personnel,3.8,57400.0,27200.0,200000.0,4000.0,60,7.69,70.9,0.419,0,0,0,0,28.7,188400.0,123.8
BNA004571,Benali,Abdelkader,Particulier,Actif,Compte courant,37,Alger,Transport,Crédit d'exploitation,14.4,101300.0,43400.0,1041000.0,14800.0,84,5.09,73.0,0.143,2,1,60,3,42.6,113600.0,85.0
BNA004572,Boudiaf,Rachid,Particulier,Actif,Compte entreprise,38,Béjaïa,BTPH,Crédit équipement,6.6,77200.0,48300.0,1242000.0,21900.0,72,8.13,83.0,0.148,1,0,45,3,43.1,-25000.0,60.9
BNA004573,Amrani,Ibrahim,Particulier,Actif,Compte épargne,48,Tlemcen,Commerce,Crédit d'investissement,8.8,57300.0,30000.0,492000.0,11100.0,48,3.99,81.5,0.777,2,0,180,2,40.3,-16200.0,83.0
BNA004574,Brahimi,Salim,Particulier,Actif,Compte courant,33,Sétif,Transport,Crédit immobilier,5.1,77800.0,21800.0,656000.0,20200.0,36,6.82,14.9,0.778,0,0,0,1,22.9,-89700.0,152.7
BNA004575,Hadji,Sofiane,Particulier,Actif,Compte courant,37,Biskra,Industrie,Crédit d'exploitation,6.2,47900.0,31500.0,703000.0,14000.0,60,7.3,80.9,0.353,3,0,60,1,48.4,20700.0,51.8
BNA004576,Touati,Anis,Particulier,Actif,Compte courant,62,Oran,Industrie,Crédit immobilier,5.3,66300.0,24900.0,490000.0,10100.0,60,8.89,26.5,0.717,0,0,0,0,22.1,90000.0,92.8
BNA004577,Dahmani,Aymen,Grande Entreprise,Inactif,Compte professionnel,59,Laghouat,Transport,Crédit d'investissement,20.0,1969400.0,1208000.0,13049000.0,190700.0,84,6.01,88.6,0.537,2,1,15,2,40.9,-608500.0,87.8
BNA004578,Touati,Kamel,Grande Entreprise,Actif,Compte épargne,53,Blida,BTPH,Crédit d'investissement,2.6,1587800.0,450800.0,18760000.0,821000.0,24,4.76,35.9,0.621,0,0,0,0,13.3,2050400.0,108.5
BNA004579,Djelloul,Nassim,Professionnel,Actif,Compte courant,31,Béjaïa,Commerce,Crédit équipement,11.9,58000.0,34600.0,477000.0,9100.0,60,5.22,50.6,0.505,1,0,0,2,42.4,-30600.0,103.4
BNA004580,Benali,Farid,Particulier,Actif,Compte courant,23,Tlemcen,Services,Crédit immobilier,10.1,39400.0,15000.0,353000.0,10600.0,36,5.06,47.1,0.788,1,0,0,0,34.8,152500.0,65.3
BNA004581,Hadji,Mourad,Particulier,Actif,Compte courant,54,Tlemcen,Services,Crédit d'investissement,6.0,86700.0,16800.0,534000.0,8300.0,84,7.96,28.7,0.857,0,0,0,0,21.0,219700.0,85.2
BNA004582,Slimani,Walid,Particulier,Actif,Compte entreprise,51,Tlemcen,Agriculture,Crédit immobilier,5.2,119000.0,77000.0,2011000.0,29100.0,84,5.67,87.3,0.567,2,0,15,2,42.8,267400.0,36.9
BNA004583,Larbi,Aymen,Particulier,Actif,Compte entreprise,48,Biskra,Services,Crédit d'investissement,3.9,75400.0,49400.0,573000.0,14100.0,48,8.31,76.6,0.213,1,1,15,1,50.5,110500.0,60.1
BNA004584,Guediri,Aymen,Particulier,Actif,Compte entreprise,50,Batna,BTPH,Crédit immobilier,6.4,58400.0,16600.0,374000.0,7100.0,60,4.96,38.6,0.992,0,1,0,0,27.8,152500.0,79.3
BNA004585,Zerrouki,Samir,Professionnel,Inactif,Compte courant,42,Constantine,Santé,Crédit personnel,5.9,153900.0,70900.0,909000.0,13900.0,72,3.13,73.3,0.62,2,1,15,1,53.0,62200.0,64.4
BNA004586,Khelifi,Hichem,PME,Actif,Compte entreprise,31,Laghouat,BTPH,Crédit d'investissement,10.7,514500.0,325600.0,2140000.0,65100.0,36,5.99,76.1,0.601,5,3,5,4,47.7,-434200.0,9.8
BNA004587,Rahmani,Samir,Particulier,Actif,Compte entreprise,52,Tlemcen,Santé,Crédit immobilier,12.1,151300.0,21800.0,1407000.0,26400.0,60,4.83,10.5,0.897,0,0,10,1,24.6,316900.0,90.3
BNA004588,Djelloul,Oussama,Particulier,Actif,Compte professionnel,64,Batna,Transport,Crédit d'exploitation,3.7,116200.0,77700.0,1067000.0,33500.0,36,8.18,89.6,0.531,3,1,15,2,70.7,-37200.0,17.4
BNA004589,Cherif,Kamel,Grande Entreprise,Actif,Compte professionnel,47,Tlemcen,Industrie,Crédit d'investissement,9.0,4177500.0,1214500.0,22925000.0,696900.0,36,5.95,73.2,0.657,3,1,120,1,32.8,1112000.0,59.5
BNA004590,Belkacem,Amine,Professionnel,Actif,Compte professionnel,61,Biskra,Commerce,Crédit équipement,8.8,162200.0,105200.0,1901000.0,32300.0,72,6.85,79.1,0.063,3,0,60,0,37.2,226800.0,61.0
BNA004591,Ferhat,Samir,PME,Inactif,Compte professionnel,26,Annaba,Santé,Crédit d'investissement,10.0,674900.0,455100.0,4449000.0,93400.0,60,9.48,64.1,0.392,3,0,90,2,73.1,-446200.0,57.9
BNA004592,Belaid,Hichem,PME,Actif,Compte courant,61,Tlemcen,Agriculture,Crédit équipement,15.7,651700.0,369400.0,1670000.0,52500.0,36,8.22,70.4,0.809,4,0,10,0,44.5,1117300.0,92.7
BNA004593,Touati,Amine,Professionnel,Actif,Compte courant,44,Annaba,Services,Crédit personnel,12.2,212100.0,74400.0,1150000.0,17800.0,72,3.55,86.9,0.161,0,3,15,3,46.4,107200.0,40.1
BNA004594,Zerrouki,Farid,Particulier,Actif,Compte entreprise,42,Laghouat,Pharmacie,Crédit d'investissement,3.6,56800.0,15000.0,433000.0,10300.0,48,6.42,45.8,0.594,0,0,0,0,22.9,153900.0,173.6
BNA004595,Gacem,Amine,PME,Actif,Compte professionnel,42,Laghouat,Santé,Crédit personnel,4.8,325300.0,101200.0,1335000.0,39200.0,36,3.71,43.3,0.527,0,0,0,0,20.1,1469600.0,134.7
BNA004596,Rahmani,Oussama,Particulier,Actif,Compte entreprise,33,Oran,Transport,Crédit immobilier,15.1,50300.0,17200.0,534000.0,13300.0,48,9.06,53.0,0.21,1,1,15,0,40.5,76600.0,40.0
BNA004597,Mokhtar,Nabil,Particulier,Actif,Compte courant,26,Oran,Commerce,Crédit équipement,3.6,70100.0,35900.0,565000.0,11200.0,60,6.87,78.7,0.742,1,0,60,4,38.8,159300.0,61.8
BNA004598,Zerrouki,Mohamed,Particulier,Actif,Compte entreprise,27,Blida,Santé,Crédit d'exploitation,2.8,114900.0,55500.0,502000.0,14700.0,36,3.54,76.9,0.515,2,1,180,1,61.3,79800.0,76.6
BNA004599,Boudiaf,Islam,Particulier,Actif,Compte courant,60,Biskra,Commerce,Crédit d'investissement,11.9,95100.0,49900.0,951000.0,18400.0,60,6.13,76.4,0.414,0,0,150,4,43.3,-58500.0,92.3
BNA004600,Larbi,Nassim,Grande Entreprise,Actif,Compte courant,30,Sétif,BTPH,Crédit d'exploitation,5.6,543500.0,141100.0,2618000.0,42200.0,72,5.06,5.2,0.741,0,0,0,0,42.7,1764000.0,61.6
BNA004601,Cherif,Anis,Particulier,Actif,Compte épargne,60,Batna,BTPH,Crédit équipement,5.9,134700.0,66600.0,1853000.0,56800.0,36,6.48,77.7,0.374,0,1,15,2,52.8,177000.0,84.6
BNA004602,Boudiaf,Nassim,Particulier,Actif,Compte épargne,54,Oran,Pharmacie,Crédit personnel,1.1,105400.0,27300.0,930000.0,19200.0,60,8.68,2.0,0.42,0,0,0,0,18.8,103800.0,97.7
BNA004603,Gacem,Oussama,Particulier,Actif,Compte épargne,56,Alger,Services,Crédit d'exploitation,5.2,172800.0,85600.0,2944000.0,68100.0,48,5.25,82.1,0.259,5,0,150,1,7.5,68100.0,111.6
BNA004604,Haddad,Mohamed,Professionnel,Actif,Compte entreprise,36,Djelfa,Commerce,Crédit d'exploitation,7.9,43600.0,22400.0,643000.0,14600.0,48,4.42,85.8,0.305,3,0,180,2,32.6,-14200.0,100.3
BNA004605,Djelloul,Riad,Professionnel,Actif,Compte courant,34,Annaba,BTPH,Crédit immobilier,20.0,109100.0,52300.0,797000.0,14000.0,72,8.07,86.6,0.593,2,2,45,0,74.0,266200.0,80.6
BNA004606,Belaid,Zakaria,Professionnel,Actif,Compte courant,59,Béjaïa,Santé,Crédit personnel,12.8,124800.0,39900.0,879000.0,20800.0,48,6.45,46.8,0.692,0,0,0,1,24.1,339100.0,135.9
BNA004607,Belkacem,Walid,Particulier,Actif,Compte entreprise,38,Annaba,BTPH,Crédit immobilier,4.3,96800.0,46300.0,548000.0,10300.0,60,4.69,82.3,0.493,1,1,90,0,62.0,47300.0,91.0
BNA004608,Nouri,Nassim,Professionnel,Actif,Compte professionnel,45,Constantine,Transport,Crédit immobilier,10.1,100100.0,52800.0,1379000.0,61500.0,24,6.66,70.1,0.306,3,1,45,0,35.3,70400.0,0.6
BNA004609,Cherif,Tarek,PME,Actif,Compte épargne,31,Constantine,Agriculture,Crédit d'exploitation,4.7,382500.0,70500.0,1353000.0,26600.0,60,6.63,15.1,0.649,0,0,0,0,19.5,1036200.0,112.6
BNA004610,Djelloul,Hichem,PME,Actif,Compte courant,23,Batna,Agriculture,Crédit immobilier,8.3,925800.0,566100.0,9087000.0,229200.0,48,9.7,86.4,0.373,2,1,5,0,53.7,866800.0,74.9
BNA004611,Meziane,Riad,PME,Actif,Compte entreprise,47,Constantine,Pharmacie,Crédit immobilier,4.6,480400.0,281000.0,1770000.0,81800.0,24,10.18,86.3,0.681,1,1,30,1,41.0,-354800.0,65.2
BNA004612,Touati,Tarek,Professionnel,Actif,Compte courant,62,Blida,Commerce,Crédit équipement,9.7,182500.0,94800.0,2269000.0,70200.0,36,7.17,75.0,0.256,4,0,45,1,65.7,186400.0,88.3
BNA004613,Saidi,Sofiane,Professionnel,Actif,Compte courant,31,Oran,Commerce,Crédit d'exploitation,10.6,179900.0,41600.0,2211000.0,39000.0,72,8.23,40.3,0.498,0,0,0,0,21.7,458500.0,174.5
BNA004614,Belaid,Mourad,Professionnel,Actif,Compte épargne,56,Tlemcen,Agriculture,Crédit d'exploitation,0.6,158800.0,97000.0,1554000.0,25100.0,72,5.08,89.6,0.475,2,0,15,3,77.8,-55600.0,34.2
BNA004615,Benyahia,Anis,PME,Actif,Compte courant,49,Sétif,Services,Crédit d'investissement,20.0,632900.0,312400.0,2696000.0,86000.0,36,9.21,44.8,0.266,2,0,60,0,43.2,311400.0,24.3
BNA004616,Gacem,Mohamed,Particulier,Actif,Compte professionnel,27,Batna,Pharmacie,Crédit immobilier,2.2,113600.0,55300.0,1022000.0,20900.0,60,8.31,85.5,0.471,1,1,45,2,16.0,150100.0,50.1
BNA004617,Touati,Mohamed,Particulier,Suspendu,Compte courant,64,Djelfa,Industrie,Crédit d'investissement,9.0,148100.0,82700.0,1052000.0,46400.0,24,5.52,76.9,0.455,1,0,90,0,32.2,-199500.0,68.1
BNA004618,Gacem,Mourad,Particulier,Actif,Compte courant,48,Constantine,Industrie,Crédit immobilier,5.4,113500.0,65200.0,1344000.0,24300.0,60,3.24,80.9,0.542,2,2,90,3,44.7,114500.0,22.3
BNA004619,Larbi,Oussama,Particulier,Actif,Compte courant,51,Annaba,BTPH,Crédit d'exploitation,1.4,118400.0,87000.0,728000.0,21700.0,36,4.65,54.0,0.236,2,0,30,2,41.8,-93300.0,53.9
BNA004620,Nouri,Karim,Professionnel,Actif,Compte professionnel,35,Djelfa,BTPH,Crédit d'exploitation,12.9,368400.0,232900.0,3181000.0,58500.0,60,3.95,85.6,0.413,2,2,30,2,49.1,157100.0,110.9
BNA004621,Bensalem,Riad,Particulier,Actif,Compte professionnel,58,Oran,Pharmacie,Crédit d'investissement,12.7,122300.0,91600.0,2050000.0,65800.0,36,9.65,84.4,0.506,1,1,90,5,60.0,-207400.0,53.6
BNA004622,Mebarki,Karim,PME,Actif,Compte entreprise,62,Tlemcen,BTPH,Crédit d'exploitation,6.7,219200.0,129000.0,1035000.0,19300.0,72,10.2,95.4,0.257,2,1,150,2,39.7,-87100.0,16.9
BNA004623,Mebarki,Mohamed,Grande Entreprise,Inactif,Compte courant,37,Oran,Transport,Crédit d'investissement,2.9,4029000.0,2164400.0,30124000.0,911700.0,36,5.65,80.0,0.098,2,0,120,0,34.3,5329300.0,86.5
BNA004624,Benali,Tarek,Professionnel,Actif,Compte courant,63,Laghouat,Agriculture,Crédit d'investissement,5.8,154800.0,119300.0,1017000.0,23900.0,48,6.04,83.2,0.297,0,0,30,1,46.5,15400.0,71.2
BNA004625,Touati,Zakaria,Particulier,Actif,Compte courant,53,Constantine,Pharmacie,Crédit personnel,1.2,120900.0,62900.0,967000.0,23800.0,48,8.51,31.9,0.659,0,0,0,1,25.4,243600.0,182.7
BNA004626,Bensalem,Ahmed,Particulier,Actif,Compte professionnel,26,Constantine,Industrie,Crédit d'exploitation,6.1,84600.0,43200.0,342000.0,6500.0,60,5.06,73.8,0.158,5,1,120,2,45.2,-87100.0,101.2
BNA004627,Rahmani,Rachid,Particulier,Actif,Compte professionnel,42,Constantine,Agriculture,Crédit personnel,2.9,109500.0,46700.0,688000.0,12700.0,60,4.16,85.5,0.448,3,0,150,2,50.2,19700.0,109.3
BNA004628,Meziane,Abdelkader,Particulier,Actif,Compte épargne,65,Biskra,Commerce,Crédit équipement,3.9,73700.0,35400.0,1265000.0,30200.0,48,6.89,66.5,0.027,0,1,120,1,46.7,-115900.0,93.9
BNA004629,Cherif,Farid,Professionnel,Actif,Compte épargne,27,Batna,Pharmacie,Crédit d'exploitation,8.3,353000.0,172300.0,3641000.0,82100.0,48,3.94,85.2,0.85,3,4,30,2,22.8,324100.0,85.2
BNA004630,Benali,Walid,Professionnel,Inactif,Compte entreprise,25,Djelfa,Transport,Crédit personnel,12.8,92900.0,34800.0,1701000.0,33200.0,60,6.38,20.5,0.789,1,0,0,1,5.9,206300.0,114.2
BNA004631,Mebarki,Nassim,PME,Actif,Compte épargne,45,Sétif,Pharmacie,Crédit d'exploitation,10.8,587400.0,118600.0,5036000.0,430400.0,12,4.68,56.6,0.756,0,0,10,1,34.6,1839400.0,89.4
BNA004632,Belkacem,Ilyes,Particulier,Actif,Compte courant,28,Biskra,Services,Crédit immobilier,6.2,79300.0,24800.0,590000.0,9300.0,84,8.35,82.4,0.145,0,1,30,1,46.7,-41400.0,68.5
BNA004633,Benali,Imad,Particulier,Actif,Compte entreprise,32,Laghouat,Commerce,Crédit d'investissement,8.3,59800.0,47100.0,482000.0,8200.0,72,7.08,48.7,0.449,0,0,10,1,52.1,-11300.0,52.7
BNA004634,Slimani,Farid,PME,Actif,Compte entreprise,60,Constantine,Industrie,Crédit équipement,7.8,1031500.0,685300.0,4789000.0,101200.0,60,9.76,47.3,0.38,3,1,0,4,61.0,2158500.0,114.3
BNA004635,Saidi,Karim,Particulier,Actif,Compte épargne,44,Djelfa,BTPH,Crédit d'exploitation,5.1,141900.0,97600.0,1365000.0,30200.0,48,3.04,65.1,0.23,3,5,60,3,33.9,-201900.0,37.7
BNA004636,Haddad,Oussama,PME,Actif,Compte épargne,52,Sétif,Industrie,Crédit d'investissement,7.8,297000.0,164600.0,765000.0,66300.0,12,7.43,77.3,0.25,1,1,45,2,22.2,539200.0,101.0
BNA004637,Boudiaf,Oussama,PME,Actif,Compte courant,34,Djelfa,Commerce,Crédit d'investissement,7.6,1827700.0,1153500.0,19393000.0,475700.0,48,8.25,76.8,0.513,2,0,120,0,55.3,-1679400.0,87.5
BNA004638,Mokhtar,Amine,PME,Actif,Compte entreprise,27,Batna,Transport,Crédit personnel,0.9,450700.0,93800.0,3784000.0,65400.0,72,7.48,8.0,0.924,0,0,0,0,18.5,7000.0,166.5
BNA004639,Rahmani,Aymen,Particulier,Actif,Compte entreprise,48,Tlemcen,Santé,Crédit immobilier,0.4,82800.0,25700.0,200000.0,6300.0,36,8.62,4.4,0.759,0,0,0,0,17.8,115400.0,116.6
BNA004640,Guediri,Aymen,Particulier,Actif,Compte courant,36,Sétif,Transport,Crédit personnel,10.9,74700.0,58700.0,836000.0,18900.0,48,4.01,65.5,0.186,0,1,45,2,41.6,-113900.0,41.9
BNA004641,Benyahia,Karim,Particulier,Inactif,Compte courant,29,Sétif,BTPH,Crédit d'investissement,16.8,78900.0,39400.0,715000.0,12500.0,72,7.89,56.5,0.516,2,1,120,2,45.1,66900.0,95.9
BNA004642,Nouri,Riad,Grande Entreprise,Actif,Compte professionnel,62,Blida,Commerce,Crédit personnel,9.4,3337300.0,1622400.0,13442000.0,410500.0,36,6.26,78.4,0.804,3,0,60,0,23.5,-1607000.0,33.1
BNA004643,Haddad,Farid,PME,Inactif,Compte courant,34,Alger,Transport,Crédit d'exploitation,2.8,1034000.0,717000.0,3941000.0,96000.0,48,7.88,67.3,0.271,2,2,30,2,41.9,565100.0,35.0
BNA004644,Benyahia,Tarek,PME,Actif,Compte courant,39,Annaba,Agriculture,Crédit immobilier,3.6,666900.0,407900.0,3167000.0,76800.0,48,7.67,83.3,0.455,2,1,60,4,45.3,690000.0,82.3
BNA004645,Cherif,Mohamed,Particulier,Actif,Compte courant,35,Alger,Santé,Crédit d'investissement,1.2,79200.0,19700.0,362000.0,31900.0,12,10.26,81.9,0.127,0,1,45,2,60.0,-76400.0,65.0
BNA004646,Chibani,Riad,Grande Entreprise,Actif,Compte courant,39,Constantine,BTPH,Crédit d'exploitation,8.3,1661500.0,583700.0,7031000.0,166500.0,48,6.43,72.4,0.263,0,1,90,1,56.1,2885300.0,55.1
BNA004647,Belkacem,Mohamed,Particulier,Actif,Compte courant,51,Alger,Agriculture,Crédit personnel,3.4,118200.0,60600.0,473000.0,9400.0,60,6.99,85.7,0.764,1,0,180,1,49.4,142400.0,19.9
BNA004648,Khelifi,Sofiane,Particulier,Actif,Compte courant,31,Oran,Pharmacie,Crédit immobilier,4.3,127000.0,19500.0,676000.0,16500.0,48,8.14,23.1,0.697,0,0,0,0,10.6,193200.0,71.9
BNA004649,Mokhtar,Nassim,Grande Entreprise,Actif,Compte épargne,51,Batna,Services,Crédit personnel,9.4,965600.0,362000.0,4857000.0,156800.0,36,10.06,36.8,0.546,0,0,0,1,9.0,871200.0,130.9
BNA004650,Khelifi,Tarek,PME,Actif,Compte courant,38,Tlemcen,Commerce,Crédit d'investissement,20.0,982200.0,315200.0,10268000.0,238800.0,48,5.51,48.1,0.139,2,2,45,1,24.4,311500.0,34.8
BNA004651,Touati,Abdelkader,Particulier,Actif,Compte professionnel,28,Alger,BTPH,Crédit équipement,9.7,122000.0,49000.0,919000.0,21000.0,48,4.53,32.5,0.957,1,0,0,0,36.3,266900.0,43.2
BNA004652,Yahiaoui,Ahmed,Professionnel,Actif,Compte courant,46,Biskra,Commerce,Crédit d'investissement,10.4,128900.0,44300.0,920000.0,16100.0,72,8.02,49.5,0.235,3,0,90,2,46.6,79900.0,85.1
BNA004653,Khelifi,Rachid,Particulier,Actif,Compte courant,63,Alger,Services,Crédit personnel,7.1,158100.0,77500.0,1008000.0,17600.0,72,7.87,7.2,0.965,0,0,0,0,34.8,673900.0,100.5
BNA004654,Guediri,Adel,Particulier,Actif,Compte épargne,61,Sétif,Transport,Crédit équipement,1.3,91600.0,24900.0,568000.0,11900.0,60,9.22,35.1,0.74,0,0,0,0,47.9,165300.0,151.2
BNA004655,Gacem,Hichem,PME,Actif,Compte courant,35,Annaba,Pharmacie,Crédit d'exploitation,12.3,782700.0,315400.0,5067000.0,230200.0,24,8.46,2.0,0.936,2,1,0,0,15.5,4062800.0,98.7
BNA004656,Belkacem,Kamel,PME,Actif,Compte courant,59,Blida,Industrie,Crédit d'investissement,7.7,548300.0,297400.0,4721000.0,87500.0,72,10.02,94.7,0.317,0,0,120,2,50.7,-291400.0,29.2
BNA004657,Mokhtar,Sofiane,Professionnel,Actif,Compte épargne,58,Tlemcen,Transport,Crédit d'exploitation,8.2,194400.0,90100.0,6244000.0,278500.0,24,6.64,61.3,0.52,0,0,10,1,47.5,-212700.0,77.7
BNA004658,Dahmani,Kamel,Particulier,Actif,Compte courant,23,Blida,Commerce,Crédit d'exploitation,14.6,107200.0,17700.0,416000.0,9300.0,48,3.7,14.1,0.885,0,0,0,0,29.4,122000.0,94.1
BNA004659,Belaid,Imad,Particulier,Actif,Compte courant,43,Blida,Commerce,Crédit d'investissement,11.4,127800.0,28300.0,902000.0,17300.0,60,5.63,18.9,0.781,1,0,15,0,21.1,536600.0,102.5
BNA004660,Boudiaf,Abdelkader,Particulier,Actif,Compte professionnel,38,Blida,Santé,Crédit d'exploitation,12.3,167100.0,76000.0,1415000.0,43800.0,36,7.1,85.0,0.206,1,0,60,0,52.1,-232100.0,90.1
BNA004661,Benali,Kamel,Particulier,Actif,Compte professionnel,45,Tlemcen,Services,Crédit immobilier,6.7,71800.0,53500.0,286000.0,7100.0,48,8.6,100.0,0.242,1,0,90,3,41.7,101500.0,62.6
BNA004662,Khelifi,Islam,Particulier,Actif,Compte courant,59,Sétif,Industrie,Crédit immobilier,2.0,92600.0,69100.0,1273000.0,24200.0,60,5.37,46.0,0.348,6,1,45,3,15.5,124700.0,53.6
BNA004663,Mansouri,Adel,Particulier,Actif,Compte professionnel,46,Sétif,Transport,Crédit d'exploitation,20.0,172900.0,131100.0,790000.0,14300.0,72,9.18,90.6,0.091,2,1,45,2,55.4,68800.0,64.0
BNA004664,Haddad,Farid,Particulier,Actif,Compte courant,45,Constantine,Agriculture,Crédit équipement,1.1,55500.0,32300.0,314000.0,27400.0,12,8.56,69.2,0.153,3,1,30,0,15.4,42000.0,15.3
BNA004665,Bensalem,Mohamed,Particulier,Actif,Compte courant,61,Annaba,Transport,Crédit personnel,3.7,90500.0,58400.0,480000.0,15000.0,36,7.81,90.4,0.429,1,1,5,2,24.3,57000.0,62.8
BNA004666,Benali,Rachid,Professionnel,Actif,Compte professionnel,39,Annaba,Industrie,Crédit immobilier,4.6,177900.0,85600.0,2116000.0,53500.0,48,9.83,93.3,0.508,1,0,120,4,44.6,40600.0,44.5
BNA004667,Haddad,Imad,Particulier,Actif,Compte épargne,38,Djelfa,Agriculture,Crédit d'exploitation,8.1,75800.0,33900.0,767000.0,14900.0,60,6.27,76.0,0.391,3,1,90,4,54.8,-5400.0,42.8
BNA004668,Rahmani,Imad,Particulier,Actif,Compte entreprise,36,Tlemcen,Santé,Crédit d'exploitation,9.8,92900.0,49300.0,854000.0,17800.0,60,9.13,94.5,0.201,3,0,10,0,57.2,-7300.0,48.9
BNA004669,Boudiaf,Imad,Particulier,Inactif,Compte courant,29,Oran,Commerce,Crédit personnel,4.7,106100.0,31700.0,592000.0,18600.0,36,8.02,33.4,0.918,1,0,0,1,29.6,155400.0,105.4
BNA004670,Mebarki,Rachid,PME,Actif,Compte courant,30,Alger,BTPH,Crédit immobilier,11.2,829700.0,570900.0,10230000.0,232200.0,48,4.27,76.7,0.404,0,0,60,1,30.4,346100.0,71.2
BNA004671,Touati,Yacine,Particulier,Actif,Compte courant,50,Sétif,Pharmacie,Crédit d'investissement,8.6,93200.0,48800.0,824000.0,14400.0,72,7.98,88.5,0.135,1,0,45,2,28.9,-84700.0,73.3
BNA004672,Hadji,Walid,Professionnel,Inactif,Compte épargne,54,Djelfa,Transport,Crédit d'exploitation,11.3,117500.0,35500.0,1654000.0,38800.0,48,5.97,14.3,0.95,0,1,15,1,23.3,142600.0,72.2
BNA004673,Meziane,Mohamed,Particulier,Actif,Compte courant,60,Annaba,Services,Crédit d'investissement,1.7,108400.0,43900.0,327000.0,10500.0,36,9.81,3.4,0.78,0,0,0,0,21.5,310000.0,35.8
BNA004674,Meziane,Adel,Particulier,Actif,Compte entreprise,65,Constantine,Industrie,Crédit personnel,5.5,178000.0,107300.0,1125000.0,48600.0,24,3.46,41.2,0.247,1,0,150,0,32.4,15200.0,34.1
BNA004675,Meziane,Karim,Particulier,Actif,Compte entreprise,26,Tlemcen,Transport,Crédit d'exploitation,3.1,79900.0,52200.0,913000.0,16900.0,60,4.14,69.9,0.363,3,1,10,3,35.4,30800.0,65.3
BNA004676,Touati,Walid,Particulier,Actif,Compte courant,26,Annaba,Santé,Crédit d'exploitation,12.0,88900.0,42500.0,272000.0,6400.0,48,5.86,79.8,0.505,0,0,90,2,62.3,62300.0,52.7
BNA004677,Gacem,Youcef,Particulier,Actif,Compte professionnel,62,Biskra,Transport,Crédit d'exploitation,6.2,57900.0,17500.0,658000.0,9400.0,84,5.28,15.7,0.776,1,0,0,0,17.6,115900.0,112.9
BNA004678,Belkacem,Bilal,PME,Actif,Compte courant,58,Béjaïa,Pharmacie,Crédit d'exploitation,11.4,448800.0,168700.0,2017000.0,32900.0,84,9.48,23.7,0.714,0,0,10,0,34.7,1748200.0,115.4
BNA004679,Amrani,Hichem,Particulier,Actif,Compte épargne,37,Annaba,Transport,Crédit immobilier,5.5,134100.0,68200.0,1663000.0,31500.0,60,5.2,29.3,0.869,0,0,0,2,28.4,284800.0,89.8
BNA004680,Nouri,Abdelkader,Particulier,Inactif,Compte épargne,42,Béjaïa,Services,Crédit équipement,15.9,196200.0,111100.0,3126000.0,144700.0,24,10.28,83.2,0.115,0,2,90,2,42.4,107000.0,20.9
BNA004681,Benyahia,Anis,Particulier,Actif,Compte courant,53,Béjaïa,Transport,Crédit d'investissement,11.4,43100.0,24600.0,344000.0,5400.0,72,4.16,94.3,0.284,4,3,150,0,54.7,-18400.0,47.1
BNA004682,Haddad,Abdelkader,Particulier,Actif,Compte épargne,51,Béjaïa,Pharmacie,Crédit équipement,2.6,279200.0,185100.0,1651000.0,25300.0,72,3.27,61.5,0.738,2,0,45,1,53.1,-8100.0,29.9
BNA004683,Khelifi,Sofiane,Particulier,Actif,Compte épargne,37,Biskra,Santé,Crédit équipement,6.0,148000.0,16000.0,1861000.0,47600.0,48,10.45,15.9,0.698,0,0,0,0,20.4,483400.0,111.3
BNA004684,Belaid,Tarek,Professionnel,Actif,Compte courant,28,Batna,Industrie,Crédit d'exploitation,13.9,212600.0,94700.0,3555000.0,47600.0,84,3.38,90.6,0.259,0,1,0,2,44.8,-227200.0,70.7
BNA004685,Mokhtar,Imad,Particulier,Actif,Compte courant,32,Alger,Services,Crédit personnel,4.6,96400.0,33500.0,476000.0,8600.0,60,3.1,18.4,0.904,0,0,0,0,14.1,142600.0,127.8
BNA004686,Larbi,Mourad,PME,Actif,Compte épargne,33,Tlemcen,Industrie,Crédit immobilier,17.2,734300.0,427200.0,4385000.0,380600.0,12,7.56,72.8,0.175,4,0,5,1,39.0,-859000.0,71.3
BNA004687,Larbi,Abdelkader,Professionnel,Actif,Compte épargne,29,Sétif,Commerce,Crédit immobilier,7.2,113000.0,20800.0,892000.0,16500.0,60,4.14,23.6,0.873,0,0,0,0,22.2,1300.0,95.9
BNA004688,Yahiaoui,Kamel,Particulier,Actif,Compte entreprise,23,Blida,Agriculture,Crédit immobilier,5.0,90000.0,15200.0,701000.0,61200.0,12,8.8,45.6,0.663,0,0,0,0,23.4,299800.0,120.8
BNA004689,Khelifi,Walid,Particulier,Actif,Compte courant,50,Blida,Transport,Crédit d'exploitation,2.4,75100.0,15000.0,858000.0,15700.0,60,3.79,14.4,0.805,0,0,0,0,20.7,173300.0,134.0
BNA004690,Dahmani,Mohamed,Particulier,Actif,Compte épargne,59,Tlemcen,Santé,Crédit personnel,2.8,175300.0,75100.0,3297000.0,61700.0,60,4.65,99.4,0.127,1,0,5,1,53.6,95500.0,86.8
BNA004691,Mebarki,Mohamed,Particulier,Actif,Compte professionnel,27,Laghouat,Transport,Crédit personnel,8.0,106100.0,78800.0,881000.0,19600.0,48,3.38,83.3,0.372,1,1,45,4,42.2,-52500.0,1.8
BNA004692,Larbi,Islam,Particulier,Actif,Compte courant,42,Blida,Transport,Crédit d'investissement,7.7,104000.0,24000.0,594000.0,8600.0,84,5.66,60.3,0.653,0,0,0,0,22.5,293900.0,0.0
BNA004693,Guediri,Rachid,PME,Actif,Compte professionnel,61,Laghouat,Services,Crédit d'investissement,10.2,489400.0,292700.0,3248000.0,103300.0,36,9.01,100.0,0.709,4,1,0,0,50.7,-203500.0,35.1
BNA004694,Slimani,Sofiane,Particulier,Actif,Compte courant,33,Béjaïa,BTPH,Crédit équipement,7.3,66700.0,39200.0,570000.0,11800.0,60,9.06,68.2,0.265,2,1,180,0,22.9,11800.0,83.5
BNA004695,Brahimi,Walid,Particulier,Actif,Compte professionnel,25,Oran,Services,Crédit immobilier,1.0,76100.0,15000.0,1440000.0,34200.0,48,6.65,9.0,0.487,0,0,0,0,27.3,267600.0,121.3
BNA004696,Ferhat,Yacine,Particulier,Actif,Compte courant,44,Alger,Transport,Crédit d'investissement,7.2,182400.0,132700.0,1059000.0,23900.0,48,3.95,26.2,0.659,1,1,120,1,37.9,18800.0,51.4
BNA004697,Larbi,Anis,Particulier,Actif,Compte épargne,30,Constantine,BTPH,Crédit d'investissement,1.3,116300.0,87700.0,783000.0,15700.0,60,7.51,61.9,0.414,0,1,0,4,34.9,-219000.0,67.6
BNA004698,Benali,Ahmed,PME,Actif,Compte courant,64,Constantine,Agriculture,Crédit personnel,12.0,430400.0,59700.0,2409000.0,39100.0,84,9.25,19.8,0.827,0,1,0,0,35.1,1420100.0,168.9
BNA004699,Yahiaoui,Youcef,Particulier,Actif,Compte entreprise,59,Djelfa,Pharmacie,Crédit d'exploitation,3.4,86000.0,47000.0,661000.0,15400.0,48,5.6,93.0,0.217,2,0,60,3,31.5,105800.0,61.1
BNA004700,Larbi,Amine,Particulier,Actif,Compte épargne,62,Annaba,Services,Crédit personnel,5.3,135700.0,51800.0,911000.0,12500.0,84,4.03,38.1,0.897,0,0,5,0,10.8,416400.0,77.7
BNA004701,Slimani,Hichem,Particulier,Actif,Compte entreprise,43,Annaba,Santé,Crédit personnel,8.1,156300.0,40300.0,1633000.0,71100.0,24,4.21,27.1,0.844,0,0,0,0,25.5,453600.0,69.9
BNA004702,Guediri,Kamel,Grande Entreprise,Actif,Compte entreprise,40,Béjaïa,Services,Crédit personnel,8.0,3495900.0,1879900.0,22402000.0,389500.0,72,7.7,90.8,0.82,0,1,45,1,42.0,6263100.0,33.2
BNA004703,Chibani,Adel,Professionnel,Actif,Compte courant,36,Biskra,Agriculture,Crédit équipement,3.3,511500.0,283900.0,5597000.0,180300.0,36,9.89,80.0,0.643,2,0,45,1,60.6,873100.0,81.3
BNA004704,Amrani,Zakaria,PME,Actif,Compte professionnel,41,Batna,Agriculture,Crédit immobilier,5.0,773600.0,296600.0,8487000.0,371500.0,24,4.79,5.8,0.392,0,0,0,0,16.5,2532700.0,134.2
BNA004705,Djelloul,Ahmed,Particulier,Actif,Compte courant,54,Blida,Commerce,Crédit d'investissement,12.9,91100.0,55500.0,929000.0,28200.0,36,5.79,75.7,0.699,1,0,180,3,72.1,-76000.0,75.9
BNA004706,Brahimi,Rachid,Particulier,Actif,Compte entreprise,33,Oran,Santé,Crédit d'investissement,17.3,129400.0,74500.0,849000.0,17400.0,60,8.34,69.6,0.398,3,0,30,3,56.5,165700.0,45.0
BNA004707,Zerrouki,Sofiane,Professionnel,Actif,Compte courant,55,Blida,Transport,Crédit immobilier,14.6,167900.0,38400.0,885000.0,26000.0,36,3.59,18.4,0.814,1,0,10,0,17.8,280300.0,119.2
BNA004708,Meziane,Tarek,Particulier,Actif,Compte courant,52,Laghouat,Agriculture,Crédit immobilier,2.2,69900.0,18700.0,317000.0,10000.0,36,8.54,54.2,0.563,2,0,10,0,7.4,92500.0,110.0
BNA004709,Gacem,Imad,Particulier,Actif,Compte courant,40,Laghouat,Commerce,Crédit équipement,7.7,66500.0,37300.0,612000.0,27800.0,24,8.59,74.2,0.476,1,2,120,3,39.5,103300.0,68.4
BNA004710,Nouri,Imad,PME,Actif,Compte courant,27,Tlemcen,BTPH,Crédit immobilier,3.9,532400.0,364700.0,5129000.0,96900.0,60,5.04,69.1,0.226,3,1,15,3,37.8,-327900.0,78.8
BNA004711,Gacem,Ibrahim,Professionnel,Actif,Compte courant,40,Oran,Santé,Crédit d'exploitation,4.7,521100.0,311300.0,5629000.0,134500.0,48,6.88,80.8,0.361,1,1,45,3,36.3,781000.0,48.1
BNA004712,Belaid,Karim,PME,Actif,Compte courant,36,Constantine,BTPH,Crédit personnel,14.3,366000.0,223500.0,1080000.0,47900.0,24,6.0,56.7,0.767,2,3,60,2,50.5,-110000.0,81.1
BNA004713,Amrani,Abdelkader,Particulier,Actif,Compte épargne,59,Biskra,Pharmacie,Crédit d'investissement,19.4,50800.0,26700.0,731000.0,13900.0,60,5.29,87.8,0.555,2,0,120,2,40.2,73900.0,64.8
BNA004714,Zerrouki,Aymen,Particulier,Actif,Compte entreprise,52,Béjaïa,Agriculture,Crédit d'exploitation,6.0,83700.0,36700.0,1177000.0,36100.0,36,6.57,81.0,0.579,3,2,120,2,17.3,-58700.0,99.5
BNA004715,Meziane,Youcef,Particulier,Actif,Compte entreprise,49,Béjaïa,Pharmacie,Crédit personnel,5.6,69300.0,43000.0,471000.0,8700.0,72,10.04,77.2,0.193,0,0,120,0,36.9,14900.0,83.6
BNA004716,Bensalem,Bilal,PME,Actif,Compte courant,41,Alger,BTPH,Crédit d'exploitation,3.5,393900.0,144700.0,4450000.0,61600.0,84,4.35,85.7,0.574,2,0,5,2,41.1,-42700.0,19.0
BNA004717,Belkacem,Nabil,PME,Actif,Compte épargne,56,Laghouat,Agriculture,Crédit d'exploitation,6.2,945000.0,432400.0,5126000.0,165700.0,36,10.1,92.3,0.255,3,0,15,4,36.9,-221400.0,63.5
BNA004718,Benyahia,Imad,Professionnel,Actif,Compte courant,42,Biskra,Industrie,Crédit personnel,2.9,374500.0,163300.0,4088000.0,183600.0,24,7.31,79.8,0.205,0,0,30,2,48.6,-138200.0,66.4
BNA004719,Benyahia,Amine,Particulier,Actif,Compte professionnel,56,Biskra,Commerce,Crédit d'investissement,6.9,79600.0,48900.0,540000.0,7200.0,84,3.15,48.6,0.507,3,1,180,1,43.3,49900.0,68.5
BNA004720,Benali,Sofiane,PME,Actif,Compte entreprise,58,Laghouat,Agriculture,Crédit d'exploitation,8.0,422800.0,113200.0,1864000.0,45300.0,48,7.72,80.4,0.488,3,0,0,1,26.7,93200.0,98.1
BNA004721,Belkacem,Ilyes,Particulier,Actif,Compte professionnel,24,Laghouat,Santé,Crédit équipement,15.0,92600.0,70600.0,901000.0,27700.0,36,6.82,62.5,0.333,5,1,10,1,48.5,65500.0,51.0
BNA004722,Larbi,Oussama,Particulier,Actif,Compte épargne,26,Sétif,Commerce,Crédit personnel,2.8,72600.0,20200.0,794000.0,25000.0,36,8.36,28.2,0.746,0,0,0,0,22.0,176300.0,106.9
BNA004723,Ferhat,Samir,Particulier,Actif,Compte épargne,35,Oran,Services,Crédit d'investissement,4.0,316600.0,123900.0,1988000.0,86400.0,24,4.07,91.4,0.657,1,0,5,1,25.5,-38600.0,71.3
BNA004724,Touati,Samir,Particulier,Actif,Compte entreprise,41,Biskra,Agriculture,Crédit d'exploitation,6.7,61200.0,38000.0,576000.0,12000.0,60,8.99,70.9,0.125,8,1,30,1,40.5,78400.0,56.2
BNA004725,Haddad,Sofiane,PME,Actif,Compte professionnel,33,Djelfa,Transport,Crédit d'exploitation,8.5,589000.0,137200.0,8049000.0,351600.0,24,4.57,36.4,0.985,0,0,0,0,40.4,1688500.0,117.3
BNA004726,Gacem,Karim,Particulier,Actif,Compte épargne,24,Batna,Pharmacie,Crédit d'exploitation,7.8,151200.0,35200.0,1121000.0,17100.0,72,3.23,39.7,0.889,0,0,0,1,29.0,183600.0,91.1
BNA004727,Mebarki,Nabil,Particulier,Actif,Compte entreprise,34,Tlemcen,Transport,Crédit personnel,8.8,94400.0,25700.0,1150000.0,19200.0,84,10.23,15.0,0.88,0,0,0,2,19.9,366400.0,131.9
BNA004728,Djelloul,Ahmed,Professionnel,Actif,Compte courant,42,Laghouat,Santé,Crédit d'investissement,5.9,161500.0,113800.0,1289000.0,20200.0,72,4.12,67.4,0.62,1,1,10,1,48.5,-219500.0,57.2
BNA004729,Zerrouki,Adel,PME,Actif,Compte épargne,45,Oran,Agriculture,Crédit d'investissement,11.1,268800.0,136300.0,2940000.0,46600.0,84,8.55,99.0,0.311,0,1,15,1,24.8,53200.0,88.0
BNA004730,Nouri,Samir,Particulier,Actif,Compte courant,40,Alger,Santé,Crédit d'investissement,17.5,154500.0,112300.0,1544000.0,28900.0,60,4.73,79.3,0.394,3,3,90,4,57.3,238800.0,69.7
BNA004731,Benyahia,Aymen,PME,Actif,Compte professionnel,42,Laghouat,Industrie,Crédit immobilier,9.6,622500.0,354200.0,2293000.0,45400.0,60,6.99,74.8,0.358,1,1,15,3,57.9,92600.0,44.4
BNA004732,Rahmani,Karim,PME,Actif,Compte courant,58,Sétif,Industrie,Crédit personnel,1.9,615600.0,219800.0,3291000.0,100400.0,36,6.2,5.6,0.821,0,0,5,1,19.7,1198600.0,16.7
BNA004733,Benyahia,Farid,PME,Actif,Compte courant,28,Béjaïa,Santé,Crédit personnel,11.5,1675000.0,940000.0,15975000.0,1392200.0,12,8.34,69.3,0.189,3,3,45,1,51.0,2384600.0,66.8
BNA004734,Saidi,Ibrahim,PME,Actif,Compte épargne,33,Blida,BTPH,Crédit personnel,5.3,350700.0,155500.0,3673000.0,117900.0,36,9.62,64.3,0.808,1,3,120,7,38.3,137200.0,46.3
BNA004735,Benyahia,Hichem,Particulier,Actif,Compte professionnel,62,Tlemcen,Santé,Crédit immobilier,5.4,132800.0,62500.0,672000.0,9400.0,84,4.71,27.6,0.795,0,0,0,0,24.7,190700.0,132.5
BNA004736,Amrani,Tarek,Particulier,Actif,Compte entreprise,40,Annaba,Santé,Crédit personnel,3.7,115700.0,61700.0,634000.0,20600.0,36,10.36,46.6,0.365,2,0,30,4,36.8,80300.0,63.5
BNA004737,Chibani,Adel,PME,Actif,Compte professionnel,47,Batna,Industrie,Crédit personnel,6.4,285300.0,126700.0,2452000.0,40400.0,72,5.81,69.1,0.407,1,4,30,2,59.5,162800.0,101.8
BNA004738,Boudiaf,Abdelkader,Particulier,Actif,Compte entreprise,39,Sétif,Agriculture,Crédit d'investissement,6.4,142100.0,99700.0,976000.0,20400.0,60,9.22,95.5,0.1,3,1,90,4,49.5,-9300.0,32.9
BNA004739,Cherif,Farid,Particulier,Actif,Compte épargne,64,Constantine,Transport,Crédit d'investissement,15.4,108500.0,25300.0,1626000.0,33100.0,60,8.18,33.2,0.715,1,0,0,0,23.8,399500.0,110.4
BNA004740,Mansouri,Oussama,Professionnel,Actif,Compte courant,25,Tlemcen,Pharmacie,Crédit personnel,9.2,89900.0,60600.0,1021000.0,25100.0,48,8.26,77.4,0.43,1,1,15,1,44.6,71200.0,1.8
BNA004741,Nouri,Anis,PME,Actif,Compte professionnel,60,Batna,Pharmacie,Crédit d'investissement,3.2,469300.0,214200.0,3339000.0,52400.0,72,4.08,65.5,0.408,4,1,10,1,35.6,1059300.0,93.1
BNA004742,Amrani,Abdelkader,PME,Actif,Compte courant,61,Annaba,Agriculture,Crédit personnel,15.9,472000.0,377700.0,7372000.0,97600.0,84,3.06,85.8,0.515,1,0,90,2,52.6,154500.0,79.3
BNA004743,Belkacem,Walid,Grande Entreprise,Actif,Compte entreprise,50,Laghouat,Commerce,Crédit d'exploitation,2.5,1710100.0,1322100.0,13318000.0,202500.0,72,3.03,89.4,0.282,2,1,0,1,64.9,-416600.0,44.0
BNA004744,Brahimi,Anis,Particulier,Actif,Compte courant,63,Constantine,Pharmacie,Crédit personnel,3.8,100800.0,46800.0,769000.0,12600.0,84,9.46,19.6,0.628,1,0,0,2,27.2,310100.0,129.2
BNA004745,Djelloul,Nabil,Particulier,Actif,Compte courant,28,Batna,Services,Crédit d'investissement,3.3,70100.0,27400.0,850000.0,14300.0,72,6.49,94.0,0.497,2,0,15,1,21.2,99400.0,107.0
BNA004746,Amrani,Oussama,PME,Actif,Compte courant,50,Alger,Transport,Crédit d'exploitation,0.3,1232600.0,482600.0,11453000.0,286600.0,48,9.29,38.8,0.528,0,0,0,0,19.2,3641800.0,114.3
BNA004747,Khelifi,Hichem,Particulier,Actif,Compte courant,44,Tlemcen,Transport,Crédit équipement,5.4,57100.0,15000.0,287000.0,5100.0,72,8.27,50.5,0.678,1,0,0,0,28.0,122700.0,113.5
BNA004748,Touati,Rachid,Particulier,Actif,Compte entreprise,44,Oran,Agriculture,Crédit d'investissement,7.2,76700.0,46400.0,858000.0,17700.0,60,8.65,43.8,0.478,1,0,180,1,21.7,140000.0,34.3
BNA004749,Larbi,Aymen,PME,Actif,Compte épargne,26,Annaba,Agriculture,Crédit immobilier,4.0,537100.0,435200.0,3278000.0,68500.0,60,9.3,68.2,0.498,0,0,30,0,33.4,366700.0,88.1
BNA004750,Belkacem,Sofiane,Professionnel,Actif,Compte courant,56,Tlemcen,Industrie,Crédit d'investissement,10.2,130500.0,64300.0,1003000.0,29400.0,36,3.61,68.6,0.455,1,0,60,4,27.9,-154900.0,79.0
BNA004751,Slimani,Hichem,Particulier,Actif,Compte courant,36,Tlemcen,Industrie,Crédit d'exploitation,5.3,99300.0,53100.0,905000.0,27200.0,36,5.29,89.3,0.191,0,1,10,2,38.2,130300.0,34.6
BNA004752,Slimani,Islam,Professionnel,Actif,Compte professionnel,44,Laghouat,BTPH,Crédit personnel,5.8,371000.0,65600.0,6550000.0,117500.0,72,8.83,50.0,0.84,0,0,0,0,22.5,1117000.0,147.7
BNA004753,Touati,Tarek,Particulier,Actif,Compte entreprise,58,Annaba,Commerce,Crédit équipement,13.7,100600.0,67900.0,551000.0,13200.0,48,7.04,58.0,0.405,8,1,30,2,38.5,89600.0,60.2
BNA004754,Dahmani,Adel,Professionnel,Inactif,Compte épargne,37,Oran,Agriculture,Crédit immobilier,20.0,215300.0,86600.0,3722000.0,68600.0,60,4.03,88.5,0.253,0,0,60,1,40.7,-440100.0,60.7
BNA004755,Larbi,Rachid,Particulier,Actif,Compte courant,59,Béjaïa,Industrie,Crédit personnel,7.1,159500.0,42500.0,1206000.0,25100.0,60,9.11,42.8,0.685,0,0,0,0,30.6,325400.0,83.0
BNA004756,Djelloul,Riad,Particulier,Actif,Compte épargne,26,Biskra,Services,Crédit personnel,10.6,41400.0,15800.0,200000.0,6500.0,36,10.22,40.9,0.453,0,0,0,0,8.3,60400.0,126.1
BNA004757,Mebarki,Riad,PME,Actif,Compte courant,39,Laghouat,Commerce,Crédit d'exploitation,4.9,484800.0,280900.0,3404000.0,81900.0,48,7.22,77.1,0.51,2,0,120,1,49.8,326200.0,58.9
BNA004758,Khelifi,Hichem,Particulier,Actif,Compte courant,35,Blida,Agriculture,Crédit équipement,4.7,88700.0,36200.0,390000.0,10000.0,48,10.43,93.5,0.767,0,0,90,1,46.0,126700.0,87.2
BNA004759,Mokhtar,Karim,Particulier,Actif,Compte courant,50,Djelfa,Transport,Crédit d'investissement,1.4,201900.0,49300.0,2314000.0,45300.0,60,6.49,26.3,0.922,0,0,0,1,24.0,101600.0,91.4
BNA004760,Djelloul,Mourad,Particulier,Suspendu,Compte courant,27,Tlemcen,BTPH,Crédit d'exploitation,20.0,94200.0,55800.0,314000.0,13700.0,24,4.6,78.2,0.831,2,1,45,2,34.6,31800.0,106.4
BNA004761,Touati,Bilal,Particulier,Actif,Compte entreprise,61,Biskra,Industrie,Crédit immobilier,3.4,68600.0,34000.0,821000.0,25700.0,36,7.82,92.5,0.552,2,0,90,1,31.1,57500.0,63.6
BNA004762,Cherif,Aymen,Particulier,Actif,Compte professionnel,34,Constantine,BTPH,Crédit personnel,10.7,82800.0,24900.0,432000.0,10400.0,48,7.47,25.3,0.91,0,0,10,0,19.0,115300.0,135.2
BNA004763,Mansouri,Kamel,PME,Actif,Compte professionnel,61,Blida,Services,Crédit immobilier,10.8,737200.0,118100.0,5534000.0,166400.0,36,5.22,49.0,1.0,0,0,15,1,30.6,2031000.0,148.6
BNA004764,Cherif,Karim,PME,Actif,Compte courant,49,Annaba,BTPH,Crédit d'exploitation,15.2,363700.0,138000.0,3167000.0,95000.0,36,5.03,80.1,0.384,0,1,180,1,28.4,-283800.0,18.3
BNA004765,Khelifi,Islam,Particulier,Actif,Compte entreprise,65,Batna,Commerce,Crédit d'exploitation,2.4,66400.0,20200.0,310000.0,6900.0,48,3.02,18.6,0.646,0,0,0,0,9.4,-68400.0,53.1
BNA004766,Haddad,Bilal,Professionnel,Actif,Compte courant,54,Alger,Services,Crédit personnel,5.3,241100.0,146300.0,1713000.0,42100.0,48,8.29,81.9,0.412,4,2,60,0,33.8,255100.0,54.0
BNA004767,Bensalem,Hichem,Grande Entreprise,Actif,Compte courant,31,Djelfa,Services,Crédit immobilier,10.8,2369800.0,347900.0,12604000.0,297400.0,48,6.23,14.7,0.387,0,0,0,0,39.8,5619500.0,25.6
BNA004768,Rahmani,Farid,Professionnel,Actif,Compte professionnel,41,Béjaïa,Commerce,Crédit d'investissement,7.3,347300.0,111600.0,4038000.0,84400.0,60,9.3,48.9,0.79,0,0,10,0,4.0,1401800.0,90.9
BNA004769,Mokhtar,Kamel,Professionnel,Actif,Compte courant,25,Batna,Services,Crédit personnel,2.8,124800.0,63800.0,877000.0,17000.0,60,6.14,68.0,0.554,2,0,60,3,40.5,122300.0,40.9
BNA004770,Amrani,Zakaria,Grande Entreprise,Actif,Compte courant,48,Djelfa,Agriculture,Crédit personnel,6.7,1810300.0,684700.0,7516000.0,150600.0,60,7.5,53.3,0.483,2,3,60,2,79.0,1818000.0,73.2
BNA004771,Cherif,Nabil,Particulier,Actif,Compte épargne,39,Sétif,Industrie,Crédit d'exploitation,12.1,90300.0,29000.0,1494000.0,23300.0,84,7.99,8.1,0.619,0,0,0,1,23.1,343900.0,87.4
BNA004772,Chibani,Oussama,Particulier,Actif,Compte courant,23,Blida,Santé,Crédit immobilier,7.8,56500.0,18800.0,612000.0,12700.0,60,8.96,6.0,0.618,0,0,0,0,38.6,81500.0,129.5
BNA004773,Guediri,Adel,Particulier,Actif,Compte professionnel,48,Djelfa,Commerce,Crédit équipement,6.9,87900.0,15000.0,341000.0,5600.0,72,5.82,19.7,0.774,0,0,0,1,24.9,72500.0,141.5
BNA004774,Belaid,Kamel,PME,Actif,Compte courant,50,Djelfa,Pharmacie,Crédit d'exploitation,2.9,222000.0,95000.0,1323000.0,26700.0,60,7.83,13.5,0.859,0,0,0,0,47.2,682200.0,135.8
BNA004775,Benali,Zakaria,Particulier,Actif,Compte professionnel,36,Batna,Transport,Crédit d'exploitation,5.9,245500.0,112500.0,1882000.0,41800.0,48,3.17,64.2,0.5,2,0,30,0,45.9,-62200.0,45.6
BNA004776,Slimani,Nabil,Particulier,Actif,Compte entreprise,46,Laghouat,Agriculture,Crédit équipement,2.4,146400.0,77700.0,1677000.0,30300.0,60,3.22,95.8,0.379,2,0,180,0,45.3,166200.0,82.4
BNA004777,Touati,Youcef,PME,Actif,Compte professionnel,53,Blida,Transport,Crédit d'investissement,11.6,706800.0,359900.0,3797000.0,112000.0,36,3.95,75.7,0.337,2,1,90,2,66.8,-511700.0,41.6
BNA004778,Dahmani,Walid,PME,Actif,Compte épargne,35,Oran,Transport,Crédit d'exploitation,6.4,582600.0,324600.0,4026000.0,179900.0,24,6.8,91.4,0.503,1,0,30,0,51.8,-420200.0,59.0
BNA004779,Belkacem,Riad,Professionnel,Actif,Compte professionnel,46,Alger,Santé,Crédit personnel,10.3,349500.0,286800.0,3775000.0,87600.0,48,5.41,77.2,0.569,2,0,120,1,42.9,-76100.0,70.3
BNA004780,Saidi,Mohamed,Grande Entreprise,Actif,Compte courant,24,Laghouat,Commerce,Crédit d'exploitation,9.4,1742800.0,822100.0,16178000.0,488300.0,36,5.47,80.0,0.301,3,0,30,1,42.4,2020500.0,81.7
BNA004781,Khelifi,Riad,PME,Actif,Compte épargne,62,Annaba,Services,Crédit immobilier,1.2,503000.0,208900.0,3274000.0,53300.0,72,5.38,19.1,0.695,0,0,15,0,26.0,871500.0,181.9
BNA004782,Mansouri,Farid,Particulier,Actif,Compte courant,64,Laghouat,Pharmacie,Crédit d'exploitation,4.0,92200.0,58400.0,805000.0,37300.0,24,10.31,71.8,0.789,0,0,120,0,55.1,-9300.0,102.9
BNA004783,Bensalem,Youcef,Professionnel,Actif,Compte courant,26,Alger,BTPH,Crédit immobilier,18.8,207200.0,81500.0,2221000.0,51100.0,48,4.92,22.9,0.575,0,0,0,0,7.2,706900.0,125.7
BNA004784,Haddad,Tarek,Particulier,Actif,Compte courant,49,Constantine,Commerce,Crédit d'investissement,8.4,317400.0,97300.0,2095000.0,40400.0,60,5.93,31.2,0.693,0,0,5,0,33.6,605100.0,109.3
BNA004785,Hadji,Oussama,Particulier,Suspendu,Compte épargne,32,Sétif,Santé,Crédit personnel,1.9,61600.0,48800.0,200000.0,2800.0,84,4.24,55.5,0.448,1,1,5,0,27.9,-98100.0,79.7
BNA004786,Belkacem,Abdelkader,Professionnel,Actif,Compte courant,39,Constantine,Commerce,Crédit équipement,10.0,96300.0,54200.0,643000.0,19600.0,36,6.22,60.8,0.445,3,5,45,2,14.4,12400.0,21.0
BNA004787,Rahmani,Farid,Professionnel,Actif,Compte entreprise,57,Alger,Agriculture,Crédit personnel,7.8,82400.0,29100.0,541000.0,10600.0,60,6.7,50.8,0.476,4,1,45,3,19.7,148900.0,55.1
BNA004788,Touati,Karim,PME,Actif,Compte professionnel,25,Oran,Santé,Crédit équipement,14.6,717500.0,507500.0,11750000.0,362300.0,36,6.91,95.7,0.146,0,2,30,4,20.5,86600.0,75.6
BNA004789,Gacem,Kamel,PME,Actif,Compte épargne,36,Tlemcen,Industrie,Crédit personnel,6.3,230600.0,150400.0,1419000.0,22500.0,72,4.51,66.2,0.757,3,0,30,3,76.6,-110800.0,50.3
BNA004790,Nouri,Samir,Particulier,Actif,Compte courant,41,Tlemcen,Commerce,Crédit équipement,5.5,104200.0,22800.0,293000.0,6100.0,60,8.85,8.9,0.764,0,1,0,0,17.5,462500.0,122.2
BNA004791,Nouri,Islam,Particulier,Actif,Compte entreprise,33,Batna,Pharmacie,Crédit d'investissement,8.7,64700.0,15000.0,432000.0,9700.0,48,3.89,16.1,0.793,0,0,0,0,12.4,169100.0,138.8
BNA004792,Touati,Walid,PME,Inactif,Compte épargne,39,Alger,Santé,Crédit personnel,1.9,379900.0,228500.0,2384000.0,71300.0,36,4.86,92.0,0.39,4,2,45,2,79.1,-114500.0,82.3
BNA004793,Larbi,Zakaria,Particulier,Actif,Compte épargne,28,Blida,Pharmacie,Crédit équipement,7.1,105700.0,46900.0,1020000.0,19000.0,72,10.2,20.5,0.931,2,0,0,0,24.8,131400.0,29.5
BNA004794,Benali,Riad,Professionnel,Actif,Compte courant,48,Constantine,Pharmacie,Crédit équipement,1.8,125200.0,43000.0,2454000.0,40100.0,84,9.49,23.3,0.814,1,0,0,0,8.8,284700.0,160.5
BNA004795,Ferhat,Aymen,Professionnel,Actif,Compte entreprise,32,Constantine,Industrie,Crédit d'exploitation,20.0,107500.0,77900.0,1523000.0,46200.0,36,5.83,64.2,0.843,0,0,180,1,36.2,42600.0,81.1
BNA004796,Rahmani,Sofiane,Particulier,Actif,Compte entreprise,65,Alger,Industrie,Crédit personnel,8.6,82300.0,15000.0,980000.0,29500.0,36,5.4,51.4,0.952,0,0,0,0,26.6,70800.0,97.3
BNA004797,Belkacem,Youcef,Professionnel,Actif,Compte courant,25,Batna,Commerce,Crédit personnel,12.3,146000.0,65000.0,774000.0,17100.0,48,3.05,85.0,0.901,1,1,0,1,30.1,-175700.0,112.3
BNA004798,Gacem,Oussama,Particulier,Inactif,Compte épargne,49,Djelfa,Agriculture,Crédit d'exploitation,2.8,63000.0,44900.0,299000.0,13500.0,24,7.65,61.8,0.439,2,1,5,0,57.0,-45500.0,97.1
BNA004799,Cherif,Farid,Particulier,Actif,Compte entreprise,49,Alger,Agriculture,Crédit équipement,6.5,90100.0,64000.0,1049000.0,24500.0,48,5.74,89.3,0.329,3,0,90,4,34.2,63000.0,118.3
BNA004800,Rahmani,Ahmed,Particulier,Actif,Compte épargne,36,Blida,Agriculture,Crédit d'exploitation,4.4,139700.0,17100.0,2008000.0,27500.0,84,4.05,48.7,0.869,0,0,0,0,44.7,247000.0,126.3
BNA004801,Belkacem,Bilal,Professionnel,Actif,Compte professionnel,44,Béjaïa,Santé,Crédit personnel,6.6,237800.0,172800.0,3111000.0,140200.0,24,7.67,66.6,0.731,1,0,10,1,67.9,233400.0,47.1
BNA004802,Bensalem,Youcef,Particulier,Inactif,Compte courant,42,Djelfa,Transport,Crédit immobilier,5.4,100800.0,66400.0,975000.0,18300.0,60,4.69,68.6,0.345,1,0,60,4,46.4,116600.0,54.6
BNA004803,Amrani,Salim,Particulier,Actif,Compte épargne,23,Alger,Services,Crédit immobilier,5.8,101700.0,49200.0,951000.0,15300.0,72,4.91,95.1,0.107,2,0,90,2,4.0,-274400.0,45.2
BNA004804,Meziane,Mohamed,Grande Entreprise,Actif,Compte professionnel,58,Batna,Transport,Crédit personnel,8.7,1006600.0,429000.0,2470000.0,45000.0,72,9.42,60.7,0.2,2,0,5,2,53.2,-584200.0,87.4
BNA004805,Mansouri,Amine,Particulier,Actif,Compte courant,47,Djelfa,Pharmacie,Crédit personnel,3.7,121700.0,85900.0,537000.0,46400.0,12,6.59,81.4,0.192,1,4,15,0,46.9,211200.0,57.8
BNA004806,Saidi,Hichem,Grande Entreprise,Actif,Compte courant,60,Blida,Services,Crédit d'exploitation,14.5,1511200.0,607300.0,10653000.0,188300.0,72,8.29,45.9,0.287,0,0,0,0,25.0,3929900.0,167.9
BNA004807,Haddad,Salim,PME,Actif,Compte épargne,36,Batna,BTPH,Crédit d'exploitation,7.8,592100.0,411900.0,2317000.0,57700.0,48,9.03,69.8,0.564,5,0,30,1,54.8,1821100.0,38.3
BNA004808,Hadji,Abdelkader,Particulier,Inactif,Compte professionnel,58,Oran,Agriculture,Crédit personnel,6.4,108200.0,60900.0,1120000.0,22200.0,60,6.99,55.0,0.286,2,0,45,3,44.9,38000.0,58.9
BNA004809,Bensalem,Hichem,PME,Actif,Compte professionnel,28,Tlemcen,Services,Crédit équipement,6.4,552900.0,237500.0,2691000.0,52600.0,60,6.48,65.2,0.51,2,0,15,1,24.8,29400.0,65.7
BNA004810,Belkacem,Mohamed,Particulier,Actif,Compte épargne,25,Djelfa,Agriculture,Crédit personnel,6.4,158700.0,106200.0,555000.0,11400.0,60,8.6,97.0,0.224,0,1,45,3,33.4,226900.0,40.3
BNA004811,Slimani,Farid,PME,Actif,Compte épargne,53,Béjaïa,Commerce,Crédit d'exploitation,5.2,1149700.0,599500.0,6855000.0,114600.0,72,6.31,51.8,0.438,2,0,60,2,40.7,-767900.0,86.0
BNA004812,Meziane,Adel,Particulier,Actif,Compte courant,42,Tlemcen,Commerce,Crédit équipement,6.4,184000.0,85500.0,956000.0,15200.0,84,8.67,68.8,0.107,2,2,30,3,68.9,-93200.0,56.1
BNA004813,Dahmani,Ahmed,PME,Actif,Compte entreprise,30,Tlemcen,Santé,Crédit d'exploitation,0.9,838300.0,459400.0,7867000.0,231800.0,36,3.88,86.5,0.409,1,0,45,1,39.0,899600.0,71.6
BNA004814,Zerrouki,Youcef,Particulier,Actif,Compte courant,45,Oran,Agriculture,Crédit d'investissement,3.1,97500.0,47000.0,328000.0,10300.0,36,8.45,79.5,0.226,0,1,60,5,33.0,107200.0,64.0
BNA004815,Dahmani,Nassim,Particulier,Actif,Compte entreprise,46,Alger,Commerce,Crédit personnel,0.4,79800.0,52600.0,1447000.0,127500.0,12,10.43,89.7,0.653,2,1,10,1,59.0,-132800.0,20.8
BNA004816,Larbi,Oussama,PME,Actif,Compte courant,51,Béjaïa,Transport,Crédit d'investissement,3.8,630300.0,183700.0,5085000.0,101300.0,60,7.25,55.6,0.82,1,0,0,0,26.0,1738000.0,119.4
BNA004817,Touati,Bilal,Grande Entreprise,Actif,Compte professionnel,46,Djelfa,Santé,Crédit d'exploitation,6.7,3180100.0,626900.0,23356000.0,485900.0,60,9.09,40.9,0.44,1,0,0,0,27.6,10591100.0,96.1
BNA004818,Boudiaf,Samir,PME,Actif,Compte entreprise,54,Béjaïa,BTPH,Crédit d'exploitation,8.0,784400.0,440000.0,5851000.0,121500.0,60,9.02,66.5,0.353,1,1,120,2,59.6,327500.0,93.8
BNA004819,Ferhat,Nassim,Particulier,Actif,Compte épargne,39,Tlemcen,Commerce,Crédit d'exploitation,12.5,53100.0,16500.0,222000.0,4600.0,60,8.71,67.4,0.416,5,3,90,1,50.2,-84900.0,48.5
BNA004820,Saidi,Zakaria,Professionnel,Actif,Compte courant,58,Constantine,Industrie,Crédit personnel,12.0,336900.0,124800.0,3696000.0,74200.0,60,7.56,56.3,0.579,1,1,30,0,34.8,242800.0,39.4
BNA004821,Cherif,Nassim,Professionnel,Actif,Compte courant,62,Laghouat,Pharmacie,Crédit immobilier,3.9,154800.0,74500.0,2510000.0,59300.0,48,6.27,87.9,0.195,0,0,30,0,65.2,-155400.0,39.7
BNA004822,Meziane,Adel,Particulier,Actif,Compte professionnel,25,Batna,Services,Crédit immobilier,3.9,73400.0,58300.0,782000.0,10500.0,84,3.4,52.9,0.343,4,0,120,1,72.8,65700.0,57.5
BNA004823,Dahmani,Islam,PME,Actif,Compte épargne,46,Blida,Pharmacie,Crédit équipement,2.8,205800.0,55400.0,1198000.0,36800.0,36,6.68,8.7,0.567,0,0,0,0,13.1,372600.0,138.4
BNA004824,Djelloul,Zakaria,PME,Actif,Compte professionnel,26,Constantine,Agriculture,Crédit personnel,4.3,392600.0,134900.0,7560000.0,145100.0,60,5.71,24.9,0.738,1,0,5,0,19.3,904800.0,79.9
BNA004825,Meziane,Farid,PME,Actif,Compte entreprise,58,Alger,Industrie,Crédit personnel,2.0,261100.0,194600.0,1022000.0,31500.0,36,6.96,100.0,0.175,3,1,90,1,53.3,-387900.0,55.4
BNA004826,Khelifi,Islam,Particulier,Actif,Compte épargne,62,Blida,Pharmacie,Crédit immobilier,7.9,124300.0,88600.0,1651000.0,48600.0,36,3.8,73.2,0.528,2,1,15,2,45.1,14000.0,116.6
BNA004827,Djelloul,Rachid,Professionnel,Actif,Compte courant,51,Batna,Commerce,Crédit d'exploitation,4.9,344100.0,199100.0,5252000.0,101900.0,60,6.16,76.1,0.351,0,0,30,3,27.9,533300.0,65.7
BNA004828,Slimani,Hichem,Particulier,Actif,Compte professionnel,26,Biskra,Santé,Crédit d'exploitation,6.8,78500.0,55100.0,840000.0,25500.0,36,5.73,88.1,0.148,1,0,5,1,25.1,-98000.0,98.7
BNA004829,Rahmani,Ilyes,Particulier,Actif,Compte épargne,46,Tlemcen,Santé,Crédit équipement,4.7,35000.0,19200.0,331000.0,6200.0,60,4.47,70.7,0.336,2,0,15,3,53.6,4300.0,67.2
BNA004830,Dahmani,Farid,Professionnel,Inactif,Compte épargne,24,Béjaïa,Agriculture,Crédit d'exploitation,11.4,202900.0,129100.0,2046000.0,38000.0,60,4.4,59.8,0.806,4,1,150,3,43.8,-328200.0,73.6
BNA004831,Ferhat,Hichem,Professionnel,Actif,Compte courant,58,Batna,Agriculture,Crédit d'investissement,10.8,167700.0,46800.0,2594000.0,83100.0,36,9.47,8.2,0.625,0,0,0,0,22.7,-5500.0,63.0
BNA004832,Mansouri,Anis,Particulier,Actif,Compte courant,29,Constantine,Agriculture,Crédit personnel,11.0,142000.0,91900.0,1307000.0,41800.0,36,9.39,74.9,0.174,2,0,120,0,64.3,19500.0,49.7
BNA004833,Brahimi,Aymen,PME,Actif,Compte courant,26,Béjaïa,Agriculture,Crédit équipement,3.8,423800.0,94500.0,6669000.0,108200.0,72,5.26,27.2,0.867,0,0,0,1,13.0,890500.0,136.8
BNA004834,Slimani,Adel,Particulier,Actif,Compte courant,25,Tlemcen,BTPH,Crédit d'exploitation,1.0,74400.0,40600.0,658000.0,21100.0,36,9.59,31.9,0.748,0,0,10,1,29.5,252000.0,104.0
BNA004835,Haddad,Rachid,PME,Actif,Compte épargne,30,Oran,Commerce,Crédit d'exploitation,5.4,541200.0,254500.0,3786000.0,95100.0,48,9.52,78.1,0.526,2,0,90,0,28.4,945300.0,68.0
BNA004836,Nouri,Salim,Particulier,Actif,Compte courant,55,Batna,Agriculture,Crédit d'exploitation,2.8,59100.0,15000.0,742000.0,13700.0,72,9.95,61.0,0.613,2,2,90,1,57.7,30800.0,32.3
BNA004837,Haddad,Nabil,Particulier,Actif,Compte courant,44,Annaba,Commerce,Crédit d'exploitation,1.8,58000.0,15000.0,580000.0,10600.0,60,3.87,32.2,0.708,1,0,0,0,35.6,127400.0,95.2
BNA004838,Brahimi,Aymen,Particulier,Actif,Compte courant,27,Tlemcen,Transport,Crédit personnel,14.0,66700.0,25700.0,712000.0,12800.0,60,3.16,27.5,0.698,0,0,0,1,27.3,176100.0,91.0
BNA004839,Hadji,Zakaria,PME,Actif,Compte entreprise,49,Oran,Santé,Crédit d'investissement,17.5,188200.0,27600.0,1873000.0,47300.0,48,9.76,50.6,0.862,0,0,0,0,21.2,792300.0,71.6
BNA004840,Ferhat,Salim,Particulier,Actif,Compte courant,37,Tlemcen,Pharmacie,Crédit d'investissement,3.5,96700.0,61400.0,603000.0,14600.0,48,7.72,90.6,0.221,1,1,150,4,33.9,-133400.0,50.8
BNA004841,Belkacem,Samir,Particulier,Suspendu,Compte courant,50,Constantine,Transport,Crédit d'investissement,16.4,47600.0,15000.0,290000.0,7200.0,48,9.07,37.9,0.539,0,0,0,0,21.5,63700.0,115.1
BNA004842,Mokhtar,Adel,PME,Actif,Compte courant,36,Alger,Services,Crédit immobilier,17.3,417900.0,167700.0,1734000.0,36600.0,60,9.71,50.8,0.474,1,1,120,1,66.1,33000.0,79.0
BNA004843,Dahmani,Zakaria,PME,Actif,Compte épargne,65,Batna,Pharmacie,Crédit équipement,12.4,442200.0,218700.0,3295000.0,149800.0,24,8.48,68.6,0.195,2,3,10,0,22.3,315300.0,81.2
BNA004844,Zerrouki,Sofiane,PME,Actif,Compte courant,57,Alger,Transport,Crédit personnel,5.3,346500.0,255600.0,1682000.0,26600.0,72,4.33,89.4,0.49,2,1,180,2,40.8,12600.0,59.2
BNA004845,Nouri,Walid,Particulier,Actif,Compte courant,60,Annaba,BTPH,Crédit d'investissement,7.8,71200.0,31100.0,795000.0,23700.0,36,4.61,56.3,0.556,2,0,30,0,25.0,112500.0,77.3
BNA004846,Meziane,Islam,Particulier,Actif,Compte courant,27,Laghouat,Santé,Crédit personnel,1.2,118100.0,98600.0,1082000.0,23200.0,60,10.3,57.8,0.173,7,0,90,1,50.2,82400.0,81.3
BNA004847,Belkacem,Anis,Particulier,Actif,Compte courant,54,Djelfa,Agriculture,Crédit personnel,10.2,126000.0,89400.0,1478000.0,46800.0,36,8.7,93.7,0.084,1,1,90,3,26.7,-69300.0,77.6
BNA004848,Larbi,Islam,Particulier,Actif,Compte professionnel,65,Sétif,Services,Crédit personnel,1.0,46600.0,23200.0,395000.0,8800.0,48,3.19,82.5,0.352,2,0,15,1,29.6,71400.0,58.4
BNA004849,Mansouri,Farid,PME,Actif,Compte courant,35,Biskra,Industrie,Crédit d'investissement,8.7,290200.0,176000.0,1387000.0,25200.0,60,3.45,49.8,0.197,1,3,60,2,35.5,55100.0,70.3
BNA004850,Belaid,Farid,Particulier,Actif,Compte courant,48,Sétif,Transport,Crédit immobilier,3.6,117200.0,58600.0,781000.0,24700.0,36,8.62,66.0,0.314,2,0,10,3,48.4,-24100.0,34.5
BNA004851,Khelifi,Bilal,Professionnel,Actif,Compte professionnel,35,Annaba,Services,Crédit équipement,6.4,125700.0,67400.0,2311000.0,74600.0,36,9.99,57.0,0.354,1,0,30,0,43.4,-114200.0,38.8
BNA004852,Saidi,Nassim,Particulier,Actif,Compte courant,61,Alger,Industrie,Crédit d'investissement,9.2,87900.0,49100.0,524000.0,15700.0,36,4.93,97.1,0.284,2,1,90,1,47.0,82400.0,18.6
BNA004853,Belkacem,Mohamed,Professionnel,Actif,Compte courant,54,Biskra,Services,Crédit personnel,8.0,197000.0,137500.0,1591000.0,25200.0,84,8.47,78.8,0.272,0,1,30,3,58.7,91600.0,26.4
BNA004854,Mokhtar,Mohamed,PME,Actif,Compte courant,54,Blida,Santé,Crédit d'exploitation,12.2,299700.0,236900.0,1073000.0,19800.0,72,9.89,67.0,0.567,3,0,45,3,66.9,-38200.0,58.9
BNA004855,Mokhtar,Walid,Particulier,Actif,Compte courant,60,Béjaïa,Industrie,Crédit équipement,3.7,107000.0,58400.0,1392000.0,31800.0,48,4.64,63.1,0.159,1,0,30,0,50.6,154000.0,98.0
BNA004856,Zerrouki,Youcef,Particulier,Actif,Compte épargne,30,Laghouat,Services,Crédit d'exploitation,11.1,69900.0,22500.0,1030000.0,20800.0,60,7.82,23.2,0.883,0,0,0,0,30.2,107200.0,136.6
BNA004857,Haddad,Ahmed,PME,Actif,Compte épargne,32,Laghouat,Transport,Crédit immobilier,7.8,278500.0,173000.0,2739000.0,53300.0,60,6.26,58.1,0.292,3,1,10,1,33.1,100100.0,29.6
BNA004858,Djelloul,Nabil,PME,Actif,Compte professionnel,50,Djelfa,Services,Crédit d'exploitation,3.5,908500.0,453800.0,15336000.0,694100.0,24,8.08,86.3,0.145,3,0,0,2,31.1,855500.0,58.7
BNA004859,Guediri,Zakaria,Particulier,Actif,Compte courant,32,Alger,Commerce,Crédit personnel,7.0,56900.0,20200.0,699000.0,14900.0,60,10.15,25.9,0.609,0,1,0,1,13.9,179200.0,102.3
BNA004860,Nouri,Mohamed,PME,Actif,Compte courant,33,Constantine,BTPH,Crédit d'exploitation,9.6,744700.0,456700.0,7107000.0,133000.0,60,4.65,80.2,0.773,1,1,15,1,38.2,-962800.0,99.4
BNA004861,Mokhtar,Rachid,Particulier,Actif,Compte courant,30,Oran,Transport,Crédit d'investissement,12.9,66500.0,37400.0,578000.0,14500.0,48,9.26,70.3,0.279,2,1,30,0,46.5,54500.0,55.7
BNA004862,Dahmani,Abdelkader,Particulier,Actif,Compte courant,58,Tlemcen,Services,Crédit personnel,6.7,63100.0,15000.0,393000.0,8200.0,60,9.37,13.1,0.732,0,0,0,0,23.9,37900.0,104.2
BNA004863,Yahiaoui,Ibrahim,Particulier,Actif,Compte courant,27,Annaba,Transport,Crédit d'exploitation,6.1,77300.0,54100.0,547000.0,11000.0,60,7.81,86.9,0.298,1,1,45,4,59.4,-66200.0,83.6
BNA004864,Amrani,Kamel,Professionnel,Actif,Compte courant,64,Béjaïa,Transport,Crédit équipement,3.3,344900.0,121600.0,2638000.0,48100.0,72,9.45,80.7,0.401,1,0,120,2,39.5,-194800.0,90.1
BNA004865,Yahiaoui,Salim,Particulier,Actif,Compte courant,49,Constantine,Agriculture,Crédit immobilier,4.3,71200.0,39100.0,878000.0,14100.0,72,5.01,39.5,0.273,2,0,150,0,44.9,-30900.0,77.2
BNA004866,Yahiaoui,Islam,Professionnel,Actif,Compte épargne,32,Oran,Commerce,Crédit d'investissement,6.8,158700.0,35100.0,2009000.0,46800.0,48,5.56,19.2,0.7,0,1,15,1,19.3,429200.0,93.5
BNA004867,Rahmani,Adel,Particulier,Actif,Compte épargne,49,Batna,Services,Crédit personnel,1.2,143600.0,17800.0,986000.0,18900.0,60,5.64,27.1,0.785,0,1,0,0,9.2,413400.0,123.3
BNA004868,Nouri,Tarek,Particulier,Actif,Compte professionnel,35,Tlemcen,BTPH,Crédit d'investissement,3.2,171700.0,124200.0,864000.0,18000.0,60,9.24,81.6,0.257,1,2,60,0,45.2,31300.0,85.5
BNA004869,Guediri,Hichem,PME,Actif,Compte épargne,24,Constantine,Santé,Crédit personnel,11.3,240800.0,155500.0,1559000.0,25800.0,72,5.99,50.9,0.528,2,1,30,0,55.9,-104600.0,76.8
BNA004870,Belkacem,Anis,Particulier,Actif,Compte courant,61,Oran,Commerce,Crédit d'exploitation,18.0,222000.0,98100.0,1410000.0,26700.0,60,5.17,54.0,0.682,3,1,90,1,34.6,102400.0,97.9
BNA004871,Brahimi,Ibrahim,Professionnel,Actif,Compte entreprise,52,Blida,Agriculture,Crédit personnel,3.3,40800.0,23700.0,355000.0,8900.0,48,9.6,76.9,0.603,3,1,45,1,51.8,-89400.0,81.1
BNA004872,Hadji,Ilyes,Professionnel,Actif,Compte entreprise,63,Béjaïa,Industrie,Crédit personnel,10.1,405100.0,263800.0,4331000.0,65100.0,84,6.88,60.1,0.137,2,0,60,1,40.8,-650000.0,93.9
BNA004873,Benali,Nassim,Particulier,Actif,Compte courant,63,Blida,Commerce,Crédit personnel,1.6,111000.0,42400.0,625000.0,18400.0,36,3.96,22.0,0.545,1,0,0,0,30.9,178000.0,103.4
BNA004874,Bensalem,Abdelkader,Particulier,Actif,Compte épargne,35,Annaba,Services,Crédit personnel,9.0,67400.0,25800.0,548000.0,24100.0,24,5.24,3.0,0.588,0,0,0,0,15.0,90300.0,145.5
BNA004875,Boudiaf,Rachid,PME,Actif,Compte courant,40,Alger,Services,Crédit personnel,4.0,870800.0,176900.0,3757000.0,61600.0,84,9.58,24.2,0.584,0,0,0,0,23.7,12700.0,108.6
BNA004876,Guediri,Mourad,Particulier,Actif,Compte professionnel,41,Blida,BTPH,Crédit d'investissement,8.7,113200.0,54400.0,762000.0,10800.0,84,5.16,89.2,0.366,2,0,120,0,53.6,153300.0,44.9
BNA004877,Mebarki,Imad,Particulier,Actif,Compte épargne,48,Laghouat,Commerce,Crédit d'investissement,8.3,94800.0,68800.0,874000.0,15500.0,72,8.44,91.0,0.478,0,1,150,2,69.2,-34200.0,85.6
BNA004878,Haddad,Mohamed,Particulier,Actif,Compte courant,47,Djelfa,Commerce,Crédit immobilier,17.0,43800.0,15000.0,240000.0,10400.0,24,4.01,44.7,0.899,0,0,0,0,27.6,78500.0,131.4
BNA004879,Ferhat,Bilal,PME,Actif,Compte entreprise,38,Sétif,Santé,Crédit immobilier,4.3,524600.0,284700.0,3574000.0,57200.0,84,8.81,92.1,0.432,1,3,90,2,55.5,-620300.0,104.2
BNA004880,Brahimi,Riad,PME,Actif,Compte courant,45,Béjaïa,Transport,Crédit immobilier,5.4,1144000.0,482300.0,6155000.0,120100.0,60,6.39,87.5,0.432,1,1,120,1,45.5,830200.0,102.8
BNA004881,Benyahia,Sofiane,Particulier,Actif,Compte entreprise,26,Blida,BTPH,Crédit d'investissement,4.1,71400.0,19600.0,599000.0,11400.0,60,5.41,65.9,0.324,2,1,5,1,42.6,110300.0,99.9
BNA004882,Khelifi,Sofiane,PME,Actif,Compte courant,44,Laghouat,Agriculture,Crédit immobilier,1.2,921600.0,221800.0,4941000.0,96400.0,60,6.37,76.8,0.391,1,0,60,3,31.9,1098500.0,108.5
BNA004883,Yahiaoui,Nabil,Professionnel,Actif,Compte entreprise,49,Oran,Services,Crédit d'exploitation,11.0,132700.0,18600.0,1255000.0,40000.0,36,9.09,26.9,0.721,0,0,0,0,22.5,396800.0,70.4
BNA004884,Belaid,Nabil,Grande Entreprise,Actif,Compte courant,44,Alger,BTPH,Crédit équipement,10.3,370700.0,165800.0,2196000.0,97300.0,24,6.01,69.8,0.352,4,2,180,2,24.3,300100.0,61.5
BNA004885,Hadji,Farid,Particulier,Actif,Compte courant,24,Constantine,Pharmacie,Crédit d'investissement,2.8,125900.0,82200.0,630000.0,15900.0,48,9.63,27.6,0.632,1,0,45,2,40.9,69800.0,82.2
BNA004886,Nouri,Youcef,Particulier,Actif,Compte entreprise,36,Tlemcen,Industrie,Crédit d'investissement,3.3,105100.0,15000.0,1196000.0,20800.0,72,7.68,20.7,0.577,0,0,0,0,10.5,110900.0,127.6
BNA004887,Haddad,Tarek,Particulier,Actif,Compte courant,60,Djelfa,Pharmacie,Crédit personnel,9.8,121400.0,36200.0,714000.0,9600.0,84,3.58,40.2,0.617,0,0,0,1,18.5,208900.0,84.1
BNA004888,Khelifi,Karim,Particulier,Actif,Compte courant,43,Tlemcen,Santé,Crédit d'exploitation,14.7,112600.0,63400.0,890000.0,19900.0,48,3.59,79.2,0.539,1,0,45,1,58.2,-78700.0,106.6
BNA004889,Djelloul,Mourad,Grande Entreprise,Actif,Compte épargne,30,Oran,Agriculture,Crédit d'exploitation,3.3,1336500.0,607300.0,5367000.0,166700.0,36,7.4,88.2,0.646,4,2,30,1,36.7,-536700.0,58.6
BNA004890,Boudiaf,Oussama,Particulier,Actif,Compte entreprise,52,Tlemcen,Industrie,Crédit d'exploitation,11.0,107700.0,22700.0,1336000.0,39500.0,36,4.05,64.5,0.368,4,0,10,2,38.7,142900.0,82.9
BNA004891,Yahiaoui,Mohamed,Particulier,Inactif,Compte courant,43,Blida,BTPH,Crédit équipement,9.0,77200.0,15300.0,473000.0,11000.0,48,5.4,53.9,0.879,0,0,0,0,16.8,77500.0,119.3
BNA004892,Nouri,Islam,Particulier,Actif,Compte courant,31,Annaba,Industrie,Crédit personnel,0.4,104600.0,15000.0,523000.0,12900.0,48,8.71,31.8,0.929,0,0,0,0,21.1,251600.0,66.5
BNA004893,Bensalem,Hichem,Particulier,Actif,Compte courant,28,Alger,Industrie,Crédit immobilier,12.1,102800.0,70300.0,634000.0,11100.0,72,7.79,77.1,0.752,2,0,45,0,55.7,47100.0,23.2
BNA004894,Mokhtar,Amine,Particulier,Actif,Compte courant,32,Sétif,Agriculture,Crédit d'investissement,13.4,131800.0,50000.0,1101000.0,20600.0,60,4.61,60.7,0.624,0,0,0,0,14.0,524900.0,92.4
BNA004895,Bensalem,Riad,Professionnel,Actif,Compte épargne,27,Djelfa,Industrie,Crédit immobilier,10.1,124600.0,84700.0,780000.0,17900.0,48,4.85,73.1,0.358,0,0,90,0,64.6,-6900.0,21.7
BNA004896,Hadji,Islam,Particulier,Actif,Compte courant,44,Tlemcen,Industrie,Crédit personnel,9.6,111700.0,48000.0,423000.0,6800.0,72,5.03,100.0,0.11,1,1,45,4,45.4,-26100.0,59.3
BNA004897,Khelifi,Ahmed,Professionnel,Actif,Compte courant,38,Tlemcen,Transport,Crédit immobilier,5.0,77300.0,35600.0,712000.0,10500.0,84,6.29,95.1,0.276,2,0,0,0,45.3,8900.0,45.6
BNA004898,Zerrouki,Riad,Particulier,Actif,Compte courant,23,Laghouat,BTPH,Crédit immobilier,6.3,112000.0,59800.0,413000.0,5600.0,84,3.82,98.7,0.304,4,1,30,1,30.3,133200.0,91.6
BNA004899,Mebarki,Adel,Particulier,Actif,Compte entreprise,41,Djelfa,Pharmacie,Crédit d'investissement,5.0,62500.0,16500.0,259000.0,5300.0,60,8.2,39.7,0.605,0,0,0,0,18.3,133000.0,126.5
BNA004900,Amrani,Youcef,PME,Actif,Compte épargne,35,Batna,Agriculture,Crédit équipement,8.6,877700.0,683300.0,2599000.0,64000.0,48,8.41,70.1,0.404,2,1,5,1,26.7,-660600.0,53.3
BNA004901,Chibani,Amine,Particulier,Actif,Compte entreprise,42,Constantine,BTPH,Crédit personnel,10.6,85400.0,15000.0,419000.0,18600.0,24,5.95,26.8,0.758,0,0,0,0,34.6,295600.0,71.6
BNA004902,Larbi,Youcef,Particulier,Actif,Compte entreprise,55,Oran,Industrie,Crédit immobilier,9.5,44300.0,29400.0,235000.0,5900.0,48,9.39,83.6,0.144,1,0,150,3,43.2,-35900.0,88.5
BNA004903,Touati,Imad,Particulier,Actif,Compte entreprise,59,Laghouat,Agriculture,Crédit d'investissement,17.2,154200.0,38600.0,753000.0,17100.0,48,4.38,9.2,0.535,0,0,0,0,25.8,354000.0,111.4
BNA004904,Gacem,Ibrahim,Particulier,Actif,Compte courant,47,Oran,Services,Crédit personnel,6.6,100600.0,15600.0,992000.0,32200.0,36,10.44,37.3,0.68,0,1,0,0,24.2,148400.0,68.7
BNA004905,Meziane,Nabil,Professionnel,Actif,Compte courant,30,Sétif,Commerce,Crédit personnel,17.3,226600.0,147300.0,5302000.0,85200.0,84,8.95,76.8,0.394,1,1,30,1,53.4,478400.0,82.1
BNA004906,Chibani,Kamel,Particulier,Actif,Compte courant,35,Sétif,Agriculture,Crédit équipement,5.0,47400.0,35500.0,513000.0,10700.0,60,9.06,91.3,0.471,2,1,30,1,28.3,-82000.0,69.5
BNA004907,Khelifi,Anis,Particulier,Actif,Compte professionnel,47,Alger,Pharmacie,Crédit équipement,5.5,83400.0,43500.0,1168000.0,20900.0,72,8.71,89.1,0.266,2,0,120,1,25.5,-64900.0,128.1
BNA004908,Belaid,Imad,PME,Inactif,Compte courant,43,Djelfa,BTPH,Crédit équipement,9.0,1071600.0,623800.0,11753000.0,261000.0,48,3.17,83.7,0.634,2,1,150,3,39.9,-2168600.0,96.9
BNA004909,Touati,Ahmed,Particulier,Actif,Compte courant,39,Laghouat,Industrie,Crédit immobilier,12.8,163600.0,50000.0,1462000.0,35700.0,48,8.06,33.6,0.857,0,0,0,1,28.2,323500.0,70.9
BNA004910,Touati,Farid,PME,Actif,Compte courant,25,Batna,Services,Crédit immobilier,10.4,901200.0,714100.0,3217000.0,67300.0,60,9.33,63.4,0.302,0,0,5,4,19.2,-741600.0,71.8
BNA004911,Amrani,Imad,PME,Actif,Compte entreprise,60,Oran,Santé,Crédit d'exploitation,10.9,324200.0,165300.0,1913000.0,43200.0,48,4.03,62.6,0.219,1,0,90,0,43.7,461200.0,76.1
BNA004912,Hadji,Walid,PME,Suspendu,Compte épargne,41,Batna,Industrie,Crédit immobilier,2.9,660900.0,238500.0,9967000.0,186500.0,72,10.37,86.6,0.479,3,0,10,3,45.2,-86400.0,70.0
BNA004913,Dahmani,Amine,Particulier,Actif,Compte épargne,57,Batna,Agriculture,Crédit personnel,4.4,67700.0,16200.0,312000.0,5700.0,72,9.53,27.8,0.567,1,0,0,0,17.8,98000.0,126.4
BNA004914,Gacem,Walid,PME,Actif,Compte professionnel,50,Béjaïa,Santé,Crédit personnel,7.7,1514900.0,522100.0,12488000.0,371700.0,36,4.54,14.6,0.994,0,0,0,0,41.4,7074700.0,200.0
BNA004915,Rahmani,Zakaria,Particulier,Actif,Compte épargne,62,Sétif,Transport,Crédit d'exploitation,3.2,52300.0,16300.0,540000.0,13100.0,48,7.58,45.0,0.905,2,0,5,0,31.5,76000.0,93.1
BNA004916,Mokhtar,Oussama,PME,Actif,Compte courant,57,Alger,Transport,Crédit personnel,4.3,863800.0,141400.0,10022000.0,447600.0,24,6.76,26.4,0.876,0,0,5,0,12.2,995500.0,122.2
BNA004917,Benali,Mourad,Professionnel,Actif,Compte entreprise,41,Djelfa,Santé,Crédit immobilier,10.5,357200.0,193900.0,6227000.0,95800.0,72,3.44,90.4,0.24,0,2,120,0,27.2,277500.0,40.4
BNA004918,Zerrouki,Abdelkader,Particulier,Actif,Compte entreprise,52,Béjaïa,BTPH,Crédit immobilier,2.3,164500.0,65300.0,1055000.0,19500.0,60,4.21,52.3,0.93,0,0,0,0,16.5,423800.0,136.8
BNA004919,Nouri,Sofiane,Particulier,Actif,Compte courant,32,Tlemcen,Santé,Crédit d'investissement,15.9,86200.0,71900.0,864000.0,18300.0,60,9.93,73.2,0.581,3,0,120,1,61.1,-46500.0,71.4
BNA004920,Mebarki,Walid,Particulier,Actif,Compte courant,55,Biskra,Services,Crédit équipement,10.0,164700.0,78800.0,2043000.0,30700.0,84,6.85,74.3,0.077,2,2,120,1,25.3,-151000.0,40.1
BNA004921,Dahmani,Rachid,Particulier,Actif,Compte courant,31,Annaba,Industrie,Crédit d'investissement,12.1,66300.0,40100.0,664000.0,12900.0,60,6.05,65.7,0.505,1,1,60,3,19.1,-65100.0,60.5
BNA004922,Cherif,Imad,PME,Actif,Compte épargne,30,Annaba,Santé,Crédit personnel,8.2,1706700.0,1123800.0,11671000.0,261800.0,48,3.66,87.3,0.053,1,2,10,0,68.5,1717300.0,74.9
BNA004923,Djelloul,Ilyes,PME,Actif,Compte courant,31,Blida,Agriculture,Crédit d'exploitation,4.2,998000.0,646200.0,5552000.0,75400.0,84,3.82,82.1,0.159,1,2,180,1,52.1,1335200.0,72.9
BNA004924,Yahiaoui,Hichem,PME,Actif,Compte professionnel,53,Béjaïa,Santé,Crédit d'investissement,7.1,699600.0,308500.0,4277000.0,99800.0,48,5.68,100.0,0.704,2,0,10,3,48.2,423500.0,69.6
BNA004925,Chibani,Zakaria,PME,Actif,Compte courant,52,Djelfa,Services,Crédit d'exploitation,3.3,765500.0,271300.0,14198000.0,457900.0,36,9.97,44.3,0.514,0,0,0,1,19.7,1440700.0,112.1
BNA004926,Brahimi,Oussama,Professionnel,Actif,Compte entreprise,55,Djelfa,BTPH,Crédit équipement,12.5,236600.0,153100.0,1804000.0,25300.0,84,4.72,87.0,0.293,1,1,30,1,40.4,228200.0,94.2
BNA004927,Khelifi,Karim,Professionnel,Actif,Compte courant,46,Constantine,Industrie,Crédit d'investissement,5.3,291300.0,44800.0,2850000.0,52400.0,60,3.9,25.7,0.579,0,0,0,0,17.8,389600.0,100.2
BNA004928,Chibani,Walid,Professionnel,Actif,Compte entreprise,38,Blida,Pharmacie,Crédit d'investissement,7.6,183600.0,119000.0,1788000.0,26900.0,84,6.9,97.0,0.143,1,1,45,1,41.9,196100.0,95.0
BNA004929,Bensalem,Mohamed,Particulier,Actif,Compte professionnel,28,Béjaïa,Santé,Crédit d'exploitation,5.9,66900.0,46900.0,834000.0,36500.0,24,4.82,67.8,0.14,3,2,10,2,20.4,131100.0,68.7
BNA004930,Cherif,Salim,Particulier,Actif,Compte épargne,25,Laghouat,Services,Crédit d'exploitation,13.9,75500.0,22900.0,888000.0,16600.0,60,4.72,21.3,0.774,0,0,0,0,29.6,107600.0,91.8
BNA004931,Gacem,Sofiane,PME,Actif,Compte courant,56,Constantine,Santé,Crédit d'exploitation,20.0,954600.0,365000.0,8973000.0,145500.0,72,5.24,2.0,0.918,0,0,5,0,18.9,2821600.0,85.4
BNA004932,Boudiaf,Mohamed,Particulier,Actif,Compte courant,30,Batna,Agriculture,Crédit d'exploitation,3.5,80000.0,37000.0,587000.0,11000.0,72,10.45,85.5,0.386,3,1,120,1,27.3,13300.0,16.9
BNA004933,Brahimi,Nassim,Grande Entreprise,Actif,Compte courant,42,Laghouat,Industrie,Crédit d'exploitation,11.2,2775300.0,793200.0,17245000.0,316500.0,72,9.66,37.6,0.641,0,0,0,0,15.4,6415700.0,109.2
BNA004934,Cherif,Amine,Grande Entreprise,Actif,Compte courant,26,Blida,BTPH,Crédit d'exploitation,17.6,3500000.0,723900.0,28284000.0,850000.0,36,5.18,42.4,0.621,0,2,0,0,20.3,4254800.0,77.0
BNA004935,Slimani,Ibrahim,Particulier,Actif,Compte courant,29,Biskra,Santé,Crédit d'exploitation,7.3,86500.0,22100.0,618000.0,15200.0,48,8.33,39.7,0.805,1,0,5,1,12.5,290300.0,88.3
BNA004936,Chibani,Farid,Particulier,Actif,Compte courant,47,Laghouat,Pharmacie,Crédit immobilier,4.4,65900.0,42000.0,479000.0,14700.0,36,6.65,63.2,0.069,4,2,30,2,33.6,116700.0,28.5
BNA004937,Meziane,Karim,Professionnel,Actif,Compte entreprise,44,Laghouat,Transport,Crédit d'investissement,7.2,121600.0,85900.0,1040000.0,23500.0,48,4.0,78.2,0.481,2,0,30,3,36.8,-237700.0,29.0
BNA004938,Slimani,Bilal,Professionnel,Actif,Compte courant,31,Alger,BTPH,Crédit d'investissement,6.1,256800.0,78500.0,1401000.0,35100.0,48,9.33,60.5,0.57,2,1,90,2,37.5,41100.0,0.0
BNA004939,Cherif,Kamel,Particulier,Actif,Compte professionnel,43,Béjaïa,Transport,Crédit personnel,3.8,99300.0,60900.0,481000.0,9800.0,60,8.18,86.2,0.466,3,0,60,1,63.9,-166000.0,32.6
BNA004940,Yahiaoui,Salim,Professionnel,Actif,Compte courant,54,Batna,BTPH,Crédit d'investissement,1.8,127800.0,21800.0,1511000.0,48000.0,36,8.99,32.6,0.848,0,0,5,0,19.1,250300.0,106.7
BNA004941,Belaid,Aymen,Professionnel,Actif,Compte épargne,51,Oran,Transport,Crédit personnel,5.5,173500.0,122800.0,2161000.0,93700.0,24,3.89,60.2,0.279,1,1,15,3,26.8,-242400.0,81.7
BNA004942,Meziane,Mourad,Particulier,Actif,Compte professionnel,64,Annaba,Commerce,Crédit équipement,8.6,84300.0,34500.0,750000.0,23500.0,36,8.1,71.3,0.285,4,0,10,1,15.3,44600.0,79.5
BNA004943,Brahimi,Samir,Particulier,Actif,Compte épargne,43,Blida,Industrie,Crédit d'exploitation,11.2,53300.0,22800.0,815000.0,13700.0,84,10.34,81.5,0.285,2,1,90,5,57.2,26400.0,41.9
BNA004944,Yahiaoui,Ibrahim,Particulier,Actif,Compte entreprise,43,Tlemcen,Agriculture,Crédit d'investissement,5.1,96200.0,55600.0,1134000.0,51100.0,24,7.63,76.8,0.537,2,0,90,1,35.0,96200.0,64.5
BNA004945,Amrani,Nabil,Particulier,Actif,Compte épargne,53,Annaba,Services,Crédit immobilier,8.1,63300.0,15000.0,423000.0,12400.0,36,3.75,22.1,0.648,1,1,0,0,4.6,182700.0,131.8
BNA004946,Hadji,Amine,Particulier,Actif,Compte courant,34,Djelfa,Industrie,Crédit équipement,4.1,113300.0,26000.0,605000.0,12700.0,60,9.39,52.4,0.392,0,0,0,0,13.7,89800.0,57.6
BNA004947,Hadji,Aymen,Professionnel,Inactif,Compte courant,65,Sétif,Transport,Crédit d'exploitation,5.3,252100.0,39300.0,2830000.0,52200.0,72,9.83,8.7,0.912,0,0,30,0,36.4,546200.0,98.5
BNA004948,Khelifi,Youcef,PME,Actif,Compte courant,48,Batna,Industrie,Crédit d'investissement,9.8,449600.0,177900.0,4267000.0,108700.0,48,10.24,38.4,0.785,0,0,5,0,26.4,794800.0,148.6
BNA004949,Djelloul,Ahmed,Particulier,Actif,Compte professionnel,31,Annaba,Santé,Crédit d'investissement,9.3,86800.0,16000.0,887000.0,20100.0,48,4.14,33.4,0.801,0,0,0,0,22.1,207300.0,63.8
BNA004950,Belkacem,Sofiane,Particulier,Actif,Compte courant,26,Constantine,Santé,Crédit d'exploitation,6.0,84300.0,18000.0,1072000.0,16200.0,84,7.05,23.5,0.607,1,0,0,0,4.0,112700.0,110.4
BNA004951,Boudiaf,Oussama,PME,Actif,Compte épargne,26,Laghouat,Commerce,Crédit personnel,9.4,669600.0,338600.0,4717000.0,74200.0,72,4.21,83.6,0.04,3,0,30,2,57.7,293300.0,76.1
BNA004952,Larbi,Imad,Particulier,Actif,Compte entreprise,50,Oran,Commerce,Crédit d'exploitation,10.5,176500.0,21400.0,1189000.0,37000.0,36,7.48,44.6,0.511,0,0,5,1,30.7,415400.0,163.3
BNA004953,Mebarki,Kamel,Particulier,Actif,Compte épargne,65,Blida,Santé,Crédit d'exploitation,0.7,35000.0,17600.0,375000.0,7100.0,60,4.86,92.1,0.641,0,0,15,1,40.5,4800.0,32.5
BNA004954,Djelloul,Farid,Grande Entreprise,Actif,Compte courant,49,Sétif,Transport,Crédit d'investissement,7.7,1440300.0,910500.0,5072000.0,106700.0,60,9.59,63.0,0.189,1,1,10,0,54.5,1701100.0,66.6
BNA004955,Djelloul,Yacine,Particulier,Actif,Compte courant,45,Tlemcen,BTPH,Crédit équipement,4.5,153800.0,88300.0,639000.0,15200.0,48,6.72,63.8,0.196,0,0,45,0,34.4,83100.0,17.2
BNA004956,Touati,Salim,Professionnel,Actif,Compte courant,40,Annaba,Services,Crédit immobilier,5.9,77000.0,42500.0,385000.0,7600.0,60,7.12,45.4,0.735,1,0,60,1,40.2,-109300.0,92.7
BNA004957,Amrani,Yacine,Professionnel,Actif,Compte épargne,25,Tlemcen,Santé,Crédit d'investissement,5.1,140300.0,88900.0,2309000.0,32500.0,84,4.89,97.4,0.54,1,1,150,1,22.7,-10900.0,20.1
BNA004958,Brahimi,Nassim,Particulier,Actif,Compte courant,62,Laghouat,BTPH,Crédit d'exploitation,3.9,136300.0,91100.0,1096000.0,49300.0,24,7.46,73.3,0.45,4,2,90,0,43.4,-9700.0,109.8
BNA004959,Zerrouki,Ahmed,Particulier,Actif,Compte professionnel,42,Sétif,Pharmacie,Crédit immobilier,2.4,67500.0,50800.0,648000.0,11600.0,72,8.77,79.1,0.099,3,0,120,2,45.1,-3000.0,76.3
BNA004960,Haddad,Zakaria,Particulier,Actif,Compte entreprise,24,Tlemcen,Services,Crédit d'exploitation,8.4,88000.0,28900.0,587000.0,9100.0,72,3.8,91.3,0.624,2,1,10,3,70.0,-24800.0,55.7
BNA004961,Slimani,Nabil,Particulier,Inactif,Compte courant,32,Batna,Commerce,Crédit personnel,10.0,68200.0,31900.0,617000.0,10100.0,84,9.52,13.3,0.804,0,0,0,0,42.9,94700.0,82.8
BNA004962,Slimani,Aymen,PME,Actif,Compte professionnel,37,Blida,Santé,Crédit immobilier,5.7,632200.0,323100.0,4968000.0,104000.0,60,9.36,76.9,0.43,1,2,15,1,38.7,102400.0,76.4
BNA004963,Saidi,Riad,PME,Actif,Compte courant,33,Constantine,Pharmacie,Crédit d'exploitation,6.7,1540500.0,801200.0,12157000.0,294000.0,48,7.51,68.2,0.311,0,2,15,2,40.2,206800.0,46.6
BNA004964,Boudiaf,Oussama,Grande Entreprise,Actif,Compte épargne,26,Batna,BTPH,Crédit personnel,5.4,1167600.0,689000.0,4854000.0,114300.0,48,6.11,84.8,0.501,3,1,60,2,56.8,-1809500.0,92.2
BNA004965,Yahiaoui,Ilyes,Particulier,Inactif,Compte courant,47,Béjaïa,Transport,Crédit d'exploitation,2.7,72600.0,31800.0,899000.0,27000.0,36,5.19,83.5,0.536,2,0,60,1,32.4,-8200.0,84.9
BNA004966,Benyahia,Youcef,Particulier,Actif,Compte courant,43,Alger,Transport,Crédit d'exploitation,10.1,45100.0,26700.0,351000.0,6700.0,60,5.36,61.4,0.533,2,2,180,1,60.4,73400.0,61.6
BNA004967,Haddad,Youcef,Particulier,Actif,Compte courant,53,Oran,Transport,Crédit d'exploitation,3.5,112900.0,63600.0,873000.0,13700.0,84,8.27,73.4,0.189,2,0,90,2,52.6,53800.0,85.6
BNA004968,Belaid,Karim,Professionnel,Actif,Compte courant,61,Constantine,Services,Crédit immobilier,6.7,88800.0,63000.0,736000.0,62800.0,12,4.33,89.3,0.144,2,0,60,3,33.3,30000.0,79.9
BNA004969,Hadji,Oussama,PME,Actif,Compte épargne,46,Blida,Commerce,Crédit d'investissement,8.8,804500.0,259900.0,3064000.0,63800.0,60,9.13,18.7,0.788,0,1,0,1,11.2,2594900.0,130.2
BNA004970,Mansouri,Imad,Particulier,Actif,Compte courant,33,Tlemcen,Services,Crédit d'exploitation,4.7,108700.0,43800.0,686000.0,22200.0,36,10.15,82.7,0.443,2,2,10,3,28.3,187300.0,76.6
BNA004971,Mokhtar,Amine,Particulier,Actif,Compte courant,63,Annaba,Services,Crédit équipement,2.0,191700.0,77400.0,2644000.0,65200.0,48,8.56,79.4,0.215,4,2,60,1,62.2,162100.0,108.9
BNA004972,Mansouri,Walid,Particulier,Actif,Compte courant,42,Béjaïa,Santé,Crédit d'investissement,13.0,104400.0,57000.0,816000.0,23800.0,36,3.32,92.4,0.278,0,1,180,0,42.0,47500.0,5.1
BNA004973,Khelifi,Anis,PME,Actif,Compte professionnel,48,Alger,Agriculture,Crédit d'exploitation,13.2,841700.0,348000.0,3145000.0,51500.0,72,5.59,77.7,0.07,3,1,120,4,64.2,293400.0,95.5
BNA004974,Belkacem,Imad,Grande Entreprise,Actif,Compte courant,26,Laghouat,Agriculture,Crédit immobilier,10.5,1158300.0,350400.0,10210000.0,330400.0,36,10.19,66.6,0.724,0,1,120,1,56.8,910100.0,61.1
BNA004975,Larbi,Mourad,Particulier,Suspendu,Compte entreprise,29,Sétif,Transport,Crédit équipement,14.4,92500.0,57800.0,490000.0,7800.0,72,4.75,88.7,0.311,0,4,45,3,56.5,84300.0,65.7
BNA004976,Rahmani,Kamel,PME,Actif,Compte courant,57,Sétif,Commerce,Crédit d'exploitation,6.5,416700.0,276400.0,2551000.0,62200.0,48,7.89,83.0,0.415,0,1,60,0,44.0,-33600.0,78.7
BNA004977,Chibani,Hichem,Professionnel,Actif,Compte courant,25,Sétif,BTPH,Crédit d'investissement,3.0,149900.0,45600.0,2684000.0,48900.0,60,3.53,71.8,0.754,0,0,0,0,19.6,143000.0,118.6
BNA004978,Guediri,Mourad,Particulier,Actif,Compte courant,39,Laghouat,Agriculture,Crédit personnel,8.3,94400.0,51400.0,1037000.0,19200.0,60,4.11,89.6,0.446,2,0,30,4,32.7,-81400.0,48.7
BNA004979,Benali,Tarek,PME,Actif,Compte courant,36,Blida,BTPH,Crédit immobilier,3.0,1127900.0,222100.0,8198000.0,372300.0,24,8.41,40.4,0.828,0,0,15,0,23.4,2929600.0,80.5
BNA004980,Hadji,Oussama,Particulier,Suspendu,Compte épargne,33,Annaba,Services,Crédit d'exploitation,17.0,70300.0,37800.0,483000.0,9100.0,72,10.44,93.0,0.164,0,2,15,2,51.3,-41800.0,73.4
BNA004981,Belaid,Bilal,Particulier,Actif,Compte courant,64,Sétif,Commerce,Crédit immobilier,13.1,108000.0,44000.0,790000.0,13900.0,72,8.08,73.7,0.261,1,0,180,2,48.3,-13500.0,65.8
BNA004982,Mokhtar,Rachid,Particulier,Actif,Compte professionnel,23,Laghouat,Santé,Crédit d'exploitation,3.5,113600.0,63500.0,713000.0,14100.0,60,7.06,50.8,0.599,1,1,30,3,55.8,89600.0,100.8
BNA004983,Meziane,Walid,Professionnel,Inactif,Compte courant,41,Tlemcen,Services,Crédit personnel,10.3,297300.0,216600.0,2044000.0,30400.0,84,6.59,84.6,0.535,0,0,30,0,52.6,175300.0,67.0
BNA004984,Bensalem,Karim,Professionnel,Actif,Compte professionnel,53,Constantine,Services,Crédit immobilier,5.7,122400.0,90700.0,1903000.0,57100.0,36,5.02,82.9,0.292,1,1,120,0,23.3,243800.0,91.3
BNA004985,Larbi,Walid,Particulier,Actif,Compte épargne,65,Laghouat,Santé,Crédit d'exploitation,19.4,77800.0,34300.0,216000.0,4800.0,48,3.64,80.3,0.587,1,1,60,0,55.9,7300.0,73.8
BNA004986,Rahmani,Abdelkader,Particulier,Actif,Compte professionnel,44,Constantine,Commerce,Crédit d'exploitation,16.9,121700.0,84000.0,1955000.0,61500.0,36,8.28,86.8,0.117,1,0,120,1,38.6,135900.0,38.3
BNA004987,Amrani,Adel,Professionnel,Actif,Compte épargne,37,Béjaïa,Services,Crédit personnel,7.2,140300.0,44900.0,1449000.0,24100.0,72,6.14,25.5,0.858,0,0,0,1,32.1,-19100.0,137.5
BNA004988,Haddad,Imad,Grande Entreprise,Actif,Compte entreprise,61,Djelfa,Agriculture,Crédit équipement,7.2,7782000.0,2096600.0,45260000.0,1084500.0,48,7.03,35.3,0.92,2,0,0,0,4.0,9498000.0,102.7
BNA004989,Belaid,Amine,Particulier,Actif,Compte épargne,64,Tlemcen,Transport,Crédit d'investissement,3.6,90700.0,15000.0,527000.0,10300.0,60,6.63,19.0,0.7,0,0,0,0,20.8,118600.0,76.9
BNA004990,Brahimi,Ilyes,PME,Actif,Compte courant,27,Alger,Transport,Crédit immobilier,5.4,700600.0,334200.0,2159000.0,49800.0,48,5.08,82.0,0.373,2,0,30,2,16.8,214300.0,48.0
BNA004991,Touati,Nabil,Particulier,Actif,Compte courant,35,Laghouat,Santé,Crédit personnel,14.5,133200.0,64400.0,1545000.0,38000.0,48,8.43,52.0,0.673,0,0,15,0,24.3,438800.0,96.4
BNA004992,Cherif,Rachid,Particulier,Actif,Compte courant,57,Biskra,BTPH,Crédit personnel,12.8,52100.0,15000.0,352000.0,10900.0,36,7.08,22.0,0.704,0,0,0,1,36.4,-25800.0,68.7
BNA004993,Amrani,Samir,Particulier,Actif,Compte entreprise,42,Tlemcen,BTPH,Crédit d'investissement,3.5,117400.0,68900.0,573000.0,49900.0,12,8.27,74.2,0.433,2,1,10,3,45.7,-43500.0,74.1
BNA004994,Amrani,Nabil,Professionnel,Actif,Compte courant,28,Béjaïa,BTPH,Crédit personnel,7.7,372300.0,196600.0,2298000.0,52000.0,48,4.08,62.4,0.246,2,2,15,0,60.5,-200600.0,76.4
BNA004995,Guediri,Mourad,Particulier,Actif,Compte professionnel,35,Tlemcen,Agriculture,Crédit équipement,8.6,102600.0,53700.0,1640000.0,34200.0,60,9.26,40.8,0.241,1,0,90,5,36.8,-30800.0,35.5
BNA004996,Khelifi,Nassim,PME,Actif,Compte entreprise,47,Blida,Santé,Crédit d'investissement,2.2,362400.0,92700.0,3202000.0,96200.0,36,5.19,17.0,0.745,0,0,5,0,12.7,1688600.0,93.2
BNA004997,Larbi,Anis,Particulier,Actif,Compte épargne,65,Annaba,Services,Crédit d'exploitation,3.9,145700.0,94500.0,1106000.0,23600.0,60,10.22,82.4,0.789,0,1,90,2,64.9,-121100.0,70.7
BNA004998,Cherif,Youcef,PME,Actif,Compte courant,48,Blida,Industrie,Crédit d'investissement,2.8,541100.0,299300.0,6068000.0,520200.0,12,5.26,83.0,0.231,3,2,45,4,42.4,676700.0,102.0
BNA004999,Benali,Youcef,Particulier,Actif,Compte entreprise,43,Alger,Services,Crédit personnel,9.3,82400.0,27600.0,899000.0,17900.0,60,7.21,21.6,0.673,0,0,10,1,31.4,109200.0,101.8
BNA005000,Meziane,Bilal,Professionnel,Actif,Compte professionnel,41,Biskra,Commerce,Crédit immobilier,3.1,147600.0,30400.0,1655000.0,30700.0,60,4.29,31.1,0.67,1,0,0,1,19.8,80200.0,108.0
