client_name,age,ed,employ,address,income,debtinc,creddebt,othdebt,default,card_brand,card_type,credit_limit,has_chip,card_on_dark_web,MaritalStatus,EducationLevel,EmploymentStatus,HomeOwnershipStatus,BankruptcyHistory,kashf_ratib,sijil_tijari,ouqoud,damanat,wathaiq_zoboun
Client_0,26,1,36,28,72,9.4,0.45,3.63,0,Visa,Debit,,No,Yes,Divorced,Masters,Employed,Rent,0,true,false,true,false,true
Client_1,56,4,10,2,32,36.7,9.59,11.37,0,Visa,Credit,,Yes,No,Single,Masters,Self-Employed,Rent,0,false,false,false,false,true
Client_2,34,1,9,19,187,1.1,6.66,13.75,0,Visa,Credit,,Yes,No,Single,High School,Unemployed,Mortgage,0,true,true,true,false,true
Client_3,38,2,6,13,115,34.1,3.0,1.3,0,CIB,Credit,,Yes,No,Single,Masters,Self-Employed,Mortgage,0,false,true,true,false,false
Client_4,41,4,32,0,49,14.0,7.54,8.81,0,Mastercard,Credit,,Yes,No,Married,High School,Employed,Own,0,true,false,true,true,true
Client_5,49,3,8,14,53,1.4,4.55,0.69,0,CIB,Credit,,Yes,No,Divorced,Bachelors,Employed,Mortgage,0,false,true,true,true,true
Client_6,52,3,22,7,198,49.2,0.87,2.85,0,Visa,Credit,,Yes,No,Divorced,Bachelors,Employed,Mortgage,0,true,false,false,false,true
Client_7,24,1,26,8,111,37.4,7.26,14.59,0,Visa,Debit,,Yes,No,Married,High School,Employed,Own,0,true,true,true,false,true
Client_8,29,2,13,23,161,47.5,0.82,12.87,0,Mastercard,Credit,,Yes,Yes,Single,Bachelors,Self-Employed,Mortgage,0,false,false,true,true,true
Client_9,47,1,28,19,47,11.3,1.33,1.19,0,Visa,Credit,,Yes,No,Single,PhD,Employed,Own,0,true,true,true,false,true
Client_10,24,4,16,2,179,28.1,7.56,5.71,0,Visa,Debit,,Yes,No,Married,Masters,Unemployed,Mortgage,0,true,true,false,true,true
Client_11,38,1,4,13,190,18.4,7.99,2.24,0,Visa,Debit,,Yes,Yes,Single,Masters,Unemployed,Own,0,false,false,false,true,false
Client_12,28,4,8,1,191,24.5,8.06,11.62,0,Visa,Credit,,Yes,No,Single,PhD,Unemployed,Rent,0,false,true,false,false,false
Client_13,57,3,7,25,143,33.2,2.24,8.75,0,Visa,Credit,,Yes,No,Married,PhD,Employed,Own,0,true,true,true,false,false
Client_14,61,3,32,13,96,7.2,4.78,7.73,0,CIB,Credit,,Yes,No,Married,High School,Self-Employed,Rent,0,false,false,true,false,false
Client_15,22,2,36,22,45,20.2,3.23,11.98,0,Mastercard,Credit,,Yes,No,Divorced,Masters,Employed,Mortgage,0,true,true,false,true,false
Client_16,60,1,14,24,87,43.0,9.82,3.95,0,Visa,Debit,,Yes,No,Divorced,Bachelors,Employed,Rent,0,true,true,false,true,false
Client_17,40,1,5,18,180,16.1,6.81,2.22,0,CIB,Credit,,Yes,No,Married,Masters,Self-Employed,Rent,0,false,false,false,true,true
Client_18,29,4,2,26,151,36.8,2.86,3.05,1,Visa,Debit,,Yes,No,Married,PhD,Unemployed,Mortgage,0,false,false,true,false,false
Client_19,64,1,28,28,152,31.8,5.28,0.33,0,Mastercard,Credit,,Yes,No,Married,Bachelors,Employed,Rent,0,false,false,false,true,false
Client_20,29,2,27,27,170,25.4,2.54,9.33,0,Mastercard,Credit,,Yes,No,Married,Bachelors,Unemployed,Mortgage,0,false,true,true,true,true
Client_21,34,4,4,14,124,10.8,7.87,5.66,0,Visa,Debit,,Yes,No,Single,High School,Employed,Mortgage,0,true,false,true,false,false
Client_22,28,2,30,18,76,32.9,6.35,4.25,0,CIB,Debit,,Yes,No,Married,High School,Employed,Own,0,false,false,true,true,true
Client_23,26,4,37,16,105,34.0,6.92,14.48,0,Mastercard,Debit,,No,Yes,Divorced,Masters,Unemployed,Own,0,true,true,true,false,true
Client_24,26,2,26,3,197,19.8,0.24,7.43,0,Mastercard,Debit,,Yes,No,Single,Bachelors,Employed,Rent,0,false,false,false,false,true
Client_25,27,3,24,22,123,37.4,5.07,2.96,0,CIB,Debit,,Yes,No,Married,PhD,Self-Employed,Rent,0,false,true,false,true,true
Client_26,61,1,18,0,182,26.3,2.95,0.68,1,Mastercard,Debit,,Yes,No,Divorced,High School,Self-Employed,Own,0,true,true,false,true,false
Client_27,33,4,15,14,34,7.8,8.97,12.1,0,CIB,Credit,,Yes,No,Single,Masters,Unemployed,Rent,0,true,true,true,false,false
Client_28,25,4,4,22,118,43.7,2.92,3.75,0,CIB,Debit,,Yes,No,Married,Masters,Self-Employed,Rent,0,false,true,false,true,false
Client_29,56,2,5,4,181,39.2,7.1,4.82,0,Visa,Credit,,Yes,Yes,Single,Masters,Employed,Own,0,true,false,true,false,false
Client_30,49,1,32,23,156,25.3,5.47,3.69,0,Mastercard,Debit,,Yes,No,Single,Bachelors,Unemployed,Rent,0,true,true,false,false,false
Client_31,53,1,24,4,41,48.5,7.03,1.53,0,Visa,Debit,,Yes,No,Divorced,Masters,Employed,Mortgage,0,false,true,true,true,true
Client_32,61,2,10,17,64,40.2,5.04,1.98,0,CIB,Credit,,Yes,No,Single,PhD,Unemployed,Own,0,false,true,false,false,true
Client_33,35,3,37,9,45,14.1,9.06,11.98,0,CIB,Debit,,Yes,No,Single,Masters,Unemployed,Own,0,true,true,false,true,true
Client_34,53,3,8,18,133,33.9,9.56,12.29,0,Visa,Debit,,Yes,No,Single,PhD,Self-Employed,Rent,0,true,true,true,true,false
Client_35,33,4,17,2,118,6.7,9.71,11.9,0,Visa,Credit,,Yes,No,Single,Bachelors,Employed,Own,0,true,false,false,true,true
Client_36,61,2,38,28,85,43.1,8.61,2.43,0,CIB,Credit,,Yes,No,Divorced,Bachelors,Employed,Mortgage,0,true,false,false,false,false
Client_37,40,2,14,15,68,41.4,9.82,13.7,0,CIB,Credit,,Yes,No,Divorced,High School,Employed,Rent,0,false,true,true,true,false
Client_38,38,4,27,5,43,44.4,9.37,0.52,0,Mastercard,Credit,,Yes,No,Divorced,High School,Unemployed,Mortgage,0,true,false,false,true,false
Client_39,32,2,12,10,105,5.7,4.99,8.28,0,CIB,Debit,,No,No,Divorced,High School,Unemployed,Own,0,true,false,true,true,false
Client_40,20,1,7,3,111,41.1,2.24,4.2,0,CIB,Debit,,Yes,No,Single,Bachelors,Employed,Mortgage,0,true,false,false,true,false
Client_41,22,3,27,3,186,2.6,0.04,5.41,0,CIB,Debit,,Yes,No,Divorced,Bachelors,Unemployed,Own,0,true,true,false,false,false
Client_42,34,4,10,8,96,29.8,7.05,3.72,0,CIB,Debit,,Yes,No,Divorced,PhD,Employed,Mortgage,0,true,false,true,false,true
Client_43,41,4,17,17,73,47.6,3.75,0.6,0,Visa,Debit,,Yes,Yes,Single,Masters,Employed,Own,0,false,false,false,false,true
Client_44,26,4,16,8,125,5.9,6.72,6.18,0,CIB,Credit,,Yes,Yes,Single,High School,Employed,Mortgage,0,true,false,false,false,false
Client_45,27,4,30,24,135,15.7,8.94,13.68,0,Visa,Debit,,Yes,No,Single,Bachelors,Employed,Mortgage,0,false,true,false,true,false
Client_46,23,2,9,16,63,26.3,3.99,10.89,0,Mastercard,Debit,,Yes,No,Single,Masters,Unemployed,Rent,0,false,false,false,false,true
Client_47,54,1,36,18,171,43.4,3.59,0.47,0,Visa,Debit,,Yes,No,Divorced,High School,Employed,Rent,0,true,true,true,false,false
Client_48,39,2,28,8,66,38.4,5.55,1.24,0,Mastercard,Debit,,Yes,No,Married,PhD,Employed,Mortgage,0,true,true,false,true,true
Client_49,37,2,22,22,95,13.3,7.9,2.75,0,Visa,Debit,,Yes,No,Single,PhD,Unemployed,Mortgage,0,true,true,true,false,false
Client_50,62,4,33,24,137,15.7,7.02,2.58,0,Mastercard,Credit,,Yes,No,Married,PhD,Employed,Rent,0,false,false,true,false,true
Client_51,47,3,17,4,161,6.5,9.83,12.24,0,CIB,Debit,,No,No,Divorced,PhD,Self-Employed,Own,0,false,false,true,false,false
Client_52,61,3,33,24,69,38.6,0.46,1.23,0,Visa,Debit,,Yes,No,Single,PhD,Employed,Mortgage,0,false,true,true,false,true
Client_53,37,2,4,22,92,23.1,3.86,1.27,0,Visa,Credit,,Yes,No,Divorced,Bachelors,Unemployed,Mortgage,0,false,false,false,true,true
Client_54,64,3,35,24,195,3.6,7.58,3.27,0,Mastercard,Credit,,Yes,No,Single,Masters,Employed,Own,0,true,false,true,true,false
Client_55,54,2,4,25,106,5.0,7.66,4.34,0,Visa,Credit,,Yes,No,Divorced,Masters,Unemployed,Own,0,true,true,true,true,true
Client_56,43,1,26,25,152,5.0,3.46,5.95,0,Visa,Debit,,Yes,No,Single,High School,Self-Employed,Rent,0,false,true,false,false,true
Client_57,37,1,39,3,183,31.5,0.21,0.59,0,Visa,Credit,,Yes,No,Married,Masters,Employed,Mortgage,0,true,true,true,true,true
Client_58,49,4,18,24,156,22.3,3.67,1.42,0,Visa,Debit,,Yes,No,Divorced,High School,Unemployed,Rent,0,true,false,false,true,false
Client_59,25,3,24,16,124,23.9,2.86,12.74,0,Visa,Debit,,Yes,No,Divorced,PhD,Employed,Mortgage,0,true,true,true,false,false
Client_60,51,2,10,27,137,17.9,8.43,0.89,0,CIB,Credit,,No,No,Single,PhD,Self-Employed,Own,0,true,true,true,true,false
Client_61,31,2,25,21,82,38.4,0.82,1.81,0,Visa,Debit,,Yes,Yes,Single,PhD,Unemployed,Rent,1,true,false,true,true,true
Client_62,41,1,9,7,168,31.1,0.74,4.6,0,Visa,Credit,,Yes,No,Single,PhD,Unemployed,Own,0,true,true,true,true,false
Client_63,47,2,3,5,155,3.6,8.58,5.37,0,Mastercard,Debit,,Yes,No,Married,Bachelors,Employed,Own,0,true,false,false,false,false
Client_64,23,4,7,22,174,20.9,0.76,4.67,0,Mastercard,Debit,,Yes,No,Single,High School,Unemployed,Rent,0,true,false,true,false,false
Client_65,59,2,12,20,183,13.3,9.74,12.97,0,Visa,Credit,,Yes,No,Divorced,PhD,Self-Employed,Mortgage,0,false,false,false,true,false
Client_66,64,4,34,14,116,3.2,4.06,10.88,0,CIB,Credit,,Yes,No,Single,PhD,Employed,Own,0,true,true,true,true,true
Client_67,56,2,34,4,105,39.2,8.56,3.19,0,Mastercard,Debit,,Yes,No,Married,Bachelors,Self-Employed,Own,0,true,false,false,false,true
Client_68,26,4,9,1,39,5.9,3.68,14.67,0,CIB,Debit,,Yes,No,Married,High School,Unemployed,Rent,0,false,true,true,false,false
Client_69,42,2,10,7,40,42.1,0.11,10.45,0,Visa,Debit,,Yes,No,Divorced,Bachelors,Employed,Own,0,true,true,true,false,true
Client_70,49,4,2,7,50,41.8,0.07,4.63,0,Mastercard,Debit,,Yes,No,Married,Bachelors,Unemployed,Rent,0,false,false,false,true,false
Client_71,43,1,18,8,52,31.6,3.95,9.42,0,Mastercard,Debit,,Yes,No,Divorced,Bachelors,Self-Employed,Rent,0,false,true,false,true,false
Client_72,64,1,24,27,192,41.6,0.47,9.55,0,Mastercard,Credit,,Yes,No,Married,High School,Unemployed,Own,0,true,false,false,false,false
Client_73,59,3,11,12,90,37.9,5.33,6.84,0,Mastercard,Credit,,Yes,No,Single,PhD,Employed,Mortgage,0,true,true,false,false,false
Client_74,45,3,0,18,151,33.0,4.97,0.2,0,Visa,Debit,,Yes,No,Single,Masters,Unemployed,Mortgage,0,true,false,false,true,true
Client_75,23,2,17,5,31,38.3,1.17,8.44,0,Visa,Debit,,Yes,No,Married,Masters,Unemployed,Rent,0,true,false,false,true,false
Client_76,27,3,2,1,146,28.1,0.7,9.66,0,CIB,Credit,,Yes,No,Divorced,High School,Self-Employed,Rent,0,false,false,false,true,true
Client_77,41,3,34,5,180,25.4,5.45,0.31,0,Mastercard,Debit,,Yes,No,Single,Masters,Self-Employed,Mortgage,0,true,false,true,false,false
Client_78,39,1,16,9,127,5.8,7.04,4.82,0,CIB,Credit,,Yes,No,Divorced,Masters,Unemployed,Own,0,true,true,false,true,false
Client_79,38,4,7,4,84,22.2,7.75,2.67,0,Mastercard,Credit,,Yes,No,Single,PhD,Employed,Mortgage,0,false,true,false,false,false
Client_80,21,4,39,27,177,4.3,3.45,6.94,0,Mastercard,Credit,,Yes,No,Divorced,High School,Employed,Rent,0,true,true,false,false,true
Client_81,51,1,19,4,199,12.1,2.74,7.73,0,Mastercard,Debit,,Yes,No,Single,High School,Unemployed,Mortgage,0,true,false,false,false,false
Client_82,48,3,13,18,72,27.9,5.52,3.54,0,Visa,Debit,,Yes,No,Single,Bachelors,Employed,Mortgage,0,true,true,true,false,true
Client_83,39,4,25,19,102,19.5,9.25,0.72,0,Mastercard,Credit,,Yes,No,Single,Bachelors,Self-Employed,Mortgage,0,false,true,false,false,true
Client_84,22,1,26,14,144,9.2,1.29,1.83,0,CIB,Credit,,Yes,No,Married,Bachelors,Self-Employed,Own,0,false,false,true,false,false
Client_85,47,2,5,12,173,30.6,8.42,7.55,0,Visa,Debit,,Yes,No,Divorced,High School,Employed,Mortgage,0,true,false,true,false,true
Client_86,38,2,15,27,100,4.7,1.98,3.35,0,Visa,Credit,,Yes,No,Divorced,PhD,Self-Employed,Own,0,true,true,true,true,false
Client_87,27,3,30,2,39,38.8,1.13,3.7,0,Visa,Debit,,Yes,No,Single,Masters,Unemployed,Rent,0,false,false,true,true,true
Client_88,64,1,21,14,143,27.1,5.33,9.5,0,Visa,Debit,,Yes,No,Single,Masters,Unemployed,Own,0,false,true,true,false,true
Client_89,48,2,6,7,87,12.9,1.52,9.43,0,Mastercard,Credit,,Yes,No,Married,Bachelors,Unemployed,Mortgage,0,false,false,true,false,false
Client_90,56,4,5,25,35,14.2,0.33,5.64,0,Visa,Credit,,Yes,Yes,Married,Masters,Unemployed,Own,0,false,true,true,true,true
Client_91,23,2,36,21,105,10.3,5.84,13.69,0,CIB,Credit,,Yes,No,Divorced,Masters,Employed,Own,0,true,false,false,true,false
Client_92,60,1,20,27,89,37.6,3.45,12.78,0,CIB,Credit,,Yes,No,Divorced,Bachelors,Self-Employed,Own,0,false,true,false,false,true
Client_93,25,4,13,14,163,46.9,3.61,1.95,0,CIB,Debit,,Yes,Yes,Married,Bachelors,Self-Employed,Own,0,false,false,true,false,true
Client_94,59,4,7,14,34,45.3,0.55,6.75,0,CIB,Credit,,Yes,No,Divorced,High School,Unemployed,Own,0,false,true,false,false,true
Client_95,53,4,6,2,181,25.9,5.21,9.16,0,Visa,Credit,,Yes,No,Married,Masters,Self-Employed,Rent,0,false,false,false,true,true
Client_96,62,4,6,12,197,5.4,1.19,3.94,0,Mastercard,Debit,,Yes,No,Single,Bachelors,Employed,Rent,0,false,true,true,false,false
Client_97,39,1,25,20,102,2.4,7.85,5.09,0,Visa,Credit,,Yes,No,Single,High School,Employed,Mortgage,0,false,true,false,true,false
Client_98,47,4,7,27,103,37.6,7.06,4.13,0,Mastercard,Debit,,Yes,Yes,Divorced,High School,Employed,Own,0,false,false,true,false,false
Client_99,40,2,12,20,74,4.4,1.15,4.42,0,Mastercard,Credit,,Yes,No,Single,High School,Unemployed,Mortgage,0,false,false,false,true,true
Client_100,54,1,25,7,152,40.1,1.46,9.96,0,Mastercard,Debit,,Yes,No,Divorced,Masters,Unemployed,Own,0,true,false,true,true,false
Client_101,52,1,32,10,47,33.1,0.74,4.68,0,Visa,Credit,,No,No,Divorced,Bachelors,Self-Employed,Rent,0,false,false,true,true,true
Client_102,38,3,21,22,146,20.9,8.48,7.46,1,Visa,Credit,,Yes,No,Married,PhD,Employed,Rent,0,true,true,false,true,false
Client_103,50,2,17,24,181,4.8,8.36,0.4,0,Mastercard,Credit,,Yes,No,Divorced,High School,Unemployed,Mortgage,0,true,true,true,false,true
Client_104,25,3,7,5,194,16.2,4.77,12.3,0,Visa,Credit,,Yes,No,Single,Bachelors,Employed,Mortgage,0,true,false,false,true,false
Client_105,40,3,31,23,90,46.8,5.19,0.11,0,CIB,Debit,,Yes,No,Divorced,High School,Unemployed,Mortgage,0,true,true,true,false,true
Client_106,46,1,15,28,32,24.7,6.21,12.55,0,CIB,Debit,,Yes,No,Married,Bachelors,Unemployed,Rent,0,true,false,true,true,false
Client_107,61,2,39,5,140,18.9,7.44,9.23,0,Visa,Credit,,Yes,No,Married,Masters,Self-Employed,Rent,0,true,true,true,true,true
Client_108,47,3,21,27,172,3.7,0.07,11.36,0,Mastercard,Debit,,No,No,Married,Masters,Employed,Own,0,false,false,false,true,false
Client_109,62,4,5,23,101,31.5,6.7,11.54,0,Visa,Credit,,Yes,No,Divorced,PhD,Self-Employed,Own,0,false,true,false,false,true
Client_110,21,3,28,23,140,26.7,3.18,12.14,0,Visa,Credit,,Yes,No,Single,Masters,Unemployed,Own,0,true,false,false,true,false
Client_111,59,1,24,12,70,21.9,0.77,2.0,0,Mastercard,Debit,,Yes,No,Divorced,Masters,Self-Employed,Mortgage,0,false,false,true,true,false
Client_112,46,3,24,12,133,22.3,8.05,4.35,0,Visa,Credit,,Yes,No,Married,Masters,Unemployed,Rent,0,true,true,true,false,false
Client_113,55,2,35,26,65,3.0,6.03,3.44,0,CIB,Debit,,Yes,No,Divorced,Bachelors,Employed,Rent,0,false,false,true,true,true
Client_114,25,1,33,14,136,16.5,2.97,0.4,0,CIB,Credit,,Yes,No,Divorced,Bachelors,Employed,Rent,0,true,false,true,false,false
Client_115,37,2,12,4,184,16.4,9.4,4.9,0,Mastercard,Debit,,Yes,No,Divorced,High School,Self-Employed,Mortgage,0,false,false,false,false,true
Client_116,50,1,19,20,35,40.1,5.42,0.59,0,Mastercard,Credit,,Yes,No,Divorced,PhD,Self-Employed,Own,0,true,false,false,true,false
Client_117,20,3,29,12,100,7.4,5.24,7.82,0,CIB,Credit,,Yes,No,Married,PhD,Self-Employed,Mortgage,0,true,true,false,false,false
Client_118,61,2,6,17,101,9.7,3.24,9.11,0,Visa,Credit,,Yes,No,Single,High School,Unemployed,Rent,0,true,true,true,false,false
Client_119,41,4,23,0,147,43.1,4.92,11.78,0,CIB,Credit,,Yes,No,Married,Bachelors,Self-Employed,Mortgage,0,false,false,true,false,false
Client_120,64,2,11,29,172,24.1,4.65,9.55,0,Visa,Debit,,Yes,No,Single,Masters,Employed,Own,0,false,true,false,true,false
Client_121,46,3,18,2,93,17.8,4.01,7.81,0,CIB,Debit,,Yes,Yes,Married,Bachelors,Unemployed,Mortgage,0,true,true,true,true,false
Client_122,47,1,18,9,197,17.5,1.75,4.25,0,CIB,Credit,,Yes,No,Married,High School,Unemployed,Rent,0,false,true,true,false,true
Client_123,33,2,27,10,136,38.6,3.61,0.13,0,Mastercard,Debit,,Yes,No,Single,Bachelors,Employed,Own,0,true,false,true,true,false
Client_124,46,2,17,26,57,9.7,4.66,0.44,0,Mastercard,Credit,,Yes,No,Single,PhD,Employed,Own,0,false,true,true,true,true
Client_125,44,2,32,11,129,14.2,8.7,3.39,0,Visa,Credit,,Yes,No,Divorced,Bachelors,Employed,Rent,0,false,false,false,false,false
Client_126,39,4,26,28,104,22.2,9.13,7.99,0,CIB,Debit,,Yes,Yes,Single,Bachelors,Employed,Rent,0,true,false,true,false,false
Client_127,20,3,16,6,38,13.1,5.68,11.21,0,CIB,Credit,,Yes,No,Single,Masters,Unemployed,Mortgage,0,true,false,false,true,true
Client_128,60,1,33,25,198,29.9,7.92,12.59,0,Visa,Debit,,Yes,No,Single,Bachelors,Employed,Rent,1,true,true,false,true,true
Client_129,30,4,0,13,198,11.2,4.09,1.95,0,Visa,Debit,,Yes,No,Divorced,Masters,Unemployed,Mortgage,0,false,false,true,true,true
Client_130,21,2,14,11,101,22.4,4.21,8.56,0,Mastercard,Debit,,Yes,No,Single,PhD,Unemployed,Own,0,false,true,false,true,false
Client_131,60,2,4,18,176,29.9,7.9,5.89,0,Visa,Debit,,Yes,No,Married,Masters,Self-Employed,Own,1,false,true,true,true,false
Client_132,64,2,23,8,169,14.5,7.69,4.35,0,Mastercard,Debit,,Yes,No,Married,High School,Unemployed,Mortgage,0,false,true,false,false,false
Client_133,21,3,4,16,121,32.4,0.82,4.14,0,CIB,Credit,,No,No,Single,Bachelors,Employed,Rent,0,true,false,true,false,true
Client_134,52,1,38,14,132,16.3,6.72,2.78,0,CIB,Credit,,Yes,No,Divorced,PhD,Unemployed,Mortgage,0,false,false,false,false,false
Client_135,33,2,22,27,99,3.1,5.79,12.38,0,CIB,Debit,,Yes,No,Married,PhD,Self-Employed,Mortgage,0,true,true,true,true,true
Client_136,47,2,18,2,63,1.5,0.58,11.74,0,Mastercard,Debit,,Yes,No,Divorced,Bachelors,Self-Employed,Rent,0,false,true,false,false,false
Client_137,49,1,33,0,186,20.2,6.5,11.17,0,Visa,Credit,,Yes,No,Single,Masters,Unemployed,Own,0,true,true,true,true,false
Client_138,21,3,22,14,86,22.6,3.26,9.0,0,Visa,Credit,,Yes,No,Married,High School,Self-Employed,Rent,0,true,false,false,false,false
Client_139,38,4,5,14,146,48.5,2.19,4.67,0,Visa,Credit,,Yes,No,Single,Bachelors,Employed,Mortgage,0,true,true,true,false,true
Client_140,32,4,11,15,187,7.2,0.27,2.59,0,Mastercard,Debit,,Yes,No,Single,Masters,Employed,Mortgage,0,false,false,true,false,true
Client_141,53,3,20,1,166,27.6,3.58,13.3,0,CIB,Credit,,Yes,No,Single,Bachelors,Unemployed,Rent,0,true,true,true,false,false
Client_142,29,3,33,20,170,43.8,1.31,11.1,0,Mastercard,Credit,,Yes,No,Single,PhD,Unemployed,Own,0,false,false,true,true,false
Client_143,46,1,18,25,34,44.0,3.24,14.95,0,CIB,Debit,,Yes,No,Married,Masters,Self-Employed,Own,0,true,false,false,false,false
Client_144,36,2,33,1,44,4.5,4.49,11.06,0,CIB,Debit,,Yes,No,Single,PhD,Unemployed,Rent,0,false,false,true,true,false
Client_145,39,1,34,27,41,0.5,8.65,2.07,0,CIB,Debit,,Yes,No,Single,Masters,Unemployed,Rent,0,false,true,false,false,true
Client_146,20,2,31,5,49,33.1,1.24,4.29,0,Visa,Credit,,Yes,No,Married,PhD,Employed,Own,0,false,false,true,true,false
Client_147,61,3,12,8,91,36.0,6.14,7.26,0,CIB,Credit,,Yes,No,Married,PhD,Unemployed,Mortgage,0,false,true,true,false,true
Client_148,32,2,6,14,41,45.6,3.88,7.91,1,Mastercard,Debit,,Yes,No,Divorced,High School,Unemployed,Rent,0,false,true,true,true,true
Client_149,37,4,16,1,114,0.7,9.33,8.91,0,CIB,Debit,,Yes,No,Divorced,Bachelors,Employed,Own,0,true,true,true,true,false
Client_150,32,2,39,22,170,36.5,1.33,10.04,0,Visa,Debit,,Yes,No,Married,PhD,Unemployed,Own,0,true,true,false,false,true
Client_151,27,3,7,26,50,20.4,1.4,5.38,0,CIB,Credit,,No,No,Single,PhD,Employed,Mortgage,0,false,true,false,false,true
Client_152,30,4,27,11,110,14.2,3.23,6.55,0,CIB,Credit,,Yes,No,Divorced,High School,Employed,Own,0,true,false,false,true,false
Client_153,50,3,16,10,117,39.0,4.67,10.25,0,CIB,Debit,,Yes,No,Single,PhD,Self-Employed,Own,0,false,true,false,false,false
Client_154,64,2,8,13,135,31.7,8.79,4.36,0,Mastercard,Debit,,Yes,No,Single,High School,Self-Employed,Rent,0,true,false,true,true,false
Client_155,38,2,4,1,94,12.0,1.93,12.16,1,Mastercard,Debit,,Yes,No,Single,PhD,Self-Employed,Mortgage,0,true,true,true,true,false
Client_156,29,4,15,16,171,31.2,0.02,2.96,0,Visa,Debit,,Yes,Yes,Married,High School,Employed,Own,0,false,true,false,true,false
Client_157,28,1,11,28,60,37.1,2.69,0.34,0,Visa,Credit,,Yes,No,Divorced,Bachelors,Employed,Rent,0,false,true,true,false,true
Client_158,28,1,11,4,145,11.8,2.02,0.16,0,CIB,Credit,,Yes,No,Divorced,High School,Self-Employed,Mortgage,0,false,true,false,true,false
Client_159,23,3,36,13,50,5.9,3.84,13.06,0,Visa,Credit,,Yes,No,Married,High School,Self-Employed,Rent,0,false,false,false,true,false
Client_160,64,2,24,5,174,31.1,6.77,5.82,0,Mastercard,Debit,,Yes,No,Single,High School,Employed,Mortgage,0,true,true,true,false,true
Client_161,33,4,23,21,194,18.7,3.2,3.37,0,CIB,Credit,,Yes,No,Married,Bachelors,Unemployed,Rent,0,false,false,false,true,true
Client_162,21,4,22,19,113,20.6,8.63,2.86,0,Visa,Credit,,No,No,Single,Masters,Employed,Mortgage,0,true,true,true,false,false
Client_163,23,4,4,11,57,37.9,2.62,0.64,0,CIB,Credit,,Yes,No,Divorced,High School,Self-Employed,Mortgage,0,true,false,false,false,true
Client_164,40,1,21,15,109,32.3,4.57,13.0,1,Mastercard,Debit,,Yes,No,Divorced,High School,Employed,Own,0,true,false,false,false,false
Client_165,46,1,0,5,106,44.6,7.67,4.67,0,Mastercard,Debit,,Yes,No,Married,Bachelors,Self-Employed,Own,0,false,true,false,false,false
Client_166,53,1,11,2,71,3.0,6.64,14.92,0,Mastercard,Debit,,Yes,No,Single,PhD,Unemployed,Mortgage,0,false,true,false,true,true
Client_167,32,4,27,14,56,6.9,6.09,12.12,0,Visa,Debit,,Yes,No,Divorced,Masters,Self-Employed,Mortgage,0,true,false,false,true,true
Client_168,42,4,39,18,120,11.0,6.83,5.52,0,CIB,Credit,,Yes,No,Single,Bachelors,Employed,Own,0,false,true,false,true,true
Client_169,35,1,1,10,41,2.5,7.27,0.99,1,Mastercard,Credit,,Yes,No,Divorced,PhD,Unemployed,Rent,0,false,false,true,false,true
Client_170,50,1,7,11,124,30.8,9.39,14.09,0,Visa,Credit,,Yes,No,Married,Masters,Self-Employed,Rent,1,true,true,false,true,true
Client_171,58,2,31,8,58,11.3,5.99,14.44,0,CIB,Debit,,Yes,No,Divorced,Masters,Self-Employed,Own,0,false,false,false,false,false
Client_172,31,3,33,8,78,8.4,3.52,5.19,0,Visa,Debit,,Yes,Yes,Divorced,Bachelors,Employed,Own,0,false,false,true,false,false
Client_173,63,1,20,3,123,2.1,0.14,8.06,0,Visa,Debit,,Yes,No,Divorced,Masters,Self-Employed,Own,0,false,false,true,false,true
Client_174,43,3,31,19,96,43.1,0.59,3.5,0,CIB,Credit,,Yes,No,Divorced,Masters,Employed,Own,0,true,false,false,true,true
Client_175,61,1,27,16,147,48.4,2.6,11.29,0,Mastercard,Credit,,Yes,No,Single,Masters,Employed,Rent,0,true,false,true,false,true
Client_176,36,1,33,10,86,6.1,8.99,12.41,0,CIB,Debit,,Yes,No,Married,PhD,Self-Employed,Rent,0,false,true,false,true,true
Client_177,63,4,4,7,94,37.8,0.39,10.24,0,CIB,Debit,,Yes,No,Married,Masters,Self-Employed,Rent,0,true,false,false,false,true
Client_178,49,4,22,6,80,23.7,6.38,12.42,0,Visa,Credit,,Yes,No,Divorced,PhD,Unemployed,Rent,0,false,false,true,true,false
Client_179,61,3,3,18,38,38.3,9.32,1.21,0,Mastercard,Debit,,Yes,No,Married,Masters,Self-Employed,Rent,0,false,true,true,true,true
Client_180,52,1,18,24,96,3.0,5.93,3.52,0,Mastercard,Credit,,Yes,Yes,Married,High School,Self-Employed,Mortgage,0,true,false,true,false,false
Client_181,59,3,30,12,180,49.5,2.49,12.48,0,Mastercard,Credit,,Yes,No,Single,Masters,Employed,Rent,0,true,true,false,false,false
Client_182,20,4,27,22,184,48.9,4.77,13.26,0,CIB,Debit,,Yes,No,Married,Bachelors,Self-Employed,Mortgage,0,true,true,false,false,true
Client_183,36,4,2,15,89,35.2,4.39,1.74,0,Mastercard,Credit,,No,No,Married,High School,Unemployed,Rent,0,false,false,true,false,false
Client_184,20,1,28,16,53,36.5,3.66,14.79,0,Mastercard,Debit,,Yes,No,Single,Bachelors,Employed,Mortgage,0,false,true,false,false,true
Client_185,29,2,29,1,54,22.2,9.07,3.73,0,CIB,Debit,,Yes,No,Single,Masters,Employed,Mortgage,0,true,true,false,true,true
Client_186,49,1,30,22,116,21.2,9.47,10.24,0,Visa,Credit,,Yes,No,Divorced,PhD,Employed,Mortgage,0,false,false,true,true,false
Client_187,62,1,22,12,136,41.1,3.89,4.06,0,CIB,Debit,,Yes,No,Divorced,PhD,Self-Employed,Mortgage,0,true,true,false,true,false
Client_188,43,2,17,10,123,48.5,3.77,7.83,1,Visa,Credit,,Yes,No,Single,PhD,Unemployed,Own,0,false,false,false,false,false
Client_189,53,1,3,22,135,3.5,8.49,4.93,1,Visa,Credit,,Yes,No,Single,Bachelors,Self-Employed,Mortgage,0,true,true,true,true,true
Client_190,52,4,21,9,120,42.0,5.53,9.46,0,Visa,Credit,,Yes,No,Single,Masters,Unemployed,Own,0,true,true,true,true,false
Client_191,27,1,3,1,135,12.1,8.04,0.49,0,Visa,Debit,,Yes,No,Single,Bachelors,Unemployed,Mortgage,0,true,false,false,false,true
Client_192,20,3,38,25,82,29.2,0.75,2.95,0,Mastercard,Debit,,No,No,Single,PhD,Employed,Mortgage,0,true,true,true,false,false
Client_193,41,1,34,9,74,41.8,0.18,4.15,0,Visa,Debit,,Yes,No,Single,Bachelors,Self-Employed,Mortgage,0,false,true,true,false,true
Client_194,50,3,36,15,59,36.7,7.48,12.26,0,Mastercard,Credit,,Yes,No,Married,High School,Self-Employed,Own,0,false,true,false,false,false
Client_195,62,4,6,9,36,11.6,7.71,14.37,0,Mastercard,Credit,,Yes,No,Divorced,Masters,Self-Employed,Own,0,true,false,false,true,true
Client_196,64,3,9,24,134,26.4,9.4,9.55,0,Visa,Debit,,Yes,No,Divorced,High School,Self-Employed,Mortgage,0,true,false,true,true,true
Client_197,34,2,18,0,39,40.5,2.9,2.01,0,Visa,Credit,,Yes,No,Married,Masters,Unemployed,Mortgage,0,true,false,false,true,true
Client_198,27,4,15,11,124,12.8,4.59,11.65,0,Visa,Credit,,Yes,No,Single,Masters,Self-Employed,Own,0,true,false,false,true,true
Client_199,20,2,5,1,76,11.7,3.71,7.14,0,Visa,Credit,,Yes,No,Divorced,PhD,Self-Employed,Mortgage,0,false,false,true,false,false
Client_200,41,1,35,21,185,45.1,5.52,5.66,0,Mastercard,Debit,,Yes,No,Married,Masters,Employed,Mortgage,0,true,true,true,false,true
Client_201,54,3,11,15,135,18.3,1.81,14.74,0,Mastercard,Credit,,Yes,No,Divorced,Masters,Unemployed,Mortgage,0,true,false,false,false,false
Client_202,28,4,9,0,82,15.5,3.85,10.95,0,CIB,Debit,,No,No,Married,PhD,Self-Employed,Mortgage,0,true,true,true,true,true
Client_203,45,3,35,21,172,0.9,8.32,13.53,0,Visa,Debit,,Yes,No,Divorced,Bachelors,Unemployed,Rent,0,true,false,true,true,false
Client_204,28,3,2,5,181,19.0,5.43,3.41,1,Visa,Debit,,Yes,No,Married,PhD,Self-Employed,Rent,0,true,true,false,true,false
Client_205,39,4,31,9,156,34.6,5.92,6.13,0,CIB,Debit,,Yes,No,Divorced,PhD,Unemployed,Mortgage,0,false,false,false,false,true
Client_206,60,1,2,15,154,26.9,3.35,6.24,1,Visa,Debit,,Yes,No,Married,Bachelors,Self-Employed,Own,0,false,false,false,false,true
Client_207,37,2,15,20,112,13.9,1.2,6.35,0,Visa,Debit,,Yes,No,Divorced,Masters,Self-Employed,Own,0,true,false,false,true,false
Client_208,53,1,9,16,141,15.3,1.89,14.79,0,Mastercard,Debit,,Yes,No,Married,High School,Employed,Own,0,false,false,false,true,false
Client_209,63,3,11,20,153,22.2,3.74,0.11,0,CIB,Credit,,Yes,No,Married,Masters,Employed,Mortgage,0,true,false,false,true,false
Client_210,53,3,30,19,185,24.7,3.9,7.55,0,Mastercard,Credit,,Yes,No,Married,PhD,Unemployed,Rent,0,true,false,true,false,false
Client_211,56,4,3,21,42,33.8,1.38,13.81,0,Visa,Credit,,Yes,No,Single,Bachelors,Self-Employed,Own,0,false,true,false,true,true
Client_212,43,1,37,5,86,6.5,0.33,6.05,0,Mastercard,Debit,,Yes,No,Divorced,High School,Unemployed,Rent,0,true,true,true,true,true
Client_213,57,1,13,18,50,30.9,7.93,0.39,0,Mastercard,Credit,,Yes,No,Married,Masters,Unemployed,Rent,0,true,true,true,false,false
Client_214,42,3,33,25,54,6.0,8.65,9.03,0,Visa,Debit,,Yes,No,Single,PhD,Unemployed,Rent,0,false,true,true,true,true
Client_215,40,1,8,18,68,39.7,8.37,6.37,0,CIB,Credit,,Yes,No,Divorced,PhD,Employed,Own,1,true,false,true,true,true
Client_216,58,4,29,28,135,46.9,9.97,14.25,0,CIB,Credit,,Yes,No,Divorced,PhD,Unemployed,Own,0,true,false,true,true,true
Client_217,22,2,14,25,57,6.1,2.33,6.69,0,Visa,Credit,,Yes,No,Divorced,Bachelors,Self-Employed,Rent,0,false,true,false,true,true
Client_218,21,1,15,27,169,8.9,5.12,7.36,0,Visa,Credit,,Yes,No,Divorced,High School,Unemployed,Mortgage,0,true,false,true,true,false
Client_219,48,3,17,22,95,27.9,3.1,1.34,0,Mastercard,Debit,,Yes,No,Single,PhD,Employed,Mortgage,0,true,true,true,false,false
Client_220,57,1,10,8,159,8.9,0.03,10.58,0,CIB,Credit,,Yes,No,Single,Bachelors,Unemployed,Mortgage,0,false,true,true,false,true
Client_221,24,4,23,15,121,0.3,4.94,6.06,0,Mastercard,Credit,,Yes,No,Single,High School,Employed,Own,0,true,true,false,false,true
Client_222,63,1,39,17,145,24.8,3.34,8.26,0,CIB,Credit,,Yes,No,Divorced,PhD,Employed,Rent,0,false,true,true,true,false
Client_223,26,4,10,8,94,24.8,9.52,6.05,0,Mastercard,Debit,,Yes,Yes,Divorced,PhD,Unemployed,Own,0,false,true,true,true,true
Client_224,26,3,10,5,51,38.4,2.91,3.85,0,CIB,Debit,,Yes,No,Married,Bachelors,Self-Employed,Mortgage,0,true,true,true,false,true
Client_225,22,2,33,9,197,45.4,4.98,13.16,0,Mastercard,Credit,,Yes,No,Divorced,High School,Employed,Own,0,true,true,false,false,true
Client_226,37,1,25,27,98,19.6,0.83,1.09,0,Mastercard,Debit,,Yes,No,Married,PhD,Self-Employed,Rent,0,false,true,true,false,true
Client_227,43,3,13,23,56,32.6,2.01,4.9,1,Visa,Debit,,Yes,No,Married,Masters,Employed,Own,0,false,false,true,true,true
Client_228,26,2,34,11,134,21.5,8.3,5.0,1,Mastercard,Debit,,Yes,No,Divorced,PhD,Unemployed,Own,0,true,false,false,false,false
Client_229,29,4,3,25,101,43.8,5.02,13.89,1,Visa,Debit,,Yes,No,Married,PhD,Self-Employed,Own,0,true,true,true,true,true
Client_230,44,4,31,7,72,40.6,3.46,9.14,0,Mastercard,Credit,,Yes,No,Divorced,PhD,Employed,Rent,0,false,false,true,false,false
Client_231,24,4,26,17,127,24.5,7.99,7.13,0,Visa,Credit,,Yes,No,Single,Masters,Unemployed,Mortgage,0,false,true,false,false,true
Client_232,64,1,14,15,187,39.7,5.67,7.4,1,CIB,Credit,,Yes,No,Married,PhD,Self-Employed,Rent,0,false,true,false,false,false
Client_233,46,1,1,5,198,49.0,3.01,11.67,0,Visa,Debit,,Yes,Yes,Divorced,PhD,Employed,Mortgage,0,false,false,true,true,true
Client_234,56,4,22,22,172,29.0,8.99,0.72,0,Mastercard,Credit,,Yes,No,Single,High School,Employed,Own,0,false,true,true,false,false
Client_235,48,1,1,6,71,15.1,4.82,14.84,0,Visa,Credit,,Yes,No,Divorced,High School,Self-Employed,Own,0,false,true,false,false,false
Client_236,26,1,13,19,137,46.9,6.54,2.4,0,Mastercard,Debit,,Yes,No,Divorced,PhD,Self-Employed,Mortgage,0,false,true,true,true,true
Client_237,63,4,28,1,124,28.4,9.09,5.71,0,CIB,Debit,,Yes,No,Divorced,High School,Employed,Mortgage,0,false,true,true,false,true
Client_238,26,3,8,17,95,24.6,2.97,14.75,0,Mastercard,Credit,,Yes,No,Divorced,Bachelors,Employed,Rent,0,true,false,true,false,false
Client_239,59,3,8,14,183,30.6,5.17,7.91,0,Mastercard,Credit,,Yes,No,Single,PhD,Self-Employed,Mortgage,0,true,false,true,true,false
Client_240,55,2,33,14,35,9.5,9.62,4.41,0,Mastercard,Debit,,Yes,No,Divorced,PhD,Unemployed,Mortgage,0,false,false,true,true,false
Client_241,23,4,17,24,56,24.5,9.4,1.2,0,Visa,Credit,,Yes,No,Divorced,Bachelors,Employed,Own,0,false,false,true,false,false
Client_242,21,4,6,4,84,45.8,0.94,4.34,0,Mastercard,Credit,,Yes,No,Single,PhD,Unemployed,Own,0,false,true,false,false,true
Client_243,63,2,7,5,95,18.3,8.94,6.11,0,Mastercard,Credit,,Yes,No,Married,High School,Unemployed,Mortgage,0,true,false,false,false,true
Client_244,44,1,2,2,153,16.1,4.56,4.74,1,Visa,Credit,,Yes,No,Married,PhD,Employed,Mortgage,0,false,false,true,false,true
Client_245,34,1,15,5,153,45.1,5.66,10.94,0,Visa,Credit,,Yes,No,Married,PhD,Unemployed,Mortgage,0,true,true,false,true,true
Client_246,62,4,18,13,52,17.8,8.03,1.73,1,Mastercard,Credit,,Yes,No,Divorced,High School,Employed,Rent,0,false,false,false,true,true
Client_247,49,1,3,20,122,33.2,8.63,8.18,0,CIB,Credit,,Yes,No,Single,Bachelors,Self-Employed,Rent,0,false,true,false,true,true
Client_248,34,4,10,6,42,16.3,7.55,9.43,0,Visa,Credit,,Yes,No,Married,Masters,Unemployed,Mortgage,0,true,true,true,true,false
Client_249,43,2,7,11,175,38.6,8.08,10.81,0,CIB,Debit,,Yes,No,Married,Bachelors,Self-Employed,Rent,0,false,false,false,true,false
Client_250,47,3,37,6,49,4.8,2.28,4.55,0,Mastercard,Debit,,Yes,No,Married,Masters,Unemployed,Own,0,true,true,false,false,false
Client_251,54,3,2,9,166,28.6,6.37,2.13,0,Visa,Credit,,Yes,No,Divorced,Masters,Unemployed,Mortgage,0,false,false,true,false,false
Client_252,28,1,31,29,103,3.0,6.48,1.64,0,CIB,Credit,,Yes,No,Divorced,High School,Employed,Own,0,false,true,false,false,false
Client_253,23,1,5,18,110,25.1,2.9,3.9,0,Mastercard,Debit,,Yes,Yes,Married,PhD,Unemployed,Own,0,false,true,false,true,true
Client_254,21,1,12,5,93,39.6,4.96,1.17,0,CIB,Credit,,Yes,No,Divorced,High School,Self-Employed,Mortgage,0,true,true,true,true,true
Client_255,52,3,5,17,94,41.1,2.82,14.1,0,CIB,Debit,,Yes,Yes,Married,PhD,Employed,Own,0,false,false,true,true,false
Client_256,35,2,27,20,194,18.6,9.21,9.0,0,Mastercard,Debit,,Yes,No,Divorced,PhD,Employed,Rent,0,true,true,false,true,true
Client_257,64,1,6,14,72,38.4,0.18,7.32,0,Visa,Debit,,Yes,No,Single,Masters,Self-Employed,Mortgage,0,false,false,true,false,true
Client_258,37,1,20,9,104,38.5,2.5,6.29,0,CIB,Credit,,Yes,No,Married,PhD,Self-Employed,Own,0,false,true,true,false,true
Client_259,54,2,9,6,170,6.6,5.36,5.72,0,Visa,Credit,,Yes,No,Divorced,Masters,Employed,Rent,0,false,true,false,true,false
Client_260,49,4,30,16,189,9.6,9.81,7.23,0,Mastercard,Credit,,Yes,No,Divorced,High School,Unemployed,Own,0,false,false,false,false,false
Client_261,39,4,5,1,38,38.9,3.57,4.69,0,CIB,Debit,,Yes,No,Single,PhD,Employed,Own,0,true,true,false,false,true
Client_262,48,3,14,13,109,30.4,2.44,0.03,1,Mastercard,Credit,,Yes,No,Divorced,Bachelors,Unemployed,Rent,0,false,false,true,false,false
Client_263,64,3,24,13,87,29.5,3.67,13.49,0,Visa,Credit,,Yes,No,Divorced,High School,Employed,Own,0,true,true,false,false,false
Client_264,61,2,33,12,192,28.2,0.49,14.27,0,Visa,Debit,,Yes,No,Divorced,Masters,Unemployed,Mortgage,0,true,true,false,false,false
Client_265,43,1,20,29,186,9.4,7.89,4.52,0,Mastercard,Credit,,Yes,No,Single,Masters,Employed,Rent,0,true,false,false,true,false
Client_266,46,3,35,9,158,43.7,1.92,1.18,0,Visa,Debit,,Yes,No,Divorced,PhD,Self-Employed,Rent,0,false,true,true,false,false
Client_267,24,2,34,20,40,49.8,2.44,3.0,1,CIB,Credit,,Yes,No,Married,Bachelors,Employed,Rent,0,true,true,true,false,false
Client_268,37,1,20,10,31,1.4,8.66,11.8,0,Mastercard,Debit,,Yes,No,Single,Masters,Employed,Rent,0,false,true,false,true,false
Client_269,22,1,15,28,141,15.4,5.14,11.22,0,Visa,Credit,,Yes,No,Divorced,Bachelors,Self-Employed,Mortgage,0,false,true,true,true,false
Client_270,26,4,19,23,47,18.9,1.82,4.48,0,Visa,Debit,,Yes,No,Single,High School,Unemployed,Rent,0,false,true,false,false,false
Client_271,32,3,7,9,175,13.7,5.88,12.14,0,CIB,Credit,,Yes,No,Divorced,High School,Self-Employed,Rent,0,true,false,true,false,false
Client_272,44,3,22,15,117,40.7,8.54,11.84,0,Mastercard,Debit,,Yes,No,Married,High School,Unemployed,Mortgage,0,true,false,false,true,false
Client_273,58,4,3,26,77,11.2,5.11,10.14,0,CIB,Credit,,Yes,No,Single,Masters,Unemployed,Own,1,true,false,false,false,false
Client_274,28,4,9,17,164,26.9,7.93,0.58,0,CIB,Credit,,Yes,No,Married,High School,Employed,Mortgage,0,false,false,false,true,false
Client_275,54,2,23,7,166,46.0,1.3,6.71,0,Visa,Credit,,Yes,No,Married,Masters,Employed,Own,0,true,true,false,false,true
Client_276,41,2,26,11,79,19.1,9.31,4.28,0,Visa,Credit,,Yes,No,Married,PhD,Unemployed,Rent,0,false,true,true,true,false
Client_277,28,2,10,1,107,27.3,6.47,11.29,0,Visa,Debit,,Yes,No,Divorced,Masters,Self-Employed,Own,0,false,true,false,false,false
Client_278,46,2,11,24,47,20.5,7.17,12.34,0,CIB,Credit,,Yes,No,Married,Bachelors,Unemployed,Rent,0,true,false,true,false,true
Client_279,37,3,16,22,149,42.7,1.64,14.28,0,CIB,Debit,,Yes,No,Single,Bachelors,Self-Employed,Rent,0,false,true,false,true,false
Client_280,51,3,17,18,170,8.9,8.72,1.29,0,Visa,Credit,,Yes,Yes,Divorced,Bachelors,Unemployed,Mortgage,0,false,true,true,false,false
Client_281,31,2,34,5,49,8.4,0.61,0.04,0,Mastercard,Credit,,Yes,No,Single,Masters,Employed,Mortgage,0,false,false,true,true,false
Client_282,59,2,13,21,192,46.9,8.46,0.14,0,CIB,Debit,,Yes,Yes,Married,High School,Unemployed,Own,0,true,true,true,true,false
Client_283,26,1,19,28,177,7.4,5.45,0.69,1,CIB,Credit,,Yes,No,Single,Masters,Employed,Rent,1,false,false,true,true,true
Client_284,40,4,9,29,34,28.2,3.79,2.1,0,CIB,Credit,,Yes,No,Married,PhD,Self-Employed,Mortgage,0,false,false,false,false,true
Client_285,42,2,28,3,156,28.2,9.62,14.58,0,Mastercard,Credit,,Yes,No,Single,Masters,Unemployed,Own,0,false,false,false,true,true
Client_286,51,3,16,13,102,21.3,6.87,12.93,0,Mastercard,Credit,,Yes,No,Single,Bachelors,Unemployed,Own,0,true,true,false,false,false
Client_287,26,4,37,8,144,30.6,3.45,7.66,0,CIB,Credit,,Yes,No,Single,High School,Unemployed,Rent,0,false,true,true,false,true
Client_288,20,3,37,25,69,40.8,1.83,2.51,1,Mastercard,Debit,,Yes,No,Divorced,PhD,Unemployed,Own,0,true,false,false,true,true
Client_289,59,4,9,26,81,10.3,2.13,13.43,0,CIB,Credit,,Yes,No,Divorced,Masters,Unemployed,Rent,0,false,true,true,true,false
Client_290,25,1,19,10,79,47.0,0.05,3.63,0,Mastercard,Debit,,Yes,No,Married,Bachelors,Unemployed,Own,0,true,true,false,false,true
Client_291,26,2,17,19,87,44.8,5.39,11.87,0,Visa,Credit,,Yes,No,Divorced,PhD,Self-Employed,Rent,0,false,false,false,true,false
Client_292,30,4,39,14,54,25.5,6.53,13.89,0,Visa,Debit,,Yes,Yes,Divorced,Masters,Employed,Rent,0,false,true,true,true,true
Client_293,40,1,35,18,40,48.4,9.08,10.5,0,Visa,Credit,,Yes,No,Single,PhD,Employed,Mortgage,0,false,true,true,false,true
Client_294,41,3,34,22,93,0.3,3.66,2.24,0,Visa,Debit,,Yes,No,Divorced,Masters,Employed,Mortgage,0,true,true,true,false,false
Client_295,61,3,26,0,183,17.3,7.53,9.3,1,Visa,Credit,,Yes,No,Married,Masters,Employed,Rent,0,true,true,false,false,false
Client_296,25,1,39,10,161,0.1,6.39,7.92,0,Visa,Debit,,Yes,No,Married,PhD,Unemployed,Own,0,false,true,true,true,true
Client_297,54,3,33,14,95,36.6,6.74,0.02,0,Mastercard,Credit,,Yes,No,Married,PhD,Employed,Own,0,false,true,true,true,false
Client_298,51,1,35,25,132,2.7,8.99,5.08,0,CIB,Debit,,Yes,No,Divorced,Masters,Self-Employed,Rent,0,false,true,false,true,false
Client_299,27,3,24,24,107,12.0,2.02,0.97,0,Mastercard,Debit,,Yes,No,Married,PhD,Unemployed,Rent,0,true,false,true,true,false
Client_300,61,2,7,20,128,15.1,4.92,3.83,0,Visa,Credit,,Yes,No,Divorced,High School,Unemployed,Own,0,false,false,true,true,true
Client_301,41,1,12,2,69,12.2,4.4,6.94,1,CIB,Debit,,Yes,No,Divorced,PhD,Self-Employed,Rent,0,false,true,false,false,true
Client_302,35,3,34,13,136,21.1,2.54,1.16,0,CIB,Debit,,Yes,No,Single,PhD,Employed,Own,0,false,false,true,true,true
Client_303,23,1,19,5,55,40.7,1.85,3.51,1,Visa,Debit,,Yes,No,Married,High School,Employed,Mortgage,0,false,false,false,true,true
Client_304,27,4,0,26,83,16.9,4.33,8.12,0,Visa,Credit,,Yes,No,Single,High School,Employed,Mortgage,0,true,false,false,false,true
Client_305,44,2,39,7,175,8.0,0.59,1.89,0,Visa,Debit,,Yes,No,Single,High School,Self-Employed,Rent,0,true,false,true,true,false
Client_306,22,2,11,4,138,26.8,0.62,6.87,0,CIB,Debit,,Yes,No,Married,Masters,Self-Employed,Mortgage,0,true,true,false,false,false
Client_307,40,4,6,21,105,16.2,9.1,14.09,0,Visa,Debit,,Yes,No,Divorced,Bachelors,Self-Employed,Own,0,false,true,true,true,true
Client_308,38,3,20,19,73,36.8,3.84,4.55,0,Mastercard,Credit,,Yes,No,Single,Masters,Unemployed,Own,0,true,false,true,false,true
Client_309,33,3,31,3,30,32.7,6.17,13.62,0,CIB,Credit,,Yes,No,Divorced,Masters,Employed,Own,0,false,false,true,false,false
Client_310,62,1,14,4,174,13.7,9.68,0.1,0,Visa,Credit,,Yes,No,Divorced,High School,Employed,Own,0,false,true,false,true,true
Client_311,46,1,6,20,160,46.4,3.23,7.44,0,Mastercard,Credit,,Yes,No,Single,High School,Self-Employed,Own,0,false,false,false,true,false
Client_312,35,3,16,8,182,21.9,4.91,1.35,0,Visa,Credit,,Yes,Yes,Single,High School,Self-Employed,Mortgage,0,true,true,false,true,true
Client_313,34,3,4,22,30,22.2,9.71,5.99,0,Mastercard,Credit,,Yes,No,Single,Bachelors,Unemployed,Rent,0,true,false,false,true,true
Client_314,42,4,1,17,32,12.9,6.21,3.94,0,Mastercard,Debit,,Yes,No,Single,Bachelors,Self-Employed,Mortgage,0,true,true,true,false,true
Client_315,28,3,8,27,76,37.2,3.78,2.15,0,Visa,Credit,,Yes,No,Single,PhD,Self-Employed,Mortgage,0,false,true,false,true,true
Client_316,29,3,5,15,114,16.1,3.82,14.71,0,Mastercard,Credit,,Yes,No,Married,High School,Unemployed,Own,0,true,true,false,false,true
Client_317,37,1,35,0,98,27.3,1.58,14.81,0,CIB,Credit,,Yes,No,Married,High School,Self-Employed,Rent,0,true,true,true,false,false
Client_318,26,2,7,13,189,5.0,9.01,12.55,1,CIB,Debit,,Yes,Yes,Divorced,Masters,Unemployed,Rent,0,true,true,false,false,false
Client_319,40,1,0,11,115,23.9,8.61,11.75,0,Mastercard,Credit,,Yes,No,Married,PhD,Employed,Own,0,false,true,true,false,false
Client_320,33,3,36,15,159,21.6,1.57,2.5,0,Mastercard,Credit,,Yes,No,Single,High School,Unemployed,Mortgage,0,true,false,false,false,true
Client_321,54,2,24,4,184,28.9,7.83,14.21,0,Mastercard,Credit,,Yes,No,Divorced,High School,Employed,Mortgage,0,false,true,false,true,false
Client_322,63,4,7,26,93,38.2,5.68,10.06,0,Mastercard,Credit,,Yes,No,Divorced,PhD,Employed,Rent,0,false,true,false,false,false
Client_323,23,2,36,13,183,16.1,6.19,8.58,0,Mastercard,Credit,,Yes,No,Married,PhD,Employed,Mortgage,0,true,true,false,true,false
Client_324,36,2,23,29,41,25.0,9.63,14.66,0,CIB,Debit,,Yes,No,Divorced,Masters,Employed,Mortgage,0,true,false,false,true,true
Client_325,62,3,20,26,146,18.4,9.63,14.34,0,CIB,Credit,,Yes,No,Married,PhD,Employed,Mortgage,0,false,true,false,true,false
Client_326,34,4,24,24,198,20.0,6.24,7.99,1,CIB,Credit,,Yes,No,Single,Masters,Unemployed,Mortgage,0,false,false,false,true,true
Client_327,23,2,4,25,37,22.1,5.85,7.22,0,CIB,Credit,,Yes,No,Single,High School,Self-Employed,Rent,0,false,true,true,true,false
Client_328,59,1,28,23,164,12.3,7.6,6.16,0,CIB,Credit,,No,No,Divorced,Bachelors,Employed,Mortgage,0,true,true,false,false,true
Client_329,29,1,11,20,67,7.0,7.27,11.93,0,CIB,Debit,,No,No,Divorced,High School,Employed,Own,0,false,true,true,true,true
Client_330,20,1,7,4,169,23.5,0.08,4.98,0,Visa,Debit,,Yes,No,Divorced,Masters,Unemployed,Mortgage,0,true,true,false,false,false
Client_331,32,1,33,5,72,6.6,5.4,3.32,1,CIB,Credit,,No,No,Divorced,Bachelors,Self-Employed,Mortgage,0,false,true,false,false,true
Client_332,51,1,5,11,35,43.6,2.32,14.68,0,Visa,Debit,,Yes,No,Divorced,PhD,Employed,Mortgage,0,false,false,true,true,true
Client_333,30,2,9,15,113,14.2,2.11,14.9,0,Mastercard,Credit,,Yes,No,Divorced,PhD,Unemployed,Own,0,false,false,false,false,false
Client_334,42,1,38,19,83,18.6,3.46,10.2,0,Visa,Debit,,Yes,No,Divorced,Masters,Self-Employed,Rent,0,true,false,true,true,true
Client_335,33,1,16,11,95,23.6,4.11,12.86,1,Visa,Credit,,Yes,No,Married,Bachelors,Unemployed,Mortgage,0,false,false,true,true,false
Client_336,41,3,14,23,125,38.6,3.08,14.83,0,Mastercard,Credit,,Yes,Yes,Married,Bachelors,Employed,Mortgage,0,false,false,true,false,false
Client_337,48,3,11,28,190,37.4,3.61,5.74,0,Mastercard,Debit,,Yes,No,Single,High School,Unemployed,Mortgage,0,false,true,false,false,true
Client_338,52,3,13,7,92,3.4,9.27,5.31,0,Visa,Debit,,No,No,Married,High School,Unemployed,Mortgage,0,true,false,true,false,true
Client_339,40,3,14,12,120,25.9,0.23,1.23,0,Visa,Debit,,Yes,No,Married,PhD,Unemployed,Own,0,false,false,true,true,true
Client_340,54,3,29,7,126,10.6,3.11,0.59,0,Mastercard,Credit,,Yes,No,Married,PhD,Self-Employed,Rent,0,false,false,true,true,false
Client_341,26,3,26,23,75,29.3,5.03,2.99,0,Mastercard,Credit,,Yes,No,Single,High School,Employed,Rent,0,false,true,false,true,false
Client_342,59,1,11,12,62,29.7,3.86,9.59,0,Mastercard,Credit,,Yes,No,Single,Bachelors,Employed,Mortgage,0,false,true,false,true,true
Client_343,44,3,19,12,117,35.5,9.2,12.32,0,Mastercard,Debit,,Yes,No,Married,High School,Employed,Rent,0,false,true,true,false,false
Client_344,54,2,0,4,54,26.9,4.74,9.83,0,Mastercard,Debit,,No,No,Married,High School,Employed,Own,0,true,false,false,false,false
Client_345,30,1,37,11,58,13.0,3.79,9.71,0,Visa,Debit,,Yes,No,Single,Masters,Unemployed,Rent,0,false,false,false,false,true
Client_346,33,4,15,14,76,22.2,4.45,10.23,0,Mastercard,Credit,,Yes,No,Divorced,Bachelors,Unemployed,Mortgage,0,true,true,true,false,false
Client_347,43,1,35,16,140,29.4,8.69,3.06,0,Visa,Credit,,Yes,No,Single,High School,Self-Employed,Mortgage,0,true,false,true,false,false
Client_348,41,2,2,9,188,14.9,4.63,7.84,0,CIB,Debit,,Yes,No,Single,PhD,Employed,Own,0,true,false,true,true,true
Client_349,45,1,30,21,94,45.7,9.69,3.25,0,CIB,Debit,,Yes,No,Single,Masters,Employed,Own,0,false,true,false,false,false
Client_350,20,2,2,5,98,19.7,1.55,14.0,0,CIB,Credit,,Yes,No,Married,PhD,Employed,Rent,0,false,false,true,false,false
Client_351,24,4,25,26,37,41.8,6.54,14.47,1,Mastercard,Debit,,Yes,No,Married,High School,Self-Employed,Own,0,true,false,true,false,true
Client_352,48,4,23,14,149,35.1,1.27,0.98,0,Mastercard,Credit,,Yes,No,Single,High School,Self-Employed,Rent,0,true,false,false,true,true
Client_353,20,4,4,3,125,14.9,8.17,2.25,0,Visa,Credit,,Yes,No,Married,Masters,Self-Employed,Mortgage,0,true,true,false,false,false
Client_354,58,1,14,11,162,18.6,5.84,11.86,0,Visa,Credit,,Yes,No,Divorced,PhD,Self-Employed,Mortgage,0,true,true,true,true,false
Client_355,43,2,11,9,160,12.4,9.98,11.94,0,Visa,Credit,,Yes,No,Married,High School,Self-Employed,Mortgage,0,true,false,false,true,true
Client_356,58,3,9,12,30,28.3,6.86,14.09,0,Mastercard,Debit,,Yes,No,Single,Masters,Unemployed,Own,0,true,false,true,true,true
Client_357,63,4,34,2,195,36.3,4.83,14.54,0,Mastercard,Debit,,Yes,No,Married,Bachelors,Unemployed,Own,0,true,true,true,false,true
Client_358,47,4,3,11,167,5.4,5.38,0.26,0,Mastercard,Credit,,Yes,No,Divorced,High School,Employed,Own,0,false,true,true,false,true
Client_359,22,3,29,25,146,25.3,8.17,14.88,0,Visa,Debit,,Yes,No,Single,Masters,Unemployed,Rent,0,false,true,false,false,true
Client_360,56,2,31,25,72,49.1,1.85,12.42,0,Mastercard,Debit,,Yes,No,Divorced,High School,Unemployed,Rent,0,false,false,true,true,false
Client_361,42,1,27,12,155,41.4,0.04,8.39,0,Mastercard,Credit,,Yes,No,Single,PhD,Unemployed,Mortgage,0,false,true,true,true,false
Client_362,37,2,34,4,91,14.0,8.22,10.64,0,Mastercard,Debit,,Yes,No,Divorced,Bachelors,Employed,Mortgage,0,false,true,false,false,true
Client_363,55,3,9,27,114,27.4,0.15,11.39,0,CIB,Debit,,Yes,No,Divorced,Bachelors,Self-Employed,Rent,0,false,false,true,true,false
Client_364,56,3,1,15,187,6.6,3.87,7.9,0,Mastercard,Debit,,Yes,No,Married,High School,Employed,Own,0,true,false,true,true,false
Client_365,31,2,12,4,97,29.4,0.81,6.19,0,Visa,Debit,,Yes,Yes,Married,Bachelors,Self-Employed,Rent,0,false,true,true,false,true
Client_366,49,4,11,17,129,12.4,0.44,11.1,0,Mastercard,Credit,,Yes,No,Married,High School,Unemployed,Rent,0,true,false,false,true,false
Client_367,33,3,32,14,122,27.5,8.86,11.8,0,Visa,Debit,,Yes,No,Married,High School,Self-Employed,Rent,0,true,false,false,false,false
Client_368,39,3,27,10,63,48.6,6.29,0.8,0,CIB,Debit,,Yes,Yes,Divorced,PhD,Unemployed,Own,0,false,false,false,true,true
Client_369,57,1,4,13,130,27.1,8.72,14.67,1,Visa,Debit,,Yes,No,Single,High School,Unemployed,Rent,0,false,false,true,true,false
Client_370,32,1,14,1,73,25.6,5.53,14.47,0,Mastercard,Debit,,Yes,No,Single,Masters,Self-Employed,Mortgage,0,false,false,false,false,true
Client_371,23,2,23,23,141,3.7,0.19,0.15,0,Mastercard,Debit,,Yes,No,Married,Masters,Self-Employed,Own,0,true,false,true,false,false
Client_372,40,3,9,4,135,3.1,7.87,3.26,0,Visa,Debit,,Yes,No,Married,Bachelors,Self-Employed,Rent,0,false,false,false,false,false
Client_373,21,3,24,7,114,48.0,5.52,3.41,0,CIB,Debit,,Yes,No,Divorced,Bachelors,Self-Employed,Mortgage,0,false,true,false,false,false
Client_374,64,2,12,23,151,13.8,1.44,8.76,0,Mastercard,Credit,,Yes,No,Single,High School,Self-Employed,Rent,0,false,false,false,false,false
Client_375,63,1,28,14,182,18.2,1.22,8.56,0,Mastercard,Debit,,Yes,No,Divorced,Bachelors,Unemployed,Rent,0,true,true,false,true,false
Client_376,58,4,25,10,196,13.9,3.49,5.9,0,CIB,Credit,,Yes,No,Divorced,PhD,Self-Employed,Own,0,true,false,true,false,false
Client_377,55,4,34,15,52,16.9,7.8,0.44,1,CIB,Debit,,Yes,No,Divorced,PhD,Self-Employed,Own,0,false,false,false,false,false
Client_378,22,2,33,8,94,11.1,4.41,10.61,0,Visa,Debit,,No,No,Single,Bachelors,Self-Employed,Own,0,true,false,false,false,true
Client_379,20,1,33,5,174,27.6,0.3,14.15,0,CIB,Credit,,Yes,No,Divorced,Masters,Self-Employed,Rent,0,true,false,true,true,false
Client_380,20,4,16,25,109,32.8,7.37,10.67,0,Mastercard,Credit,,Yes,No,Married,High School,Self-Employed,Rent,0,true,true,true,true,false
Client_381,63,1,12,19,32,47.5,8.01,12.01,0,CIB,Credit,,Yes,No,Single,Bachelors,Self-Employed,Rent,0,true,true,true,true,false
Client_382,61,2,27,10,174,48.4,4.38,1.23,0,Visa,Debit,,Yes,No,Single,Bachelors,Unemployed,Mortgage,0,true,true,true,true,true
Client_383,39,1,10,29,62,31.0,5.45,12.22,0,CIB,Debit,,Yes,No,Divorced,Masters,Unemployed,Own,0,true,false,false,false,false
Client_384,63,3,16,29,165,44.3,4.75,11.67,0,Visa,Debit,,Yes,No,Divorced,High School,Unemployed,Mortgage,0,false,false,false,true,false
Client_385,57,2,17,22,65,4.4,5.27,12.52,0,CIB,Credit,,Yes,No,Single,Bachelors,Unemployed,Rent,0,true,false,false,false,true
Client_386,38,4,12,12,177,25.8,7.14,5.92,0,Visa,Debit,,Yes,No,Single,Masters,Employed,Mortgage,0,false,false,false,true,true
Client_387,40,1,3,12,165,41.6,6.66,9.1,0,CIB,Credit,,Yes,Yes,Married,Masters,Self-Employed,Own,0,false,true,true,false,true
Client_388,38,2,25,14,183,37.1,2.62,13.67,0,CIB,Debit,,Yes,No,Single,PhD,Employed,Mortgage,0,true,true,false,false,false
Client_389,48,1,13,14,35,17.9,5.83,6.83,0,Mastercard,Credit,,Yes,No,Single,High School,Self-Employed,Own,0,true,true,true,true,true
Client_390,59,3,33,29,48,2.4,8.73,10.01,0,Visa,Debit,,Yes,No,Married,Bachelors,Self-Employed,Own,0,true,false,false,true,true
Client_391,30,1,5,5,83,27.3,6.22,3.87,0,Mastercard,Debit,,Yes,No,Married,Bachelors,Employed,Own,0,false,false,true,false,false
Client_392,48,1,34,4,65,6.9,5.4,8.03,0,CIB,Debit,,Yes,No,Single,Masters,Unemployed,Rent,0,true,true,false,false,true
Client_393,22,4,39,29,118,30.2,5.51,9.82,1,Visa,Debit,,Yes,No,Single,Bachelors,Self-Employed,Own,0,false,false,false,false,true
Client_394,27,1,31,25,88,9.6,5.95,10.54,0,Mastercard,Debit,,Yes,No,Single,PhD,Employed,Rent,0,false,false,false,true,true
Client_395,64,3,2,19,152,34.6,3.98,12.96,0,CIB,Debit,,Yes,No,Married,PhD,Employed,Rent,0,false,true,false,true,false
Client_396,55,4,28,20,176,26.7,1.82,7.32,0,CIB,Credit,,Yes,No,Single,High School,Employed,Rent,0,false,false,false,false,true
Client_397,49,1,8,6,82,48.5,5.05,10.5,0,Visa,Credit,,Yes,No,Single,PhD,Unemployed,Own,0,true,false,false,false,false
Client_398,33,1,8,8,125,15.1,2.05,10.2,0,Visa,Credit,,Yes,No,Married,PhD,Unemployed,Rent,0,false,false,false,false,true
Client_399,59,1,30,12,49,27.5,2.59,5.52,0,CIB,Debit,,Yes,No,Divorced,High School,Unemployed,Own,0,false,true,false,true,true
Client_400,23,1,27,2,169,36.4,9.03,2.51,0,Mastercard,Debit,,Yes,No,Married,PhD,Employed,Rent,0,true,true,true,true,true
Client_401,56,3,8,14,119,9.5,5.09,2.79,0,Visa,Debit,,Yes,Yes,Single,High School,Self-Employed,Mortgage,0,false,true,false,true,true
Client_402,21,4,6,12,159,19.4,4.14,3.54,0,CIB,Credit,,Yes,No,Single,Masters,Unemployed,Mortgage,0,true,true,true,true,true
Client_403,50,2,14,29,198,1.0,2.11,3.05,0,CIB,Credit,,Yes,No,Married,PhD,Self-Employed,Rent,0,false,true,false,false,false
Client_404,56,1,10,27,132,7.5,8.21,7.53,0,Visa,Credit,,Yes,Yes,Married,High School,Employed,Rent,0,false,false,false,true,false
Client_405,21,4,27,7,115,32.5,3.54,5.34,1,Mastercard,Debit,,Yes,No,Married,PhD,Unemployed,Own,0,false,true,false,false,true
Client_406,49,4,30,8,192,11.7,1.17,9.58,0,Visa,Debit,,Yes,No,Divorced,Masters,Unemployed,Own,0,false,true,false,false,false
Client_407,40,2,15,13,120,33.0,2.83,4.43,0,CIB,Credit,,Yes,No,Married,High School,Self-Employed,Rent,0,false,false,true,false,false
Client_408,54,4,33,24,139,14.8,7.56,2.52,0,Mastercard,Debit,,Yes,No,Married,High School,Self-Employed,Mortgage,0,true,true,false,false,false
Client_409,62,1,15,25,72,23.8,7.74,7.43,0,Visa,Credit,,Yes,No,Divorced,High School,Unemployed,Own,0,false,false,false,false,false
Client_410,28,1,8,20,175,19.4,1.8,10.5,1,Mastercard,Credit,,Yes,No,Single,High School,Employed,Mortgage,0,true,false,false,true,false
Client_411,34,3,15,5,113,3.7,1.6,2.78,1,Visa,Debit,,Yes,No,Divorced,Bachelors,Self-Employed,Rent,0,false,false,false,true,false
Client_412,27,3,33,26,93,3.2,0.83,10.92,0,Visa,Debit,,Yes,No,Single,Bachelors,Employed,Own,0,true,false,false,false,false
Client_413,49,3,25,27,61,23.8,8.13,11.99,0,Mastercard,Debit,,No,No,Married,Bachelors,Self-Employed,Rent,0,true,false,true,false,true
Client_414,45,3,33,23,175,47.3,6.69,11.57,0,CIB,Debit,,Yes,No,Married,PhD,Self-Employed,Mortgage,0,true,true,false,false,true
Client_415,39,2,0,19,188,16.7,7.17,4.23,0,Mastercard,Credit,,No,No,Single,High School,Self-Employed,Mortgage,0,true,false,true,false,true
Client_416,42,2,32,27,47,34.5,1.22,6.1,0,CIB,Debit,,Yes,No,Divorced,PhD,Unemployed,Mortgage,0,false,false,true,false,false
Client_417,46,4,35,9,175,43.1,3.6,10.8,0,CIB,Credit,,Yes,No,Divorced,Bachelors,Unemployed,Rent,0,false,true,false,true,true
Client_418,48,2,22,24,191,23.5,7.51,13.56,0,CIB,Debit,,Yes,Yes,Divorced,High School,Employed,Own,0,true,false,false,false,true
Client_419,59,1,38,24,85,23.4,5.44,6.06,0,CIB,Credit,,Yes,No,Married,Bachelors,Employed,Rent,0,false,false,true,true,false
Client_420,34,4,30,24,137,5.8,9.09,8.09,0,CIB,Debit,,Yes,No,Married,Masters,Employed,Mortgage,0,true,true,true,true,true
Client_421,49,1,35,1,40,6.2,9.77,7.43,0,Mastercard,Debit,,Yes,No,Married,Masters,Self-Employed,Mortgage,0,true,false,false,true,false
Client_422,24,2,34,12,109,17.2,0.29,1.69,0,Visa,Debit,,Yes,No,Divorced,Masters,Self-Employed,Own,0,false,true,false,false,true
Client_423,35,3,11,3,152,40.9,6.03,7.82,0,CIB,Debit,,Yes,No,Single,High School,Employed,Mortgage,0,false,true,false,true,false
Client_424,32,2,0,18,55,6.7,6.64,5.5,0,Mastercard,Debit,,Yes,No,Single,Masters,Employed,Own,0,false,true,false,false,true
Client_425,27,2,17,27,102,39.4,3.65,0.84,0,Visa,Credit,,Yes,No,Married,High School,Employed,Mortgage,0,true,true,true,false,false
Client_426,54,4,9,26,65,26.4,5.52,6.95,0,Visa,Credit,,Yes,Yes,Married,Masters,Employed,Own,0,true,false,true,true,true
Client_427,37,3,22,19,117,31.4,2.57,1.62,0,Mastercard,Debit,,Yes,No,Single,Masters,Self-Employed,Own,0,true,true,true,false,true
Client_428,26,2,15,5,152,41.6,6.44,8.91,0,Visa,Credit,,Yes,No,Married,Masters,Employed,Mortgage,0,true,false,true,true,false
Client_429,25,1,21,24,86,28.4,7.14,5.37,0,CIB,Credit,,Yes,No,Single,Masters,Self-Employed,Mortgage,0,false,false,true,true,false
Client_430,55,3,22,5,127,35.5,9.49,14.04,0,Mastercard,Credit,,Yes,No,Single,Bachelors,Unemployed,Rent,0,true,true,false,false,false
Client_431,26,2,8,3,128,0.2,9.42,13.09,0,Mastercard,Credit,,Yes,No,Single,PhD,Self-Employed,Mortgage,0,false,true,false,false,false
Client_432,38,1,2,7,50,3.4,3.2,8.65,0,Mastercard,Credit,,No,No,Divorced,High School,Employed,Own,0,false,true,false,false,false
Client_433,62,4,21,16,99,33.0,6.96,10.22,0,CIB,Credit,,Yes,Yes,Married,Masters,Unemployed,Rent,0,false,false,false,true,false
Client_434,34,4,26,14,48,37.6,8.44,10.12,0,Mastercard,Debit,,Yes,No,Married,Masters,Unemployed,Mortgage,0,false,true,false,true,false
Client_435,40,3,38,23,186,3.9,6.25,1.53,0,Visa,Debit,,Yes,Yes,Married,PhD,Unemployed,Rent,0,false,true,true,false,false
Client_436,32,3,9,9,93,21.4,5.65,7.4,0,Visa,Debit,,Yes,No,Single,Masters,Employed,Own,0,false,false,true,true,false
Client_437,40,4,17,20,116,9.6,1.75,5.0,0,Visa,Credit,,Yes,No,Single,Masters,Employed,Rent,0,true,true,true,false,false
Client_438,35,3,4,9,73,10.6,5.07,9.27,0,Mastercard,Debit,,Yes,No,Single,PhD,Employed,Rent,0,true,false,true,true,false
Client_439,61,2,37,14,136,34.1,8.08,6.71,0,Mastercard,Credit,,Yes,No,Single,PhD,Employed,Own,0,false,true,true,false,false
Client_440,42,1,24,17,63,38.0,8.41,2.29,0,CIB,Debit,,No,No,Divorced,Bachelors,Employed,Mortgage,0,false,false,true,true,false
Client_441,50,3,37,27,92,18.3,3.32,6.13,0,Visa,Debit,,Yes,No,Single,Masters,Self-Employed,Rent,0,false,false,true,true,true
Client_442,40,4,35,5,100,0.2,7.56,10.23,0,Mastercard,Debit,,Yes,No,Married,PhD,Employed,Mortgage,0,true,false,false,false,true
Client_443,45,2,39,1,74,23.3,7.98,8.58,0,CIB,Credit,,Yes,No,Single,Masters,Unemployed,Own,0,false,true,true,true,false
Client_444,36,2,2,13,84,14.5,9.09,7.42,0,CIB,Debit,,Yes,No,Single,Bachelors,Unemployed,Mortgage,0,true,true,true,false,true
Client_445,43,3,22,25,156,30.2,1.53,9.99,0,Mastercard,Debit,,Yes,Yes,Divorced,PhD,Unemployed,Rent,0,true,false,false,false,false
Client_446,46,2,36,14,101,35.0,3.04,5.97,0,Mastercard,Debit,,Yes,No,Married,High School,Self-Employed,Own,0,false,false,true,true,false
Client_447,27,2,37,13,140,10.6,1.52,13.7,0,Visa,Debit,,Yes,No,Divorced,Masters,Employed,Rent,0,false,true,false,false,true
Client_448,58,4,26,17,52,36.6,1.53,4.87,0,Mastercard,Debit,,Yes,Yes,Single,Masters,Employed,Mortgage,0,true,true,false,true,true
Client_449,48,2,27,23,41,17.0,1.48,13.96,0,Mastercard,Debit,,Yes,No,Single,Masters,Unemployed,Mortgage,0,false,true,true,true,false
Client_450,49,1,13,10,32,20.1,0.85,7.23,0,Visa,Credit,,Yes,No,Single,PhD,Employed,Own,0,false,false,false,false,false
Client_451,49,4,33,15,167,39.7,6.02,1.86,0,CIB,Debit,,Yes,No,Single,High School,Self-Employed,Mortgage,0,false,false,false,false,true
Client_452,24,4,25,7,121,39.9,8.4,8.3,0,Mastercard,Credit,,Yes,No,Single,PhD,Self-Employed,Own,0,true,false,false,false,false
Client_453,54,1,12,13,123,22.3,0.21,10.87,0,Mastercard,Debit,,Yes,Yes,Married,Masters,Employed,Mortgage,0,false,false,false,false,false
Client_454,54,3,29,20,34,31.9,8.06,14.34,0,Visa,Debit,,No,No,Divorced,Masters,Unemployed,Own,0,true,false,false,false,true
Client_455,28,2,12,26,115,47.1,3.98,5.9,0,Mastercard,Debit,,Yes,No,Divorced,PhD,Employed,Mortgage,0,false,false,false,false,false
Client_456,28,2,3,9,103,40.5,8.4,13.41,0,Visa,Debit,,Yes,Yes,Single,Masters,Employed,Rent,0,true,false,false,true,false
Client_457,46,1,17,9,162,19.6,0.69,11.48,0,CIB,Debit,,Yes,No,Divorced,Masters,Employed,Mortgage,0,false,true,false,false,false
Client_458,41,3,28,14,180,49.6,5.04,8.9,0,Visa,Debit,,Yes,No,Single,Bachelors,Self-Employed,Mortgage,0,true,false,false,false,true
Client_459,25,4,37,3,57,18.0,0.53,12.59,0,Mastercard,Credit,,Yes,No,Single,Masters,Self-Employed,Rent,0,false,true,false,true,false
Client_460,33,3,19,14,168,13.2,7.59,11.58,1,Visa,Credit,,Yes,No,Single,Masters,Self-Employed,Mortgage,0,true,false,true,false,false
Client_461,64,3,12,16,176,48.2,1.69,6.09,0,Visa,Credit,,Yes,No,Married,Bachelors,Self-Employed,Rent,0,false,false,true,false,false
Client_462,41,1,11,17,142,47.4,5.58,14.05,0,CIB,Credit,,Yes,No,Married,Bachelors,Self-Employed,Own,0,true,false,true,false,false
Client_463,27,2,20,9,121,4.4,4.5,13.32,0,Visa,Credit,,Yes,Yes,Married,High School,Self-Employed,Rent,0,true,true,true,false,true
Client_464,32,4,39,11,81,33.9,2.61,5.61,0,Mastercard,Credit,,Yes,No,Single,PhD,Employed,Mortgage,0,false,true,false,false,false
Client_465,60,1,8,27,109,32.2,2.52,3.14,0,Mastercard,Debit,,Yes,No,Married,Masters,Self-Employed,Mortgage,0,true,false,false,true,true
Client_466,44,2,29,15,76,12.3,6.49,13.35,0,Mastercard,Credit,,Yes,No,Divorced,High School,Employed,Mortgage,0,true,true,false,false,false
Client_467,40,1,18,20,80,4.6,7.97,7.49,1,Visa,Credit,,Yes,No,Divorced,Bachelors,Unemployed,Own,0,true,true,true,true,false
Client_468,63,4,22,24,129,33.6,2.07,13.05,0,Mastercard,Credit,,Yes,No,Married,PhD,Self-Employed,Mortgage,0,false,false,false,false,true
Client_469,52,1,11,23,182,13.8,9.39,13.59,0,CIB,Debit,,Yes,No,Married,Bachelors,Employed,Own,0,true,false,false,true,false
Client_470,57,4,31,27,50,4.1,0.74,2.46,0,Mastercard,Debit,,No,No,Single,Masters,Self-Employed,Rent,0,false,true,false,false,true
Client_471,56,2,37,1,85,46.4,2.94,1.45,0,Visa,Debit,,Yes,No,Single,High School,Self-Employed,Mortgage,0,true,true,true,true,true
Client_472,21,3,10,4,110,33.8,8.91,12.31,0,Mastercard,Credit,,Yes,No,Single,PhD,Self-Employed,Mortgage,0,true,false,false,true,false
Client_473,27,3,24,22,156,28.6,4.91,7.08,0,CIB,Debit,,Yes,No,Single,Bachelors,Employed,Own,0,false,true,true,true,false
Client_474,49,3,28,17,187,7.1,6.81,13.55,0,Visa,Credit,,No,Yes,Single,PhD,Self-Employed,Mortgage,0,false,true,false,false,false
Client_475,37,2,20,15,70,2.2,1.15,14.65,0,CIB,Credit,,Yes,No,Divorced,High School,Self-Employed,Mortgage,0,true,true,true,false,true
Client_476,41,3,32,25,140,34.3,3.93,6.62,0,Mastercard,Debit,,Yes,No,Single,High School,Unemployed,Mortgage,0,false,false,false,false,true
Client_477,61,4,35,21,51,15.9,8.4,8.78,0,CIB,Credit,,Yes,No,Married,High School,Unemployed,Rent,0,false,false,false,true,true
Client_478,21,1,10,21,115,34.1,9.0,5.57,0,Visa,Credit,,Yes,No,Divorced,High School,Employed,Own,0,true,false,true,true,true
Client_479,34,2,0,27,179,38.5,4.89,7.24,0,Visa,Credit,,No,Yes,Married,Masters,Employed,Rent,0,true,false,true,false,true
Client_480,63,1,39,16,166,44.9,7.08,2.49,0,Mastercard,Debit,,Yes,No,Single,PhD,Unemployed,Rent,0,false,true,false,false,true
Client_481,24,1,27,15,92,23.2,0.57,12.37,0,Mastercard,Credit,,Yes,No,Divorced,Masters,Employed,Rent,0,true,true,false,true,true
Client_482,54,1,8,27,79,4.5,2.07,7.02,0,Visa,Credit,,Yes,No,Divorced,Bachelors,Self-Employed,Rent,0,true,true,true,false,false
Client_483,27,2,14,16,149,32.2,0.5,14.59,0,Mastercard,Debit,,No,No,Single,PhD,Employed,Mortgage,0,false,false,false,true,true
Client_484,27,1,29,22,130,43.4,3.31,4.04,0,Visa,Credit,,Yes,No,Divorced,Masters,Self-Employed,Rent,0,true,true,false,false,true
Client_485,48,4,0,9,83,37.4,9.71,4.84,0,Visa,Debit,,Yes,No,Divorced,Masters,Employed,Rent,0,false,false,false,false,true
Client_486,27,4,0,18,112,3.4,0.49,2.18,0,CIB,Debit,,Yes,No,Single,Bachelors,Employed,Rent,0,true,true,true,true,true
Client_487,48,1,7,23,194,9.3,0.89,4.71,0,Visa,Credit,,Yes,No,Divorced,Bachelors,Employed,Mortgage,0,false,true,true,true,false
Client_488,54,1,31,4,94,33.1,4.61,13.55,0,Mastercard,Debit,,Yes,No,Single,Bachelors,Unemployed,Own,0,false,false,false,false,true
Client_489,42,3,30,18,149,44.3,8.26,6.12,0,Mastercard,Credit,,Yes,No,Married,Masters,Self-Employed,Mortgage,0,false,true,true,true,true
Client_490,27,3,3,10,85,39.7,6.98,8.36,0,Mastercard,Debit,,Yes,Yes,Married,Masters,Unemployed,Mortgage,0,false,true,true,true,true
Client_491,43,3,32,11,187,24.3,0.29,3.86,0,Visa,Credit,,Yes,No,Married,Masters,Unemployed,Own,0,true,true,false,true,true
Client_492,34,4,1,27,84,28.2,9.17,14.95,1,CIB,Credit,,Yes,No,Married,PhD,Employed,Mortgage,0,false,false,true,false,true
Client_493,60,3,4,22,145,0.7,8.52,9.13,0,CIB,Debit,,Yes,No,Divorced,Masters,Self-Employed,Own,0,true,true,false,false,false
Client_494,45,3,36,0,148,3.2,0.67,4.16,0,CIB,Credit,,No,No,Single,Bachelors,Employed,Rent,0,false,false,false,true,false
Client_495,30,3,31,22,95,48.0,3.27,2.33,0,Mastercard,Debit,,Yes,No,Divorced,Bachelors,Self-Employed,Own,0,false,true,true,false,false
Client_496,43,4,33,14,41,27.9,7.89,14.52,0,Mastercard,Credit,,Yes,No,Single,Bachelors,Unemployed,Own,0,false,false,true,false,true
Client_497,35,3,15,10,181,32.0,6.94,4.01,0,Visa,Credit,,Yes,No,Divorced,Masters,Self-Employed,Mortgage,0,false,false,false,true,true
Client_498,26,1,0,27,48,31.7,9.06,4.51,0,CIB,Debit,,Yes,No,Divorced,Masters,Unemployed,Mortgage,0,true,true,false,true,false
Client_499,30,1,32,4,125,6.0,0.12,13.45,0,CIB,Credit,,Yes,No,Divorced,Masters,Employed,Own,0,false,false,true,false,true
Client_500,51,1,12,21,62,8.3,3.49,0.69,0,Mastercard,Credit,,Yes,No,Divorced,PhD,Unemployed,Mortgage,0,false,false,true,true,true
Client_501,63,2,38,29,166,14.3,7.61,5.05,0,CIB,Credit,,Yes,No,Married,High School,Unemployed,Rent,0,false,false,false,true,true
Client_502,49,4,37,24,51,10.2,6.89,9.41,0,Mastercard,Credit,,Yes,No,Divorced,High School,Unemployed,Own,0,false,true,true,true,false
Client_503,43,2,37,18,120,49.2,9.44,2.46,1,CIB,Credit,,Yes,No,Married,Bachelors,Self-Employed,Rent,0,true,true,false,true,true
Client_504,36,1,26,28,71,43.0,1.22,5.77,0,Mastercard,Debit,,Yes,No,Divorced,High School,Employed,Mortgage,0,false,false,false,true,false
Client_505,57,1,24,17,131,45.3,6.3,13.59,0,Visa,Debit,,Yes,Yes,Single,Bachelors,Unemployed,Own,0,false,false,true,false,false
Client_506,45,2,4,8,45,40.6,1.54,1.51,0,Visa,Debit,,Yes,No,Married,High School,Self-Employed,Mortgage,0,true,false,false,true,true
Client_507,53,4,16,14,172,37.5,8.04,11.07,0,CIB,Credit,,Yes,No,Married,Masters,Employed,Mortgage,0,false,false,false,true,true
Client_508,44,2,11,11,56,2.8,8.38,6.41,0,CIB,Debit,,Yes,No,Married,High School,Unemployed,Rent,0,true,true,false,true,false
Client_509,62,1,25,25,80,4.2,3.88,14.11,0,CIB,Debit,,Yes,No,Divorced,High School,Unemployed,Rent,0,true,false,true,true,true
Client_510,32,1,8,19,68,17.7,2.28,9.85,0,Visa,Debit,,Yes,No,Single,High School,Self-Employed,Own,0,false,false,false,true,false
Client_511,63,2,36,13,169,45.2,2.77,8.52,0,CIB,Debit,,Yes,No,Single,Masters,Unemployed,Mortgage,0,true,true,true,true,true
Client_512,59,3,6,26,60,21.2,0.17,4.94,0,Visa,Debit,,Yes,No,Divorced,Masters,Unemployed,Own,0,false,true,false,true,false
Client_513,47,4,39,22,35,3.4,9.05,1.5,0,CIB,Debit,,Yes,No,Single,High School,Unemployed,Mortgage,0,false,false,false,false,false
Client_514,53,2,23,6,51,46.6,2.15,0.66,0,Mastercard,Credit,,Yes,No,Single,Bachelors,Employed,Rent,0,false,true,false,false,true
Client_515,29,4,20,10,163,34.2,9.7,13.73,0,Visa,Credit,,Yes,No,Married,PhD,Employed,Own,0,false,true,false,false,true
Client_516,24,4,14,21,46,21.8,8.75,10.73,0,Visa,Debit,,Yes,No,Married,High School,Employed,Mortgage,0,true,true,true,true,true
Client_517,56,4,30,1,41,43.5,9.58,6.2,0,Mastercard,Credit,,Yes,No,Divorced,PhD,Self-Employed,Rent,0,true,false,true,false,true
Client_518,26,2,4,8,188,14.8,7.97,3.37,0,Visa,Debit,,Yes,No,Single,PhD,Unemployed,Own,0,false,true,true,false,true
Client_519,49,3,6,6,113,7.5,0.13,3.96,0,Visa,Debit,,Yes,No,Single,High School,Employed,Mortgage,0,false,true,false,false,true
Client_520,26,1,23,10,72,9.7,1.81,9.31,0,Visa,Credit,,Yes,No,Single,Bachelors,Employed,Own,0,false,false,true,false,true
Client_521,58,4,3,6,60,11.6,2.55,10.15,1,Mastercard,Credit,,Yes,No,Divorced,High School,Unemployed,Rent,0,false,false,true,false,false
Client_522,31,3,8,17,97,29.2,9.08,9.34,0,Mastercard,Credit,,Yes,No,Married,Masters,Self-Employed,Mortgage,0,false,true,true,false,false
Client_523,39,2,39,23,161,26.2,7.21,12.5,0,Visa,Credit,,Yes,No,Married,PhD,Employed,Mortgage,0,true,false,false,true,false
Client_524,22,1,28,1,38,12.5,8.05,12.5,0,CIB,Debit,,Yes,No,Single,PhD,Unemployed,Rent,0,false,false,true,true,true
Client_525,46,3,3,27,158,4.6,3.09,2.09,0,CIB,Credit,,Yes,No,Married,Masters,Self-Employed,Own,0,false,true,true,true,false
Client_526,30,4,22,23,175,22.7,1.02,12.46,0,Visa,Debit,,Yes,No,Married,Bachelors,Unemployed,Own,0,true,false,true,false,true
Client_527,28,2,27,12,174,12.9,4.08,3.9,0,CIB,Credit,,Yes,No,Divorced,Bachelors,Employed,Mortgage,0,false,false,false,true,true
Client_528,47,4,10,3,77,49.4,0.36,1.98,1,Mastercard,Credit,,Yes,No,Divorced,PhD,Unemployed,Own,0,true,true,true,true,true
Client_529,36,2,20,21,134,38.1,5.55,10.15,0,Visa,Debit,,No,No,Married,Bachelors,Unemployed,Own,0,true,false,false,false,false
Client_530,20,3,38,11,69,19.6,5.61,11.99,0,CIB,Debit,,Yes,No,Single,Bachelors,Unemployed,Mortgage,0,false,false,true,true,false
Client_531,37,4,12,0,171,13.6,5.81,9.02,0,CIB,Debit,,Yes,No,Single,High School,Unemployed,Rent,0,true,true,false,false,false
Client_532,44,1,9,22,103,29.3,1.12,9.83,0,Mastercard,Debit,,Yes,No,Divorced,Bachelors,Self-Employed,Mortgage,0,true,true,false,true,false
Client_533,42,3,13,18,127,11.6,9.73,3.26,0,CIB,Debit,,Yes,No,Divorced,PhD,Unemployed,Rent,0,false,false,true,false,false
Client_534,49,3,27,26,96,44.5,9.59,1.68,0,Mastercard,Credit,,No,No,Married,Masters,Unemployed,Own,0,false,false,true,false,true
Client_535,38,3,11,23,197,8.5,8.5,11.2,0,CIB,Debit,,Yes,No,Divorced,Bachelors,Unemployed,Mortgage,0,false,true,true,true,true
Client_536,49,1,4,6,194,22.3,7.58,14.26,0,Mastercard,Credit,,Yes,No,Single,High School,Employed,Own,0,false,false,true,false,false
Client_537,29,2,2,3,87,39.9,9.97,0.4,0,Mastercard,Debit,,Yes,No,Married,PhD,Self-Employed,Own,0,true,true,true,false,false
Client_538,62,1,17,16,124,43.3,2.6,1.79,0,Visa,Credit,,Yes,No,Single,Masters,Unemployed,Mortgage,0,false,false,true,false,false
Client_539,45,4,39,5,112,21.6,4.77,10.05,0,CIB,Credit,,Yes,No,Divorced,Masters,Unemployed,Mortgage,0,true,true,false,false,true
Client_540,48,3,32,2,181,9.2,7.45,2.88,0,Visa,Credit,,Yes,No,Married,High School,Self-Employed,Own,0,true,true,false,false,true
Client_541,59,2,2,1,136,0.1,7.16,0.84,0,Visa,Debit,,Yes,No,Divorced,PhD,Self-Employed,Own,0,true,true,true,true,false
Client_542,40,3,30,0,158,21.9,5.87,8.37,0,Visa,Credit,,Yes,No,Married,Bachelors,Unemployed,Own,0,true,false,true,false,true
Client_543,29,4,7,10,84,0.9,6.55,12.29,0,Mastercard,Debit,,Yes,No,Divorced,High School,Employed,Own,0,true,true,false,false,true
Client_544,32,1,9,24,170,22.8,8.83,10.04,0,Visa,Debit,,Yes,No,Single,PhD,Employed,Rent,0,true,false,true,false,false
Client_545,33,1,0,15,169,2.6,6.11,9.86,0,Visa,Debit,,Yes,No,Divorced,Bachelors,Self-Employed,Mortgage,0,true,false,false,true,true
Client_546,52,3,6,3,182,30.4,5.43,10.96,0,CIB,Debit,,Yes,No,Single,Masters,Unemployed,Rent,0,false,true,true,true,true
Client_547,42,2,24,1,58,15.7,6.93,7.33,0,CIB,Credit,,Yes,No,Single,Masters,Self-Employed,Rent,0,true,true,false,false,true
Client_548,43,3,28,14,125,7.9,4.72,7.39,0,Visa,Debit,,Yes,No,Married,PhD,Employed,Mortgage,0,true,false,true,false,false
Client_549,60,4,13,4,55,1.3,4.95,4.25,0,CIB,Credit,,Yes,No,Married,High School,Unemployed,Own,0,false,false,true,true,true
Client_550,42,4,20,0,159,38.9,2.33,5.33,0,Mastercard,Credit,,Yes,No,Divorced,Bachelors,Self-Employed,Rent,0,false,true,false,true,false
Client_551,31,4,6,26,97,37.1,3.61,10.36,0,Mastercard,Debit,,Yes,No,Single,High School,Employed,Own,0,true,true,true,true,false
Client_552,58,4,38,6,192,2.6,6.44,7.22,0,CIB,Debit,,Yes,No,Single,PhD,Unemployed,Rent,0,true,false,true,false,true
Client_553,61,3,16,18,102,47.1,0.99,9.25,0,CIB,Credit,,Yes,No,Divorced,PhD,Self-Employed,Own,0,true,false,true,true,true
Client_554,54,3,25,12,52,5.2,9.29,2.81,0,CIB,Debit,,Yes,No,Single,Bachelors,Unemployed,Own,0,true,true,false,true,false
Client_555,21,1,33,4,116,40.9,2.06,3.81,0,Visa,Debit,,Yes,No,Married,Masters,Unemployed,Own,0,false,false,true,true,false
Client_556,29,1,7,17,184,11.0,0.19,1.86,0,CIB,Credit,,Yes,No,Married,High School,Self-Employed,Own,0,true,false,false,false,false
Client_557,63,2,0,23,107,46.1,1.3,9.97,0,Visa,Credit,,Yes,No,Divorced,Masters,Unemployed,Own,0,false,true,false,true,true
Client_558,24,1,24,20,71,3.2,7.2,10.83,0,CIB,Debit,,Yes,No,Divorced,High School,Self-Employed,Own,0,false,false,true,false,true
Client_559,31,1,13,2,98,44.4,5.62,7.55,0,CIB,Debit,,Yes,Yes,Single,Bachelors,Employed,Own,0,false,true,false,true,false
Client_560,29,4,32,6,180,40.8,8.7,2.04,0,Mastercard,Credit,,No,No,Single,Bachelors,Employed,Mortgage,0,false,true,true,false,true
Client_561,30,2,26,2,97,10.5,6.62,5.72,0,CIB,Debit,,Yes,No,Divorced,High School,Self-Employed,Rent,0,false,true,true,true,true
Client_562,46,1,12,19,98,28.7,1.64,10.85,0,CIB,Credit,,Yes,No,Married,High School,Unemployed,Mortgage,0,true,true,false,true,false
Client_563,48,1,0,23,122,38.2,3.38,13.39,1,Visa,Credit,,Yes,No,Married,Bachelors,Unemployed,Own,0,true,false,true,false,false
Client_564,27,3,10,5,89,40.0,8.97,12.51,0,CIB,Credit,,Yes,No,Married,High School,Self-Employed,Rent,0,true,false,true,false,false
Client_565,50,4,0,24,136,9.2,0.34,1.0,0,Mastercard,Credit,,No,No,Divorced,High School,Employed,Mortgage,0,true,true,false,false,false
Client_566,28,3,35,1,150,6.9,7.96,12.14,1,Visa,Debit,,Yes,No,Single,Bachelors,Unemployed,Mortgage,0,true,false,true,false,false
Client_567,55,1,4,15,99,22.0,1.61,11.68,0,Visa,Debit,,Yes,No,Divorced,Bachelors,Unemployed,Mortgage,0,true,true,true,false,true
Client_568,37,1,37,14,46,33.0,4.34,1.15,0,Visa,Credit,,Yes,No,Single,Bachelors,Employed,Own,0,true,true,true,false,false
Client_569,55,2,31,3,88,17.2,0.68,12.32,0,Mastercard,Debit,,Yes,No,Married,PhD,Unemployed,Mortgage,0,false,true,false,false,false
Client_570,50,1,30,28,158,17.4,5.71,8.94,0,Mastercard,Debit,,Yes,No,Divorced,High School,Self-Employed,Own,0,false,false,true,false,false
Client_571,48,2,31,18,188,12.0,8.82,13.24,0,CIB,Debit,,Yes,No,Divorced,Masters,Employed,Own,0,true,true,false,false,false
Client_572,32,2,1,18,102,30.1,6.57,11.03,0,CIB,Credit,,Yes,No,Single,Bachelors,Unemployed,Mortgage,0,true,false,false,false,true
Client_573,51,4,39,22,173,1.3,4.97,14.44,0,CIB,Debit,,Yes,No,Single,Masters,Employed,Rent,0,true,true,false,false,false
Client_574,37,3,4,13,43,4.4,4.41,12.65,0,Visa,Debit,,Yes,No,Married,PhD,Employed,Mortgage,0,false,true,false,false,false
Client_575,39,3,31,19,186,42.4,9.16,13.63,0,Visa,Credit,,Yes,No,Married,Masters,Employed,Rent,0,true,false,true,false,true
Client_576,28,1,23,28,96,29.6,8.71,14.92,0,Visa,Debit,,Yes,No,Married,Bachelors,Self-Employed,Rent,0,false,false,true,true,false
Client_577,43,3,3,12,116,9.9,9.55,2.52,0,Mastercard,Debit,,Yes,No,Married,Bachelors,Employed,Own,0,false,false,true,false,true
Client_578,62,1,11,16,192,10.4,2.04,2.77,0,Mastercard,Credit,,Yes,No,Divorced,High School,Self-Employed,Rent,0,false,true,false,true,true
Client_579,30,2,35,19,127,6.9,2.62,9.17,0,Mastercard,Credit,,Yes,No,Single,Masters,Employed,Own,0,false,false,true,true,false
Client_580,24,2,19,0,53,7.3,1.33,5.4,0,Visa,Credit,,Yes,No,Single,PhD,Unemployed,Own,0,true,false,true,false,false
Client_581,48,3,16,26,194,31.0,8.71,5.34,0,CIB,Credit,,Yes,No,Single,High School,Employed,Mortgage,0,true,false,false,false,true
Client_582,21,4,0,23,172,47.5,0.22,3.19,0,Mastercard,Debit,,Yes,No,Single,Masters,Unemployed,Rent,0,false,false,false,true,false
Client_583,28,1,2,20,135,5.0,8.26,5.33,0,Visa,Debit,,Yes,No,Single,Masters,Unemployed,Own,0,false,false,true,false,true
Client_584,20,2,31,25,61,46.9,1.74,2.32,0,Visa,Credit,,Yes,No,Married,PhD,Unemployed,Own,0,true,true,true,true,true
Client_585,40,2,0,5,90,37.6,2.36,9.23,0,CIB,Debit,,Yes,No,Divorced,Masters,Self-Employed,Own,1,true,false,false,true,true
Client_586,54,3,22,15,93,9.6,4.03,13.87,0,Mastercard,Credit,,Yes,No,Single,Bachelors,Unemployed,Rent,0,true,false,true,false,false
Client_587,59,2,4,1,80,36.9,0.93,0.7,1,CIB,Credit,,Yes,No,Divorced,Bachelors,Unemployed,Rent,0,true,true,true,false,true
Client_588,57,2,38,29,52,49.0,7.6,6.36,1,Visa,Debit,,Yes,No,Single,PhD,Unemployed,Rent,0,true,false,false,false,true
Client_589,29,4,12,27,56,27.6,4.08,4.27,0,Mastercard,Credit,,No,No,Divorced,PhD,Self-Employed,Rent,0,true,true,false,false,true
Client_590,49,3,9,21,135,14.3,6.18,14.08,0,Visa,Debit,,Yes,No,Divorced,Masters,Self-Employed,Rent,0,false,true,false,true,true
Client_591,60,1,16,2,157,41.1,3.13,13.72,0,Mastercard,Credit,,Yes,No,Single,High School,Employed,Own,0,false,true,false,false,false
Client_592,28,4,35,21,56,19.4,0.43,1.34,0,Visa,Credit,,Yes,No,Married,PhD,Unemployed,Mortgage,0,true,false,false,false,true
Client_593,24,4,2,13,190,18.2,1.24,2.86,1,Mastercard,Credit,,Yes,No,Divorced,High School,Self-Employed,Rent,0,true,false,true,true,true
Client_594,40,3,32,6,146,24.6,1.98,7.08,0,CIB,Credit,,Yes,No,Married,Masters,Employed,Rent,0,true,true,true,false,false
Client_595,50,1,9,6,50,47.4,7.78,8.17,0,Visa,Debit,,Yes,No,Divorced,Bachelors,Self-Employed,Rent,0,true,true,false,true,false
Client_596,61,1,16,27,38,3.8,6.5,12.21,0,CIB,Credit,,Yes,No,Married,Masters,Employed,Rent,0,false,false,false,false,true
Client_597,58,4,29,14,86,48.9,9.07,12.67,0,Mastercard,Credit,,Yes,No,Single,Masters,Self-Employed,Own,0,true,true,true,true,true
Client_598,24,3,15,27,39,33.0,7.22,12.73,0,CIB,Credit,,Yes,Yes,Single,PhD,Self-Employed,Rent,0,true,false,false,true,false
Client_599,63,4,15,2,195,10.1,5.31,6.09,0,CIB,Credit,,Yes,No,Married,Bachelors,Employed,Rent,0,false,false,false,true,false
Client_600,44,1,24,26,84,1.4,5.36,1.87,0,Mastercard,Debit,,Yes,No,Divorced,High School,Employed,Mortgage,0,false,false,false,false,false
Client_601,60,4,28,20,192,25.4,5.82,4.37,1,CIB,Debit,,Yes,No,Divorced,High School,Self-Employed,Rent,0,true,false,true,true,false
Client_602,63,3,3,14,32,30.8,2.86,3.57,0,Mastercard,Debit,,Yes,No,Married,High School,Unemployed,Mortgage,0,false,true,false,true,false
Client_603,43,3,26,15,50,13.0,9.65,8.1,0,Mastercard,Debit,,Yes,No,Divorced,PhD,Unemployed,Rent,0,true,false,true,true,false
Client_604,23,3,19,2,31,30.9,3.93,1.55,0,Visa,Debit,,Yes,No,Single,Bachelors,Self-Employed,Own,0,false,true,false,true,false
Client_605,52,4,38,7,152,48.1,6.68,1.8,0,Visa,Credit,,Yes,No,Single,High School,Self-Employed,Rent,0,true,true,false,false,false
Client_606,43,3,30,25,52,23.7,7.28,11.81,0,Visa,Credit,,Yes,No,Divorced,PhD,Unemployed,Own,0,false,false,true,true,false
Client_607,61,2,6,26,140,42.5,5.84,1.69,0,Mastercard,Credit,,Yes,No,Single,PhD,Unemployed,Mortgage,0,false,false,true,true,false
Client_608,56,3,31,5,99,7.4,7.83,6.68,0,CIB,Credit,,Yes,No,Single,Masters,Unemployed,Rent,0,false,false,true,true,true
Client_609,49,1,22,11,184,8.1,0.88,8.95,0,Visa,Credit,,Yes,No,Divorced,PhD,Employed,Own,0,false,true,false,false,false
Client_610,42,3,14,9,194,30.3,7.56,2.24,0,CIB,Credit,,Yes,No,Married,Masters,Employed,Rent,0,false,true,false,false,true
Client_611,62,1,33,27,30,4.7,7.76,10.88,0,Mastercard,Debit,,Yes,No,Divorced,Bachelors,Employed,Own,0,false,false,false,true,false
Client_612,41,3,26,23,69,4.0,2.15,6.66,0,Visa,Credit,,Yes,No,Married,Masters,Unemployed,Own,0,false,true,false,true,false
Client_613,46,2,31,1,141,4.4,5.95,8.79,0,Visa,Credit,,Yes,No,Married,High School,Unemployed,Own,0,true,false,false,true,false
Client_614,31,3,35,6,119,13.0,4.69,12.0,0,Mastercard,Credit,,Yes,No,Married,Masters,Self-Employed,Rent,0,true,false,false,true,false
Client_615,54,1,2,29,114,43.8,9.34,14.78,1,Mastercard,Debit,,Yes,No,Single,High School,Self-Employed,Mortgage,0,true,true,true,false,false
Client_616,63,1,5,4,99,21.0,0.23,2.62,1,CIB,Debit,,Yes,No,Single,High School,Unemployed,Own,0,false,true,false,false,true
Client_617,35,3,31,28,159,36.0,7.31,8.89,1,CIB,Credit,,Yes,No,Married,PhD,Self-Employed,Rent,0,true,false,false,false,false
Client_618,36,2,24,29,105,42.3,9.05,12.4,0,Mastercard,Credit,,Yes,No,Married,High School,Employed,Own,0,true,false,false,false,true
Client_619,30,1,2,20,45,26.0,9.22,13.97,0,Mastercard,Debit,,Yes,No,Married,Masters,Self-Employed,Rent,0,false,true,true,true,false
Client_620,24,3,13,10,111,8.6,4.23,12.17,0,Visa,Debit,,Yes,No,Married,PhD,Unemployed,Rent,0,false,true,false,true,true
Client_621,51,3,30,29,64,48.4,2.63,3.11,0,CIB,Debit,,Yes,No,Single,Bachelors,Self-Employed,Own,0,true,false,true,true,false
Client_622,54,2,24,20,152,46.4,0.46,11.69,0,Mastercard,Debit,,Yes,No,Married,PhD,Employed,Mortgage,0,false,false,true,false,false
Client_623,28,4,23,8,78,38.1,9.62,13.62,0,Mastercard,Debit,,Yes,No,Divorced,Masters,Unemployed,Rent,0,false,true,false,false,false
Client_624,25,1,32,26,165,36.7,8.66,7.6,0,CIB,Credit,,Yes,Yes,Married,Bachelors,Unemployed,Own,0,true,true,true,true,false
Client_625,50,1,10,21,98,20.5,6.47,14.17,0,CIB,Debit,,Yes,No,Single,Masters,Self-Employed,Mortgage,0,true,false,true,true,true
Client_626,40,3,33,10,136,42.6,5.54,4.5,1,CIB,Debit,,Yes,No,Single,PhD,Employed,Rent,0,true,true,false,false,true
Client_627,43,4,28,22,82,25.2,9.5,2.01,0,CIB,Credit,,Yes,No,Single,Bachelors,Self-Employed,Mortgage,0,true,false,true,false,true
Client_628,27,2,5,6,158,35.0,0.17,3.91,0,CIB,Credit,,Yes,No,Divorced,High School,Self-Employed,Mortgage,0,true,true,true,false,false
Client_629,42,3,29,17,43,15.9,0.23,12.31,0,Visa,Credit,,Yes,No,Married,Masters,Self-Employed,Own,0,false,false,true,true,true
Client_630,37,2,26,28,93,0.8,9.71,13.72,0,CIB,Debit,,Yes,No,Divorced,High School,Unemployed,Mortgage,0,true,false,false,false,false
Client_631,63,1,21,22,99,20.6,1.17,11.6,0,CIB,Debit,,Yes,No,Married,PhD,Self-Employed,Own,0,true,true,false,false,false
Client_632,20,4,26,22,174,32.9,0.58,9.7,0,CIB,Credit,,Yes,No,Divorced,Bachelors,Unemployed,Rent,0,false,true,true,false,true
Client_633,27,3,8,15,144,13.8,9.43,5.6,0,CIB,Credit,,Yes,No,Divorced,Masters,Self-Employed,Own,0,false,false,false,false,true
Client_634,61,2,8,13,73,34.9,2.38,7.54,0,CIB,Credit,,Yes,No,Single,Masters,Self-Employed,Own,0,true,false,false,false,false
Client_635,49,2,39,7,63,12.1,4.83,4.55,0,Mastercard,Debit,,Yes,No,Married,High School,Unemployed,Own,0,false,false,true,true,false
Client_636,50,4,17,10,52,12.5,0.51,8.01,0,Visa,Credit,,Yes,No,Single,PhD,Self-Employed,Rent,0,false,true,false,true,true
Client_637,31,1,14,7,64,25.9,2.99,10.52,0,CIB,Debit,,Yes,No,Single,PhD,Employed,Mortgage,0,false,false,true,false,true
Client_638,25,3,22,13,104,40.0,2.44,5.65,0,CIB,Credit,,Yes,No,Divorced,PhD,Self-Employed,Mortgage,0,false,false,false,true,true
Client_639,22,3,23,18,199,31.7,4.77,14.82,0,Visa,Credit,,Yes,No,Single,Bachelors,Unemployed,Own,0,false,true,true,false,true
Client_640,60,2,25,23,165,36.9,8.32,6.56,0,Visa,Debit,,Yes,No,Single,Masters,Employed,Rent,0,true,true,true,true,true
Client_641,28,2,19,23,33,25.3,4.64,14.61,0,Mastercard,Debit,,Yes,No,Divorced,Bachelors,Employed,Rent,0,false,false,false,false,true
Client_642,64,3,20,21,30,49.6,4.54,0.66,0,Visa,Debit,,Yes,No,Divorced,PhD,Self-Employed,Own,0,true,true,true,false,true
Client_643,51,4,17,5,186,9.4,6.28,8.1,0,Visa,Credit,,Yes,No,Married,Masters,Self-Employed,Own,0,false,false,false,false,false
Client_644,41,1,25,18,95,27.3,9.87,6.66,0,Mastercard,Debit,,Yes,No,Married,Masters,Self-Employed,Mortgage,0,true,false,false,true,false
Client_645,58,4,21,19,93,28.1,2.42,11.91,0,CIB,Debit,,Yes,No,Divorced,Masters,Employed,Mortgage,0,false,true,false,false,false
Client_646,37,2,36,0,50,45.5,6.25,5.72,0,CIB,Debit,,Yes,No,Divorced,Masters,Unemployed,Own,0,false,false,false,false,true
Client_647,42,2,33,17,71,16.2,7.95,4.47,0,Visa,Debit,,Yes,No,Married,High School,Self-Employed,Own,0,false,true,false,false,false
Client_648,57,2,5,22,79,21.3,6.21,3.42,0,CIB,Debit,,Yes,No,Married,PhD,Unemployed,Rent,0,true,true,true,true,false
Client_649,44,3,17,11,137,49.9,1.8,13.91,1,CIB,Credit,,Yes,No,Divorced,High School,Self-Employed,Mortgage,0,true,false,false,false,false
Client_650,48,1,9,8,120,45.8,3.44,4.19,0,Visa,Credit,,Yes,No,Married,Bachelors,Self-Employed,Own,0,false,true,false,true,true
Client_651,44,1,36,26,90,19.3,2.34,12.11,0,Visa,Credit,,Yes,No,Single,Bachelors,Employed,Rent,0,true,true,true,true,true
Client_652,44,1,4,24,113,17.9,3.36,4.88,0,CIB,Credit,,Yes,Yes,Single,PhD,Employed,Mortgage,0,true,false,false,false,true
Client_653,51,3,19,7,170,43.6,1.52,3.67,0,Visa,Credit,,Yes,No,Married,Bachelors,Self-Employed,Own,0,true,true,true,false,true
Client_654,24,3,23,1,116,2.1,1.65,11.01,0,CIB,Debit,,Yes,No,Married,Masters,Self-Employed,Mortgage,0,false,false,false,true,false
Client_655,31,2,36,6,98,6.6,1.48,5.38,0,Mastercard,Debit,,Yes,No,Divorced,Masters,Employed,Rent,0,true,true,false,true,true
Client_656,30,1,20,5,181,13.8,6.83,1.5,0,Mastercard,Credit,,Yes,No,Married,PhD,Unemployed,Own,0,false,false,true,false,true
Client_657,51,3,31,10,112,39.0,9.41,13.53,0,CIB,Debit,,Yes,No,Single,PhD,Self-Employed,Rent,0,true,false,true,true,false
Client_658,40,2,21,7,32,44.5,2.02,14.68,0,Visa,Debit,,Yes,No,Divorced,Masters,Employed,Own,0,false,false,false,false,true
Client_659,52,2,3,24,90,24.3,8.66,10.87,0,CIB,Debit,,Yes,No,Married,High School,Unemployed,Mortgage,0,true,true,false,true,true
Client_660,49,3,10,3,176,36.7,4.69,2.95,0,Visa,Credit,,Yes,No,Divorced,High School,Employed,Own,0,true,false,false,false,false
Client_661,41,3,17,28,130,46.0,8.93,3.2,0,Mastercard,Debit,,Yes,No,Divorced,PhD,Unemployed,Own,0,false,true,false,false,false
Client_662,53,4,18,24,179,24.6,5.65,5.1,0,Mastercard,Credit,,Yes,No,Divorced,Masters,Unemployed,Rent,0,false,true,true,false,true
Client_663,56,1,32,25,189,36.9,2.61,0.36,0,Visa,Credit,,Yes,No,Married,PhD,Unemployed,Mortgage,0,false,true,true,true,true
Client_664,38,3,21,25,31,29.3,3.23,9.06,0,Visa,Debit,,Yes,No,Married,PhD,Employed,Rent,0,true,false,true,true,false
Client_665,25,2,5,24,169,34.9,0.0,11.61,0,Mastercard,Debit,,Yes,No,Married,Bachelors,Unemployed,Mortgage,0,true,true,true,true,false
Client_666,63,3,5,5,110,19.6,4.79,13.74,0,Visa,Credit,,No,No,Married,PhD,Self-Employed,Mortgage,0,false,false,false,false,false
Client_667,60,2,24,24,53,16.3,6.19,5.93,0,Mastercard,Debit,,Yes,No,Married,High School,Unemployed,Mortgage,0,false,false,true,false,true
Client_668,29,4,14,22,116,24.5,8.42,5.64,0,CIB,Credit,,Yes,No,Single,Masters,Employed,Mortgage,0,true,true,true,false,false
Client_669,57,2,33,14,139,42.9,5.23,14.87,0,Visa,Debit,,No,No,Single,PhD,Self-Employed,Rent,0,false,false,false,false,false
Client_670,34,2,26,28,127,39.2,3.18,11.71,0,Visa,Credit,,Yes,No,Single,Masters,Unemployed,Own,0,true,false,true,false,false
Client_671,39,2,1,13,197,9.0,8.86,5.62,0,Visa,Credit,,Yes,No,Married,High School,Employed,Mortgage,0,true,true,true,true,false
Client_672,33,4,9,0,198,21.5,7.43,4.66,0,Visa,Credit,,Yes,Yes,Single,High School,Self-Employed,Mortgage,0,false,true,false,false,true
Client_673,26,1,39,0,148,29.0,2.11,0.07,0,Mastercard,Credit,,Yes,No,Married,High School,Unemployed,Own,0,true,true,false,false,true
Client_674,47,4,11,3,54,13.3,3.37,14.18,0,Visa,Debit,,Yes,No,Married,PhD,Self-Employed,Own,0,true,true,true,true,false
Client_675,20,3,9,8,84,31.2,6.13,8.21,0,Visa,Debit,,Yes,No,Single,Masters,Self-Employed,Rent,0,false,true,true,false,false
Client_676,23,4,6,21,108,35.9,9.32,7.15,0,Mastercard,Debit,,Yes,No,Married,Bachelors,Unemployed,Mortgage,0,false,true,true,false,false
Client_677,28,3,24,7,149,29.8,9.69,14.66,0,Mastercard,Credit,,Yes,No,Divorced,Bachelors,Unemployed,Rent,0,false,false,true,true,true
Client_678,58,3,17,2,46,14.2,8.9,3.51,0,Visa,Credit,,Yes,No,Divorced,PhD,Self-Employed,Mortgage,0,true,true,false,false,true
Client_679,49,4,30,10,32,31.9,7.28,4.73,0,Mastercard,Credit,,Yes,No,Married,PhD,Unemployed,Rent,0,false,false,false,false,true
Client_680,47,3,35,21,190,8.0,1.47,5.09,0,Mastercard,Credit,,Yes,Yes,Divorced,High School,Unemployed,Own,0,false,false,true,true,false
Client_681,53,1,35,1,136,11.8,1.99,2.9,0,CIB,Credit,,Yes,No,Divorced,Masters,Unemployed,Rent,0,false,false,false,false,true
Client_682,37,4,21,2,42,38.1,2.89,6.49,0,CIB,Debit,,Yes,No,Single,High School,Employed,Mortgage,0,true,true,false,false,false
Client_683,38,1,35,10,143,27.1,2.95,14.88,0,Visa,Credit,,Yes,No,Single,Bachelors,Unemployed,Mortgage,0,true,false,true,true,false
Client_684,30,3,6,6,77,46.6,9.77,14.02,0,Mastercard,Debit,,Yes,No,Married,Masters,Self-Employed,Mortgage,0,false,true,false,true,true
Client_685,22,3,27,23,32,7.6,5.67,11.49,1,CIB,Debit,,Yes,No,Single,High School,Self-Employed,Rent,0,true,false,true,true,true
Client_686,48,4,11,15,189,19.8,6.25,0.62,0,Visa,Credit,,Yes,No,Single,Bachelors,Self-Employed,Rent,0,false,false,false,false,false
Client_687,42,1,35,25,173,17.3,8.04,14.78,0,Mastercard,Credit,,Yes,No,Single,PhD,Unemployed,Mortgage,0,true,false,true,false,false
Client_688,38,4,23,26,50,3.4,6.51,10.41,0,CIB,Credit,,Yes,No,Divorced,High School,Unemployed,Own,0,true,true,true,false,false
Client_689,61,2,28,28,77,6.9,8.41,4.98,0,Visa,Credit,,Yes,Yes,Single,Masters,Self-Employed,Own,0,true,true,true,true,true
Client_690,30,2,23,27,107,26.0,4.5,0.49,0,CIB,Credit,,Yes,No,Divorced,PhD,Unemployed,Mortgage,0,true,false,true,true,false
Client_691,25,4,15,8,78,18.5,3.26,5.24,0,Visa,Credit,,Yes,No,Single,Bachelors,Employed,Rent,0,false,true,true,false,false
Client_692,59,2,12,4,142,19.8,1.88,6.03,0,Mastercard,Debit,,Yes,No,Single,PhD,Unemployed,Mortgage,0,false,false,false,false,true
Client_693,45,4,29,23,190,27.2,5.7,4.76,0,Visa,Credit,,Yes,Yes,Single,PhD,Unemployed,Own,0,true,false,false,true,true
Client_694,45,1,34,27,120,5.1,3.89,14.03,0,Visa,Debit,,Yes,No,Single,High School,Self-Employed,Own,0,true,false,false,true,false
Client_695,41,3,33,14,70,47.5,3.54,13.63,0,Visa,Credit,,Yes,No,Single,Bachelors,Self-Employed,Own,0,true,true,false,false,false
Client_696,42,4,23,4,43,29.3,4.11,1.41,0,Visa,Debit,,Yes,No,Divorced,PhD,Unemployed,Own,0,false,true,false,false,true
Client_697,57,1,31,11,146,13.5,9.65,6.19,0,Visa,Debit,,Yes,No,Single,High School,Employed,Mortgage,0,true,false,true,true,false
Client_698,46,3,23,27,148,6.2,4.96,14.86,0,Mastercard,Debit,,Yes,No,Single,Masters,Unemployed,Own,0,true,false,true,true,false
Client_699,47,2,9,19,59,22.5,8.81,10.72,1,Visa,Credit,,Yes,No,Married,Masters,Self-Employed,Rent,0,true,false,false,true,true
Client_700,44,2,17,2,102,23.1,2.7,9.34,1,Visa,Debit,,Yes,No,Divorced,Masters,Employed,Own,0,false,true,true,false,false
Client_701,52,1,18,7,140,25.5,7.38,1.51,1,CIB,Credit,,Yes,No,Single,PhD,Self-Employed,Rent,0,false,true,true,true,false
Client_702,46,3,4,21,176,5.0,2.01,1.56,0,CIB,Debit,,Yes,No,Single,Masters,Employed,Own,0,true,false,false,false,true
Client_703,64,1,20,21,107,6.3,5.96,3.01,0,CIB,Debit,,Yes,No,Married,High School,Self-Employed,Rent,0,true,false,false,false,false
Client_704,26,4,37,11,52,31.5,4.64,2.48,0,Mastercard,Debit,,Yes,No,Married,Bachelors,Self-Employed,Mortgage,0,false,true,true,true,false
Client_705,20,1,3,9,103,28.2,1.07,1.2,0,Mastercard,Debit,,Yes,No,Divorced,Bachelors,Employed,Mortgage,0,false,true,true,false,true
Client_706,59,4,38,24,150,43.3,4.77,13.98,0,CIB,Credit,,Yes,No,Divorced,Bachelors,Employed,Mortgage,0,false,true,true,true,false
Client_707,32,2,30,4,67,13.3,2.15,7.04,0,Mastercard,Credit,,Yes,No,Married,Bachelors,Unemployed,Rent,0,false,true,true,false,true
Client_708,51,3,12,16,90,38.0,7.43,2.55,0,Mastercard,Credit,,Yes,No,Divorced,Bachelors,Employed,Own,1,true,true,false,false,false
Client_709,33,3,23,4,35,26.3,7.52,0.57,0,CIB,Debit,,No,No,Divorced,PhD,Unemployed,Own,0,false,true,true,false,false
Client_710,56,4,27,3,59,14.2,0.75,6.74,0,Visa,Debit,,Yes,Yes,Married,High School,Employed,Own,1,false,false,true,false,true
Client_711,59,1,20,20,199,5.9,5.43,11.24,0,CIB,Credit,,Yes,No,Married,Masters,Self-Employed,Own,0,true,false,false,false,true
Client_712,52,1,24,5,122,41.3,2.64,9.35,0,CIB,Credit,,Yes,No,Married,Bachelors,Self-Employed,Own,0,false,true,true,true,true
Client_713,62,3,16,13,131,17.2,3.23,2.71,0,Visa,Debit,,Yes,No,Single,High School,Unemployed,Own,0,true,false,true,true,false
Client_714,59,4,4,12,126,9.2,1.22,4.34,0,Visa,Debit,,Yes,No,Married,Masters,Employed,Rent,0,false,false,true,true,false
Client_715,56,1,15,16,37,1.3,5.97,1.12,0,Mastercard,Credit,,Yes,No,Divorced,Masters,Unemployed,Mortgage,0,true,false,false,false,false
Client_716,28,3,27,18,103,9.6,8.14,8.45,1,CIB,Credit,,Yes,No,Single,PhD,Employed,Rent,0,false,true,true,false,false
Client_717,30,2,25,27,67,41.8,7.89,3.23,1,CIB,Credit,,Yes,No,Single,High School,Employed,Mortgage,0,false,true,false,false,false
Client_718,32,3,11,18,168,11.7,8.83,10.58,0,Visa,Credit,,Yes,No,Single,Masters,Employed,Own,0,false,true,true,true,false
Client_719,61,2,0,13,105,3.6,7.56,13.01,0,Mastercard,Debit,,Yes,No,Single,PhD,Unemployed,Own,0,true,false,false,false,true
Client_720,36,4,13,17,126,20.2,4.13,3.29,0,CIB,Debit,,Yes,No,Divorced,High School,Employed,Rent,0,false,true,true,true,false
Client_721,39,4,21,6,31,27.0,8.22,7.73,0,CIB,Debit,,Yes,No,Divorced,High School,Unemployed,Rent,0,true,true,false,false,false
Client_722,35,3,0,22,178,18.3,7.55,1.45,0,Mastercard,Debit,,Yes,No,Single,PhD,Employed,Rent,0,false,true,false,true,false
Client_723,27,2,16,3,134,3.2,9.46,0.19,0,CIB,Credit,,Yes,No,Married,High School,Unemployed,Own,0,true,true,false,true,false
Client_724,26,2,8,25,39,21.0,2.29,5.93,0,Mastercard,Credit,,Yes,No,Single,High School,Unemployed,Mortgage,0,true,true,true,true,true
Client_725,53,1,35,23,61,1.5,8.77,7.65,0,Mastercard,Debit,,Yes,No,Single,Masters,Self-Employed,Rent,0,true,false,false,true,false
Client_726,53,2,5,20,102,24.0,1.51,8.35,0,CIB,Credit,,Yes,No,Divorced,Bachelors,Self-Employed,Mortgage,0,false,true,true,false,false
Client_727,24,3,20,4,138,30.1,3.95,7.17,0,CIB,Credit,,Yes,No,Married,High School,Self-Employed,Own,0,false,true,true,false,true
Client_728,46,1,26,18,40,31.0,9.84,0.46,0,Mastercard,Credit,,Yes,No,Divorced,Masters,Employed,Rent,0,false,true,false,true,false
Client_729,64,1,6,20,52,37.0,2.09,1.33,1,Visa,Debit,,Yes,No,Single,High School,Self-Employed,Mortgage,0,false,false,false,false,true
Client_730,47,4,37,1,189,28.6,2.24,2.27,0,Mastercard,Credit,,Yes,No,Married,High School,Employed,Rent,0,true,false,false,true,true
Client_731,24,3,32,3,180,7.1,8.94,6.48,0,CIB,Credit,,Yes,No,Single,PhD,Employed,Mortgage,0,true,false,false,true,true
Client_732,36,2,10,7,86,5.8,4.21,12.84,0,Visa,Credit,,Yes,No,Married,PhD,Self-Employed,Mortgage,0,true,false,true,true,true
Client_733,41,3,27,29,128,1.1,0.73,12.49,0,Mastercard,Debit,,Yes,No,Married,PhD,Self-Employed,Mortgage,0,false,false,true,true,true
Client_734,35,2,16,5,41,0.9,8.69,2.58,0,Mastercard,Debit,,Yes,No,Single,High School,Employed,Own,0,true,true,false,true,true
Client_735,31,3,29,4,106,28.8,6.7,0.95,0,Mastercard,Debit,,Yes,No,Married,Masters,Self-Employed,Mortgage,0,false,false,false,false,true
Client_736,51,3,8,17,47,2.7,2.09,13.66,0,Mastercard,Debit,,Yes,No,Married,Bachelors,Unemployed,Rent,0,true,false,true,true,false
Client_737,31,4,34,12,62,23.3,1.49,12.01,1,Visa,Credit,,Yes,No,Divorced,Bachelors,Employed,Rent,0,false,false,true,false,true
Client_738,32,3,31,15,127,18.8,8.13,0.52,1,Mastercard,Debit,,Yes,No,Single,Masters,Unemployed,Own,0,false,false,false,true,true
Client_739,35,3,35,11,75,34.8,0.92,3.82,0,Visa,Debit,,Yes,No,Single,PhD,Self-Employed,Mortgage,0,false,true,false,true,true
Client_740,22,4,30,15,112,42.4,4.4,5.92,0,CIB,Debit,,Yes,No,Divorced,Bachelors,Unemployed,Rent,0,false,true,false,true,true
Client_741,51,4,39,29,64,24.2,2.08,6.44,0,CIB,Credit,,Yes,No,Married,PhD,Self-Employed,Rent,0,false,true,false,false,true
Client_742,36,4,5,10,144,19.6,4.46,10.13,1,Visa,Credit,,Yes,No,Divorced,Masters,Employed,Rent,0,false,false,false,true,false
Client_743,48,3,1,24,101,11.5,9.14,6.55,0,Mastercard,Debit,,Yes,No,Divorced,PhD,Self-Employed,Own,0,true,false,false,false,false
Client_744,47,4,11,14,197,21.9,2.62,0.44,0,Mastercard,Debit,,Yes,No,Married,Masters,Unemployed,Rent,0,false,true,false,true,false
Client_745,59,3,5,21,141,21.1,8.15,5.54,0,Visa,Debit,,Yes,No,Single,High School,Employed,Mortgage,0,true,true,true,false,true
Client_746,45,4,0,0,132,32.2,7.5,9.63,0,Mastercard,Credit,,Yes,No,Married,Bachelors,Unemployed,Own,0,false,false,false,true,true
Client_747,60,2,23,23,110,5.6,5.46,14.58,0,Mastercard,Debit,,Yes,No,Single,PhD,Self-Employed,Rent,0,false,false,true,true,true
Client_748,48,4,20,17,140,40.7,5.39,8.44,1,Visa,Credit,,Yes,No,Married,PhD,Self-Employed,Own,0,false,true,false,false,false
Client_749,32,4,14,10,56,5.2,4.71,12.44,0,Mastercard,Debit,,Yes,No,Married,Bachelors,Employed,Rent,0,true,true,true,false,false
Client_750,28,3,32,12,70,13.0,7.14,1.96,0,Visa,Credit,,Yes,No,Divorced,Masters,Employed,Rent,0,true,false,true,true,false
Client_751,25,2,30,25,112,34.6,3.29,11.3,0,Mastercard,Debit,,Yes,No,Single,High School,Unemployed,Mortgage,0,false,false,false,false,true
Client_752,47,3,7,14,86,1.5,9.36,8.9,0,CIB,Debit,,Yes,No,Divorced,Masters,Self-Employed,Mortgage,0,false,true,false,false,true
Client_753,46,2,36,3,172,16.8,0.49,12.26,0,Visa,Credit,,Yes,Yes,Divorced,Bachelors,Self-Employed,Own,0,true,false,true,false,false
Client_754,58,3,3,9,149,45.7,8.78,10.02,0,Visa,Credit,,Yes,No,Single,Masters,Unemployed,Own,0,true,false,false,true,true
Client_755,46,4,1,15,165,22.6,2.42,9.94,0,Visa,Debit,,Yes,Yes,Married,Masters,Unemployed,Mortgage,0,true,true,false,false,false
Client_756,62,2,28,20,109,10.1,6.38,0.08,0,Visa,Debit,,Yes,No,Single,Masters,Unemployed,Rent,0,true,false,true,true,true
Client_757,56,1,29,29,76,48.1,3.07,6.72,0,Mastercard,Debit,,Yes,No,Married,Bachelors,Employed,Rent,0,false,true,false,true,false
Client_758,26,4,20,9,56,19.0,2.69,8.58,0,CIB,Credit,,Yes,No,Single,High School,Unemployed,Rent,0,true,false,false,true,true
Client_759,61,1,0,8,96,30.3,6.61,8.48,0,Visa,Credit,,Yes,No,Divorced,Bachelors,Unemployed,Mortgage,0,true,false,false,true,false
Client_760,57,4,9,0,100,46.5,6.06,4.52,0,Mastercard,Debit,,Yes,No,Single,Masters,Unemployed,Rent,0,true,true,false,false,true
Client_761,46,2,38,23,149,47.0,8.73,1.6,0,Visa,Credit,,Yes,No,Divorced,PhD,Unemployed,Rent,0,false,false,true,true,true
Client_762,39,3,27,22,133,46.4,7.26,1.35,0,Visa,Credit,,Yes,No,Divorced,Masters,Self-Employed,Mortgage,0,false,true,false,false,true
Client_763,20,4,20,4,96,0.6,4.36,2.09,0,Visa,Debit,,Yes,No,Single,Masters,Self-Employed,Mortgage,0,true,true,true,false,true
Client_764,41,3,2,3,133,20.0,2.46,0.83,0,Visa,Debit,,No,No,Divorced,Bachelors,Self-Employed,Mortgage,0,false,true,true,true,false
Client_765,45,1,32,26,143,1.4,4.04,13.29,0,CIB,Debit,,Yes,No,Married,PhD,Employed,Rent,0,false,false,true,true,true
Client_766,53,1,28,9,95,16.3,9.0,7.21,0,Mastercard,Credit,,Yes,No,Married,Bachelors,Self-Employed,Own,0,true,true,false,true,true
Client_767,41,3,21,12,51,20.0,2.77,4.85,0,CIB,Debit,,No,No,Single,Bachelors,Unemployed,Own,0,false,true,true,false,true
Client_768,29,2,32,26,196,7.4,7.2,3.53,0,CIB,Debit,,Yes,No,Married,PhD,Employed,Rent,0,false,false,true,false,true
Client_769,29,2,21,0,140,41.5,9.7,7.47,0,Mastercard,Credit,,Yes,No,Single,High School,Employed,Mortgage,0,true,false,true,true,false
Client_770,50,2,27,3,75,7.7,2.23,3.12,0,Mastercard,Credit,,Yes,No,Married,Bachelors,Unemployed,Rent,0,false,true,false,false,true
Client_771,51,3,2,1,102,43.7,4.55,13.58,0,Mastercard,Debit,,Yes,No,Single,Masters,Employed,Mortgage,0,true,true,false,false,true
Client_772,26,3,28,24,75,42.7,2.63,10.15,0,Mastercard,Debit,,Yes,No,Married,Masters,Employed,Own,0,true,false,false,false,true
Client_773,55,1,12,0,39,2.0,1.63,14.75,0,CIB,Credit,,Yes,No,Single,PhD,Employed,Own,0,true,true,true,false,true
Client_774,64,4,35,14,114,13.0,3.36,5.18,0,CIB,Debit,,Yes,No,Single,High School,Employed,Own,0,true,true,true,true,true
Client_775,58,4,28,23,149,11.8,0.28,2.8,0,CIB,Credit,,Yes,No,Single,Bachelors,Self-Employed,Own,0,true,true,false,false,false
Client_776,20,3,0,25,165,33.9,7.16,10.15,0,Mastercard,Credit,,Yes,No,Married,PhD,Self-Employed,Mortgage,0,false,true,true,true,false
Client_777,27,4,13,22,188,27.7,5.7,7.4,0,Visa,Debit,,Yes,No,Married,PhD,Unemployed,Mortgage,0,true,false,false,true,true
Client_778,32,1,36,20,135,7.6,4.29,1.02,0,Visa,Debit,,Yes,No,Divorced,Masters,Employed,Mortgage,0,false,false,true,true,false
Client_779,41,3,30,27,93,24.3,7.72,0.93,0,CIB,Credit,,Yes,No,Married,High School,Unemployed,Mortgage,0,false,true,true,true,false
Client_780,40,4,30,24,114,48.1,9.9,14.71,0,CIB,Credit,,Yes,No,Married,High School,Self-Employed,Mortgage,0,false,false,false,false,true
Client_781,49,2,24,13,118,19.5,8.87,10.86,0,Mastercard,Credit,,Yes,No,Married,PhD,Self-Employed,Own,0,false,true,true,true,false
Client_782,43,2,25,2,166,30.7,3.12,5.91,0,Mastercard,Credit,,Yes,Yes,Divorced,Bachelors,Unemployed,Rent,0,true,true,false,false,false
Client_783,41,4,18,12,32,10.7,5.5,12.09,0,CIB,Credit,,Yes,No,Single,High School,Unemployed,Mortgage,0,false,false,true,true,false
Client_784,26,2,30,11,127,18.8,2.17,2.64,0,CIB,Debit,,Yes,No,Single,High School,Employed,Mortgage,0,true,true,false,false,true
Client_785,64,4,31,3,117,17.0,5.3,9.54,0,Mastercard,Debit,,Yes,No,Married,High School,Employed,Mortgage,0,true,true,true,true,true
Client_786,44,1,22,20,115,25.6,4.99,7.12,1,Mastercard,Credit,,Yes,No,Married,High School,Employed,Own,0,true,false,false,false,false
Client_787,64,3,7,19,168,21.8,1.41,13.62,0,Mastercard,Debit,,Yes,No,Divorced,Bachelors,Self-Employed,Mortgage,0,true,false,false,false,true
Client_788,47,1,19,3,45,16.9,4.1,10.07,0,Mastercard,Debit,,Yes,No,Single,High School,Self-Employed,Own,0,true,false,false,false,true
Client_789,23,4,34,0,158,5.2,0.43,13.31,0,CIB,Credit,,Yes,No,Single,High School,Unemployed,Mortgage,0,false,true,false,true,true
Client_790,50,4,39,20,154,20.0,1.14,5.46,0,Visa,Debit,,Yes,No,Married,High School,Self-Employed,Rent,0,true,false,false,false,true
Client_791,54,4,25,4,119,8.4,1.65,2.05,0,Visa,Debit,,Yes,Yes,Married,PhD,Unemployed,Rent,0,true,false,false,false,true
Client_792,40,4,30,7,178,27.3,3.83,14.55,0,CIB,Debit,,Yes,No,Married,High School,Self-Employed,Own,0,false,false,false,false,false
Client_793,46,4,10,13,100,48.9,3.13,12.47,0,Visa,Credit,,Yes,No,Married,Masters,Self-Employed,Own,0,false,true,true,true,true
Client_794,41,2,33,6,40,11.7,7.21,7.0,0,Mastercard,Debit,,Yes,No,Married,High School,Self-Employed,Rent,0,false,true,true,false,false
Client_795,39,3,15,2,124,46.9,0.93,12.79,0,Visa,Debit,,Yes,No,Single,High School,Employed,Mortgage,0,false,false,false,false,true
Client_796,63,1,21,18,162,8.8,8.47,9.23,0,Mastercard,Credit,,No,No,Divorced,PhD,Self-Employed,Mortgage,0,false,true,true,false,true
Client_797,39,3,25,7,89,26.0,9.43,0.62,0,CIB,Debit,,Yes,No,Married,Masters,Employed,Rent,0,false,true,false,false,true
Client_798,43,2,30,13,32,45.9,4.33,1.28,0,Visa,Debit,,Yes,No,Divorced,Bachelors,Employed,Rent,0,true,false,false,false,true
Client_799,45,2,16,28,69,19.6,2.45,10.06,0,CIB,Debit,,Yes,No,Single,PhD,Employed,Rent,0,false,false,true,true,true
Client_800,32,2,5,29,63,9.0,6.21,11.18,0,Visa,Debit,,Yes,No,Married,Bachelors,Employed,Own,0,false,true,false,false,false
Client_801,47,4,35,10,185,20.5,6.55,11.82,0,Visa,Debit,,Yes,Yes,Divorced,High School,Employed,Own,0,false,true,true,false,true
Client_802,51,3,1,13,114,48.3,4.04,0.09,0,CIB,Credit,,Yes,No,Married,Masters,Self-Employed,Rent,0,false,false,true,false,false
Client_803,34,2,1,16,92,19.1,5.07,6.55,0,CIB,Credit,,Yes,No,Married,PhD,Self-Employed,Rent,0,true,false,true,true,false
Client_804,43,1,20,0,93,46.8,6.03,2.19,1,Mastercard,Credit,,Yes,No,Married,PhD,Employed,Mortgage,0,false,false,false,true,true
Client_805,28,2,13,12,46,1.5,2.84,12.12,0,Mastercard,Credit,,Yes,No,Married,Masters,Self-Employed,Own,0,true,false,false,false,false
Client_806,21,1,10,10,193,43.4,5.61,1.23,0,CIB,Debit,,No,Yes,Married,Bachelors,Employed,Mortgage,0,true,true,false,false,true
Client_807,40,2,2,18,72,42.0,4.55,9.07,0,CIB,Credit,,Yes,No,Married,PhD,Self-Employed,Rent,0,true,true,true,true,false
Client_808,56,3,1,5,64,2.5,3.42,12.74,0,CIB,Credit,,Yes,No,Married,Bachelors,Self-Employed,Own,0,false,true,true,true,true
Client_809,46,3,23,28,87,33.0,4.39,5.34,0,CIB,Credit,,Yes,No,Single,Masters,Self-Employed,Mortgage,0,false,false,true,true,false
Client_810,33,4,28,9,186,1.4,3.3,2.46,1,Visa,Credit,,Yes,No,Divorced,High School,Self-Employed,Rent,0,true,false,true,true,false
Client_811,38,4,39,22,56,32.7,0.19,12.0,0,Visa,Debit,,No,No,Married,High School,Employed,Own,0,false,false,true,true,false
Client_812,34,2,8,16,47,24.5,4.12,11.44,0,Visa,Credit,,Yes,No,Single,Bachelors,Employed,Mortgage,0,false,false,false,false,true
Client_813,32,4,15,11,118,39.4,6.21,7.11,0,Visa,Credit,,Yes,No,Divorced,Bachelors,Employed,Rent,0,false,true,true,true,false
Client_814,46,2,36,21,112,13.1,1.44,12.46,1,Visa,Credit,,No,No,Divorced,Bachelors,Employed,Rent,1,true,false,false,false,true
Client_815,43,3,22,7,129,48.8,7.0,12.35,0,Mastercard,Credit,,Yes,Yes,Married,Bachelors,Employed,Rent,0,true,true,true,true,false
Client_816,43,4,11,29,198,5.5,7.26,8.23,0,CIB,Debit,,Yes,No,Married,PhD,Employed,Mortgage,0,true,false,false,false,true
Client_817,61,4,17,1,101,49.9,9.75,4.03,0,CIB,Credit,,Yes,No,Divorced,Bachelors,Unemployed,Own,0,true,false,true,false,false
Client_818,64,1,21,4,44,39.0,0.95,3.58,0,Visa,Debit,,Yes,No,Single,PhD,Employed,Rent,0,true,true,true,true,false
Client_819,43,3,21,22,136,34.7,6.55,10.43,0,Visa,Credit,,Yes,No,Divorced,Masters,Employed,Mortgage,0,false,false,false,true,true
Client_820,61,4,19,12,33,21.3,1.78,2.32,0,Visa,Credit,,Yes,No,Divorced,PhD,Unemployed,Rent,0,false,true,true,false,false
Client_821,50,2,22,14,33,11.4,3.12,5.2,0,Visa,Credit,,Yes,Yes,Single,High School,Self-Employed,Rent,1,false,true,false,true,false
Client_822,63,4,33,22,69,28.3,3.15,3.48,0,Visa,Credit,,Yes,No,Divorced,High School,Self-Employed,Mortgage,0,true,true,false,true,false
Client_823,29,2,2,21,175,9.6,6.39,10.17,0,Mastercard,Debit,,Yes,No,Single,Masters,Self-Employed,Rent,0,true,true,false,false,false
Client_824,52,4,21,20,136,18.5,5.66,8.45,0,Visa,Credit,,Yes,No,Married,PhD,Employed,Mortgage,1,true,false,true,false,false
Client_825,50,4,18,22,144,22.0,6.67,11.79,0,Mastercard,Debit,,Yes,No,Married,High School,Self-Employed,Mortgage,0,true,true,true,false,false
Client_826,21,3,28,15,138,46.1,3.93,9.54,0,Mastercard,Debit,,Yes,No,Married,High School,Employed,Mortgage,0,true,true,true,true,false
Client_827,28,2,38,24,71,6.6,5.81,1.44,0,CIB,Debit,,Yes,No,Divorced,Bachelors,Self-Employed,Own,0,true,true,true,false,false
Client_828,58,3,31,0,147,6.5,1.69,9.46,0,CIB,Credit,,Yes,No,Single,High School,Unemployed,Own,0,true,false,true,true,false
Client_829,22,3,20,23,108,1.0,2.61,14.3,0,CIB,Credit,,Yes,Yes,Married,Masters,Employed,Rent,0,false,false,true,false,true
Client_830,59,2,28,27,106,32.5,6.37,13.43,0,CIB,Debit,,Yes,No,Married,Bachelors,Employed,Mortgage,0,false,false,true,true,false
Client_831,64,3,7,22,159,13.6,0.15,3.3,0,CIB,Credit,,Yes,No,Married,Masters,Unemployed,Mortgage,0,true,false,false,false,true
Client_832,44,3,32,16,80,20.2,6.96,5.11,1,Mastercard,Credit,,Yes,No,Married,PhD,Unemployed,Own,0,false,true,false,false,false
Client_833,51,3,5,7,42,21.4,6.97,3.4,0,CIB,Credit,,Yes,No,Single,PhD,Self-Employed,Mortgage,0,true,true,true,false,false
Client_834,38,3,7,25,173,13.1,5.37,12.98,0,Visa,Debit,,Yes,No,Divorced,Masters,Unemployed,Own,0,true,true,true,true,false
Client_835,22,1,9,29,43,18.2,1.39,0.91,0,CIB,Credit,,Yes,No,Single,Masters,Employed,Own,0,true,true,true,false,true
Client_836,51,3,11,27,177,37.2,5.91,6.62,0,Mastercard,Credit,,Yes,No,Married,PhD,Self-Employed,Own,0,false,true,true,false,true
Client_837,26,4,4,28,158,26.2,1.03,2.18,0,CIB,Debit,,Yes,No,Divorced,Bachelors,Unemployed,Rent,0,false,false,true,true,false
Client_838,46,3,19,6,113,47.7,9.97,7.54,0,Visa,Debit,,Yes,No,Single,Bachelors,Self-Employed,Mortgage,0,true,true,false,false,true
Client_839,60,3,24,8,95,11.3,3.33,1.15,0,CIB,Credit,,Yes,No,Single,Masters,Employed,Rent,0,false,false,false,false,true
Client_840,54,2,36,25,111,48.2,4.54,14.45,0,CIB,Credit,,Yes,No,Single,High School,Unemployed,Rent,0,true,false,false,true,true
Client_841,50,3,5,3,63,0.1,5.27,12.8,0,Visa,Credit,,Yes,No,Single,Masters,Unemployed,Mortgage,0,false,false,true,true,false
Client_842,53,2,36,27,130,18.7,4.67,5.72,1,Mastercard,Debit,,Yes,No,Married,Masters,Employed,Mortgage,0,true,true,true,false,false
Client_843,27,3,29,25,149,49.7,9.26,0.64,0,Mastercard,Credit,,Yes,No,Single,High School,Unemployed,Mortgage,0,true,false,true,false,true
Client_844,51,1,28,28,175,28.0,3.55,3.5,0,Mastercard,Debit,,Yes,No,Married,Bachelors,Employed,Own,0,true,true,true,true,false
Client_845,36,3,24,20,125,23.5,9.49,14.59,0,Visa,Credit,,Yes,Yes,Single,Bachelors,Employed,Own,0,false,false,false,false,true
Client_846,42,1,12,27,146,19.7,2.17,0.88,1,Visa,Credit,,Yes,No,Divorced,PhD,Employed,Mortgage,0,true,true,false,false,true
Client_847,64,2,35,0,70,1.4,0.64,5.07,0,Mastercard,Credit,,Yes,No,Married,High School,Unemployed,Rent,0,false,true,true,false,false
Client_848,30,1,35,17,103,1.5,8.47,12.83,0,Mastercard,Debit,,No,No,Divorced,Bachelors,Unemployed,Mortgage,0,true,false,true,false,false
Client_849,20,3,37,9,70,13.3,0.75,7.38,0,Visa,Debit,,Yes,No,Single,Bachelors,Employed,Own,0,false,true,false,false,false
Client_850,38,4,20,25,81,31.2,5.49,7.82,0,Mastercard,Credit,,Yes,No,Married,Bachelors,Unemployed,Own,0,false,false,false,false,true
Client_851,48,1,37,21,184,18.4,3.09,9.5,0,CIB,Debit,,Yes,No,Single,High School,Employed,Rent,0,false,true,true,false,false
Client_852,58,4,14,21,53,46.5,4.89,7.14,0,CIB,Debit,,Yes,No,Divorced,High School,Unemployed,Rent,0,true,false,true,true,false
Client_853,38,1,32,2,51,26.4,5.65,1.17,0,CIB,Credit,,Yes,Yes,Divorced,PhD,Self-Employed,Rent,0,true,true,true,false,false
Client_854,21,4,27,0,58,42.5,1.37,7.57,0,Mastercard,Debit,,Yes,No,Single,PhD,Self-Employed,Own,0,true,false,false,true,true
Client_855,43,4,7,26,195,13.5,4.8,12.51,0,CIB,Credit,,Yes,No,Single,Bachelors,Unemployed,Rent,0,false,false,true,false,true
Client_856,58,3,1,12,99,24.7,5.49,3.04,0,Mastercard,Credit,,Yes,No,Divorced,PhD,Employed,Mortgage,0,false,true,false,true,true
Client_857,28,4,19,13,57,46.2,1.38,6.83,0,Visa,Credit,,Yes,No,Divorced,Bachelors,Employed,Rent,0,true,true,false,true,true
Client_858,47,4,37,9,94,8.3,1.14,8.36,0,Mastercard,Debit,,Yes,Yes,Divorced,PhD,Employed,Rent,1,true,true,true,true,false
Client_859,44,2,9,9,159,17.7,7.79,14.66,0,Mastercard,Debit,,Yes,No,Married,PhD,Self-Employed,Mortgage,0,false,true,false,false,false
Client_860,25,1,35,25,35,7.4,2.14,1.82,1,Visa,Credit,,Yes,No,Single,PhD,Unemployed,Mortgage,0,false,false,false,true,true
Client_861,23,1,28,3,50,25.2,7.86,8.41,0,CIB,Credit,,Yes,No,Divorced,PhD,Unemployed,Own,1,false,false,true,true,false
Client_862,21,2,31,3,118,11.5,8.84,10.59,0,Mastercard,Debit,,Yes,No,Divorced,Bachelors,Self-Employed,Rent,0,false,false,true,false,false
Client_863,37,1,26,28,96,13.8,7.35,10.1,0,CIB,Credit,,Yes,No,Single,Bachelors,Unemployed,Mortgage,0,true,true,false,true,true
Client_864,41,1,4,26,94,9.4,1.04,3.4,1,CIB,Credit,,Yes,No,Single,Bachelors,Unemployed,Mortgage,0,true,false,true,true,false
Client_865,31,3,24,28,70,15.5,1.13,11.09,0,CIB,Debit,,Yes,No,Divorced,Masters,Employed,Rent,0,false,false,true,false,true
Client_866,48,2,28,16,177,8.0,2.85,9.68,0,Mastercard,Credit,,Yes,No,Married,Bachelors,Unemployed,Own,0,false,true,true,true,true
Client_867,29,3,21,23,112,39.1,4.52,9.5,0,CIB,Debit,,Yes,Yes,Married,Bachelors,Unemployed,Own,0,false,true,false,false,true
Client_868,37,4,36,12,90,49.2,3.65,10.29,1,Visa,Debit,,Yes,No,Divorced,PhD,Employed,Mortgage,0,false,true,true,true,false
Client_869,54,2,26,25,129,39.2,0.5,6.9,0,Visa,Debit,,Yes,Yes,Divorced,Masters,Employed,Mortgage,0,false,false,false,false,false
Client_870,53,3,10,11,88,0.5,5.44,11.61,0,Visa,Debit,,Yes,No,Married,High School,Employed,Rent,0,false,false,false,false,true
Client_871,36,4,12,20,175,47.9,7.34,6.19,0,Mastercard,Debit,,Yes,No,Married,Bachelors,Self-Employed,Mortgage,0,false,false,false,true,true
Client_872,25,4,4,13,171,43.6,2.96,5.61,0,Visa,Debit,,Yes,No,Divorced,PhD,Self-Employed,Own,0,false,false,false,false,false
Client_873,53,3,13,26,31,19.5,6.57,13.16,0,Visa,Credit,,Yes,No,Single,PhD,Employed,Mortgage,0,false,false,false,false,false
Client_874,23,4,23,10,43,21.4,4.96,9.88,0,Mastercard,Credit,,Yes,No,Married,High School,Self-Employed,Rent,0,false,true,false,true,true
Client_875,29,3,39,24,178,43.7,1.85,11.81,0,CIB,Credit,,Yes,No,Divorced,Masters,Self-Employed,Rent,0,true,true,true,true,false
Client_876,39,3,28,21,125,42.2,1.26,14.32,0,Visa,Credit,,Yes,No,Single,PhD,Self-Employed,Own,0,false,true,true,true,false
Client_877,27,1,20,21,77,21.7,0.71,2.62,0,CIB,Debit,,Yes,No,Married,High School,Self-Employed,Own,0,true,true,true,false,true
Client_878,55,3,27,8,144,48.5,8.5,0.32,0,CIB,Credit,,Yes,No,Married,Masters,Employed,Rent,0,false,false,false,false,true
Client_879,33,2,35,21,131,5.9,4.92,8.81,0,Mastercard,Credit,,Yes,No,Single,Masters,Self-Employed,Rent,0,false,false,true,false,true
Client_880,61,4,8,11,83,40.7,7.5,11.12,1,Visa,Debit,,Yes,No,Married,Bachelors,Unemployed,Mortgage,0,false,true,false,false,false
Client_881,52,2,11,20,190,48.4,8.6,0.64,0,Visa,Credit,,Yes,No,Single,PhD,Unemployed,Mortgage,0,true,true,true,true,true
Client_882,22,2,9,29,41,9.9,6.65,14.79,0,Mastercard,Debit,,Yes,No,Divorced,High School,Self-Employed,Own,0,false,false,false,true,false
Client_883,46,3,22,1,91,40.4,9.91,9.08,0,Mastercard,Debit,,Yes,No,Married,Masters,Employed,Mortgage,0,false,true,false,false,false
Client_884,41,1,4,18,132,49.1,0.88,11.96,1,CIB,Debit,,Yes,No,Divorced,High School,Unemployed,Mortgage,0,true,true,true,false,false
Client_885,51,1,2,29,134,1.3,5.55,9.21,0,Mastercard,Debit,,Yes,No,Divorced,High School,Unemployed,Mortgage,0,true,true,true,true,true
Client_886,64,3,28,26,36,9.2,2.58,7.18,0,Visa,Credit,,Yes,No,Married,PhD,Employed,Own,0,true,false,false,true,true
Client_887,56,1,14,5,59,44.5,9.65,7.6,0,Visa,Debit,,Yes,No,Single,High School,Self-Employed,Rent,0,true,true,false,true,true
Client_888,55,4,10,7,60,17.7,3.63,12.37,0,Mastercard,Debit,,Yes,No,Single,PhD,Unemployed,Mortgage,0,false,true,false,false,true
Client_889,41,3,36,8,86,22.7,6.39,4.91,0,CIB,Credit,,Yes,No,Divorced,High School,Self-Employed,Rent,0,true,false,true,true,true
Client_890,43,4,31,24,168,15.4,2.19,7.34,0,Visa,Debit,,Yes,Yes,Divorced,PhD,Self-Employed,Rent,0,true,true,true,false,true
Client_891,60,2,39,20,148,16.6,6.81,11.67,0,Mastercard,Debit,,Yes,No,Divorced,PhD,Self-Employed,Rent,0,true,true,false,false,false
Client_892,47,1,31,3,137,12.4,0.66,10.2,0,Mastercard,Credit,,Yes,No,Divorced,PhD,Unemployed,Own,0,false,false,true,true,true
Client_893,40,3,10,1,165,47.4,8.89,8.8,0,Mastercard,Debit,,Yes,No,Married,High School,Employed,Own,0,true,false,true,false,false
Client_894,20,3,29,14,132,25.8,6.02,11.85,0,Visa,Credit,,Yes,No,Single,Masters,Unemployed,Mortgage,0,false,true,false,false,true
Client_895,61,2,2,10,30,39.5,5.02,11.4,0,CIB,Debit,,Yes,No,Married,Bachelors,Employed,Rent,0,false,false,true,false,true
Client_896,63,4,24,23,194,23.6,1.34,5.99,1,CIB,Credit,,Yes,No,Single,Masters,Self-Employed,Own,0,true,false,true,false,true
Client_897,25,4,19,4,69,46.1,5.23,4.84,0,Visa,Debit,,Yes,No,Married,High School,Employed,Rent,0,false,true,true,false,false
Client_898,22,1,21,12,194,44.8,8.01,7.94,0,Mastercard,Credit,,Yes,No,Married,High School,Unemployed,Rent,0,true,false,true,false,false
Client_899,23,1,18,28,38,5.2,4.52,4.32,0,CIB,Credit,,Yes,No,Divorced,Bachelors,Unemployed,Rent,0,true,true,false,false,false
Client_900,20,4,7,18,132,37.0,0.94,2.48,0,Visa,Debit,,Yes,No,Divorced,Bachelors,Self-Employed,Own,0,true,true,false,true,true
Client_901,29,4,31,12,140,3.9,3.06,14.7,0,Mastercard,Debit,,Yes,No,Single,High School,Unemployed,Mortgage,0,false,true,false,true,false
Client_902,20,2,39,3,65,14.4,5.27,12.06,1,Visa,Debit,,Yes,No,Married,Bachelors,Employed,Rent,0,false,false,false,false,true
Client_903,26,4,38,25,147,45.4,8.0,1.39,0,Visa,Debit,,Yes,No,Divorced,High School,Unemployed,Own,0,false,true,true,false,true
Client_904,37,3,24,25,182,6.7,1.04,10.4,0,Visa,Debit,,No,No,Divorced,PhD,Unemployed,Own,0,true,true,false,false,true
Client_905,23,2,23,17,81,5.1,5.21,7.03,0,Visa,Credit,,Yes,No,Single,High School,Unemployed,Mortgage,0,false,true,false,true,true
Client_906,61,4,15,29,127,1.0,2.45,4.18,0,CIB,Credit,,Yes,No,Divorced,PhD,Employed,Own,0,true,false,true,false,true
Client_907,64,3,4,26,50,6.4,6.48,1.75,0,Visa,Credit,,Yes,No,Divorced,Bachelors,Employed,Rent,0,false,true,true,false,true
Client_908,51,3,19,15,97,34.2,6.3,11.06,0,Visa,Credit,,Yes,No,Married,PhD,Unemployed,Rent,0,false,true,true,true,true
Client_909,29,4,28,18,168,32.1,5.64,7.49,0,Visa,Debit,,Yes,No,Married,PhD,Employed,Rent,0,false,true,false,false,true
Client_910,34,1,19,27,35,42.3,0.29,7.71,1,Visa,Debit,,Yes,No,Divorced,PhD,Employed,Own,0,false,false,true,true,true
Client_911,24,4,23,13,107,24.3,4.89,9.58,0,Visa,Credit,,Yes,No,Divorced,PhD,Self-Employed,Mortgage,0,true,false,false,false,true
Client_912,64,2,26,27,170,49.1,7.17,2.35,0,Visa,Credit,,Yes,No,Married,PhD,Employed,Rent,0,true,true,false,false,false
Client_913,51,4,36,2,36,3.1,2.17,7.08,0,Mastercard,Debit,,Yes,No,Divorced,PhD,Unemployed,Rent,0,false,false,false,true,true
Client_914,43,1,24,28,196,22.5,6.53,2.11,0,Mastercard,Credit,,Yes,No,Married,Bachelors,Self-Employed,Own,0,true,true,true,true,true
Client_915,20,3,31,4,196,12.7,4.11,9.16,0,Mastercard,Debit,,Yes,No,Married,PhD,Self-Employed,Mortgage,0,false,false,false,false,false
Client_916,21,1,35,20,163,14.8,7.08,2.77,0,Visa,Credit,,Yes,No,Single,High School,Employed,Own,0,true,true,false,true,false
Client_917,56,2,6,18,187,25.5,6.62,6.7,0,CIB,Credit,,Yes,No,Divorced,Masters,Self-Employed,Rent,0,false,true,false,false,true
Client_918,31,4,28,15,141,36.5,5.07,6.78,0,CIB,Debit,,Yes,No,Divorced,Masters,Employed,Mortgage,0,false,false,false,false,true
Client_919,21,4,39,6,80,50.0,5.46,2.51,1,CIB,Credit,,Yes,No,Single,PhD,Employed,Mortgage,0,false,true,false,true,false
Client_920,42,4,8,3,102,17.1,2.06,14.84,0,Mastercard,Debit,,Yes,Yes,Single,Bachelors,Unemployed,Rent,0,false,false,true,true,false
Client_921,25,3,26,12,115,35.2,1.53,14.96,0,Visa,Debit,,Yes,No,Divorced,Masters,Self-Employed,Mortgage,0,true,false,false,false,true
Client_922,37,3,9,29,197,39.1,3.32,4.72,0,Mastercard,Debit,,Yes,No,Divorced,Masters,Employed,Rent,0,true,true,true,true,true
Client_923,54,4,5,9,92,22.1,7.38,7.1,0,Mastercard,Credit,,Yes,No,Divorced,High School,Unemployed,Rent,0,true,false,true,false,true
Client_924,63,2,25,1,117,8.9,8.11,13.36,1,Mastercard,Credit,,Yes,No,Divorced,PhD,Employed,Own,0,true,false,true,false,false
Client_925,57,1,7,23,70,6.5,9.35,14.94,0,Visa,Credit,,Yes,No,Divorced,Bachelors,Unemployed,Mortgage,0,true,false,true,false,true
Client_926,64,1,30,13,156,30.5,0.72,10.91,0,Visa,Debit,,Yes,No,Divorced,Masters,Self-Employed,Own,0,false,true,false,true,true
Client_927,29,4,33,2,39,33.1,0.12,6.63,0,CIB,Credit,,Yes,No,Divorced,Masters,Self-Employed,Own,0,false,false,false,false,false
Client_928,57,4,6,15,87,29.0,6.17,6.51,0,Mastercard,Debit,,Yes,No,Married,Bachelors,Employed,Mortgage,0,false,false,true,false,false
Client_929,34,4,5,29,51,30.3,2.85,6.8,0,Visa,Credit,,Yes,No,Married,High School,Employed,Own,0,true,false,true,true,false
Client_930,41,1,3,26,84,21.3,4.63,13.3,1,CIB,Credit,,Yes,No,Single,PhD,Self-Employed,Mortgage,0,true,true,true,false,false
Client_931,38,1,36,14,37,37.2,5.54,12.84,0,Visa,Debit,,Yes,No,Married,Bachelors,Self-Employed,Own,0,false,true,true,true,true
Client_932,48,1,22,21,136,34.7,7.93,11.31,1,CIB,Credit,,Yes,No,Married,Bachelors,Employed,Own,0,false,false,false,false,false
Client_933,38,3,0,13,132,42.6,2.51,7.36,0,CIB,Credit,,Yes,No,Single,Bachelors,Self-Employed,Mortgage,0,false,false,false,false,false
Client_934,42,3,29,23,118,4.1,0.31,11.62,0,Visa,Credit,,Yes,No,Single,Bachelors,Unemployed,Own,0,false,false,true,true,false
Client_935,50,4,21,26,175,24.2,1.34,8.27,1,CIB,Credit,,Yes,No,Divorced,Bachelors,Self-Employed,Own,0,true,true,true,true,true
Client_936,38,4,22,26,165,22.1,4.84,1.17,0,CIB,Credit,,No,No,Single,High School,Employed,Mortgage,0,true,true,false,true,true
Client_937,50,2,30,9,107,14.0,0.53,1.71,1,Mastercard,Credit,,Yes,No,Single,Masters,Employed,Own,0,false,false,false,true,true
Client_938,59,3,6,5,41,19.6,1.77,8.32,0,CIB,Debit,,Yes,No,Divorced,Masters,Employed,Mortgage,0,false,false,false,false,false
Client_939,54,2,4,17,50,25.6,4.3,12.32,0,Mastercard,Debit,,Yes,No,Single,PhD,Employed,Rent,0,true,true,false,true,true
Client_940,24,4,18,13,115,21.1,0.53,6.54,0,Mastercard,Debit,,Yes,No,Single,PhD,Unemployed,Rent,0,false,true,true,false,false
Client_941,60,4,1,21,152,28.0,1.15,1.79,0,CIB,Debit,,Yes,No,Married,High School,Self-Employed,Own,0,true,false,true,false,false
Client_942,55,2,3,3,199,0.4,3.59,1.9,0,CIB,Debit,,Yes,No,Single,PhD,Self-Employed,Mortgage,0,false,true,false,true,true
Client_943,38,3,16,18,149,13.8,3.51,5.98,0,Visa,Credit,,Yes,No,Married,PhD,Employed,Rent,0,true,true,false,true,false
Client_944,48,3,15,12,72,43.9,2.4,6.84,0,Visa,Credit,,Yes,No,Single,PhD,Employed,Rent,0,false,true,false,true,false
Client_945,45,4,10,26,131,4.4,1.64,9.73,0,CIB,Credit,,Yes,No,Divorced,PhD,Unemployed,Mortgage,0,false,false,false,false,true
Client_946,54,3,6,19,155,10.4,3.83,14.31,0,CIB,Credit,,Yes,No,Single,PhD,Employed,Mortgage,0,false,false,false,false,false
Client_947,23,1,27,11,55,12.2,6.49,8.72,1,Visa,Credit,,Yes,No,Married,PhD,Self-Employed,Rent,0,false,true,true,false,true
Client_948,56,3,10,2,98,4.4,7.45,3.04,0,CIB,Debit,,Yes,No,Single,High School,Employed,Rent,0,false,false,true,true,true
Client_949,22,3,19,25,132,40.5,0.1,4.2,0,Visa,Credit,,Yes,No,Married,Bachelors,Employed,Own,0,false,true,false,false,false
Client_950,28,2,22,3,68,27.3,0.05,2.58,0,Visa,Debit,,Yes,No,Single,High School,Self-Employed,Rent,0,true,true,true,false,true
Client_951,33,3,18,20,101,48.6,2.75,14.5,0,Mastercard,Debit,,Yes,No,Divorced,High School,Self-Employed,Mortgage,0,true,true,true,false,false
Client_952,30,2,36,8,91,5.2,1.85,0.47,0,Visa,Debit,,Yes,No,Married,Masters,Self-Employed,Rent,0,true,false,true,false,true
Client_953,30,3,23,3,121,1.5,8.56,14.34,0,Visa,Credit,,Yes,No,Married,PhD,Self-Employed,Rent,0,true,true,true,false,false
Client_954,30,4,31,4,122,39.5,6.39,8.89,0,CIB,Debit,,Yes,No,Divorced,Masters,Employed,Rent,0,false,false,true,false,false
Client_955,59,4,20,10,76,11.3,1.34,0.66,0,CIB,Credit,,Yes,Yes,Single,Masters,Unemployed,Rent,0,true,false,false,true,true
Client_956,39,2,16,10,77,37.0,8.08,3.93,1,Mastercard,Credit,,Yes,No,Single,High School,Unemployed,Mortgage,0,true,true,true,false,true
Client_957,32,1,2,10,197,31.1,4.68,11.69,0,Mastercard,Credit,,Yes,No,Single,PhD,Self-Employed,Mortgage,0,true,true,false,true,true
Client_958,21,1,17,27,65,2.7,0.28,3.08,0,Mastercard,Credit,,Yes,No,Married,Masters,Employed,Rent,0,true,true,true,false,false
Client_959,23,1,38,6,125,2.0,4.46,4.0,0,Visa,Credit,,Yes,No,Married,Masters,Employed,Mortgage,0,true,true,true,false,false
Client_960,39,1,13,13,159,37.9,4.65,6.5,0,CIB,Debit,,Yes,No,Divorced,High School,Unemployed,Mortgage,0,true,true,false,true,true
Client_961,20,4,27,26,31,46.5,0.96,14.73,0,Mastercard,Debit,,Yes,No,Single,Masters,Unemployed,Own,0,false,true,false,true,false
Client_962,31,2,14,5,70,45.6,0.14,8.31,0,CIB,Credit,,Yes,No,Married,Bachelors,Self-Employed,Rent,0,true,true,false,false,true
Client_963,53,3,19,0,120,38.7,1.48,4.06,0,Visa,Debit,,Yes,No,Married,Masters,Self-Employed,Own,0,false,true,true,false,true
Client_964,31,3,36,4,56,29.3,1.39,6.61,1,Visa,Credit,,Yes,No,Divorced,Bachelors,Self-Employed,Own,0,true,true,false,false,false
Client_965,32,4,10,0,138,45.4,2.21,12.4,0,Mastercard,Credit,,Yes,No,Divorced,PhD,Self-Employed,Mortgage,0,false,false,true,true,false
Client_966,26,2,3,18,158,4.4,2.46,0.67,0,CIB,Debit,,Yes,No,Single,PhD,Self-Employed,Mortgage,0,false,false,true,false,true
Client_967,63,3,31,8,123,22.4,4.91,9.61,0,Mastercard,Debit,,Yes,No,Married,PhD,Unemployed,Rent,0,false,false,true,false,false
Client_968,49,4,8,3,144,29.3,1.74,6.42,0,CIB,Credit,,Yes,Yes,Married,PhD,Self-Employed,Mortgage,0,true,false,true,true,true
Client_969,24,1,24,4,130,6.8,8.66,7.17,0,CIB,Credit,,Yes,No,Married,PhD,Self-Employed,Own,0,false,true,true,false,true
Client_970,56,1,10,23,163,32.3,7.71,0.13,0,CIB,Debit,,Yes,No,Single,High School,Self-Employed,Mortgage,0,true,false,true,true,false
Client_971,31,3,0,12,129,30.5,9.27,9.75,0,Visa,Credit,,Yes,No,Married,High School,Self-Employed,Own,0,true,false,true,true,true
Client_972,58,3,35,13,50,31.1,5.86,5.75,0,CIB,Credit,,Yes,No,Married,PhD,Unemployed,Rent,0,true,false,true,true,false
Client_973,59,2,30,20,33,44.9,9.19,9.91,0,Visa,Credit,,Yes,No,Divorced,High School,Self-Employed,Rent,0,false,false,false,true,true
Client_974,39,3,11,25,80,34.2,6.21,6.29,0,Mastercard,Debit,,Yes,No,Single,PhD,Unemployed,Own,0,true,true,false,true,false
Client_975,46,2,32,9,173,4.4,7.69,12.46,0,Visa,Credit,,Yes,No,Divorced,High School,Unemployed,Mortgage,0,true,true,false,false,true
Client_976,51,4,15,7,129,10.8,7.8,8.69,0,Visa,Debit,,Yes,No,Married,Bachelors,Unemployed,Own,0,true,true,true,true,true
Client_977,28,1,23,17,178,25.5,8.98,11.8,0,CIB,Debit,,Yes,Yes,Single,Bachelors,Employed,Mortgage,0,false,true,true,false,true
Client_978,41,1,18,23,73,36.0,2.92,2.41,0,Mastercard,Debit,,Yes,No,Divorced,Bachelors,Self-Employed,Rent,0,false,true,true,true,false
Client_979,23,3,28,27,40,16.9,0.08,14.35,0,CIB,Credit,,Yes,No,Single,Bachelors,Self-Employed,Rent,0,true,true,false,false,true
Client_980,53,2,23,3,170,21.1,3.47,11.28,0,CIB,Debit,,Yes,Yes,Divorced,High School,Unemployed,Mortgage,0,false,false,true,true,true
Client_981,40,2,26,20,63,1.7,6.38,5.22,0,Mastercard,Credit,,Yes,No,Married,Masters,Self-Employed,Rent,0,true,true,false,false,false
Client_982,29,4,24,15,74,45.6,1.97,1.49,0,Mastercard,Credit,,Yes,No,Married,PhD,Employed,Own,0,true,true,false,true,false
Client_983,25,4,26,16,77,21.7,7.99,4.8,0,Visa,Credit,,Yes,No,Married,Masters,Self-Employed,Rent,0,true,false,true,true,false
Client_984,63,1,4,26,135,33.6,0.81,6.13,0,Mastercard,Debit,,Yes,No,Married,Bachelors,Employed,Own,0,false,false,true,false,false
Client_985,20,2,19,21,153,48.2,4.58,4.66,0,CIB,Debit,,Yes,No,Single,PhD,Employed,Own,0,true,true,true,false,false
Client_986,43,3,32,17,78,28.9,6.25,2.15,0,Visa,Credit,,Yes,No,Divorced,High School,Employed,Mortgage,0,false,false,true,true,true
Client_987,50,1,39,23,116,32.2,8.31,14.58,0,CIB,Debit,,Yes,No,Single,Bachelors,Unemployed,Own,0,false,false,false,true,true
Client_988,53,2,7,20,106,1.6,4.4,10.14,0,Visa,Debit,,Yes,No,Divorced,High School,Employed,Rent,0,true,false,true,true,true
Client_989,49,3,13,5,117,10.2,6.8,3.4,0,Mastercard,Credit,,Yes,Yes,Single,PhD,Self-Employed,Mortgage,0,true,false,false,true,false
Client_990,39,2,32,7,57,35.0,6.14,14.0,0,CIB,Credit,,Yes,No,Divorced,Bachelors,Unemployed,Own,0,true,true,true,false,true
Client_991,39,2,20,8,30,41.6,4.02,12.42,0,Visa,Credit,,Yes,No,Single,High School,Self-Employed,Own,0,false,true,true,false,true
Client_992,39,2,34,5,155,32.4,4.95,0.36,0,Mastercard,Debit,,Yes,No,Single,Masters,Employed,Mortgage,0,false,false,false,false,true
Client_993,28,1,12,25,60,46.5,4.07,1.15,0,Mastercard,Credit,,Yes,No,Married,PhD,Unemployed,Own,0,true,true,true,false,false
Client_994,50,2,17,17,190,14.3,6.27,0.59,0,Mastercard,Credit,,Yes,No,Single,Masters,Employed,Mortgage,0,true,false,false,true,false
Client_995,28,1,34,28,36,9.9,2.46,14.4,0,Mastercard,Credit,,Yes,No,Single,Bachelors,Self-Employed,Rent,0,false,true,false,true,true
Client_996,20,1,17,8,163,47.4,8.96,7.07,0,CIB,Debit,,Yes,No,Married,Bachelors,Self-Employed,Rent,1,true,true,true,true,false
Client_997,42,4,18,15,75,48.8,3.71,11.95,0,Visa,Credit,,Yes,No,Divorced,High School,Unemployed,Own,0,false,false,true,true,true
Client_998,31,3,39,24,94,23.4,8.75,10.35,0,Visa,Credit,,Yes,No,Divorced,High School,Employed,Mortgage,0,false,false,false,false,false
Client_999,54,2,37,7,45,37.3,0.84,4.9,0,CIB,Credit,,Yes,No,Married,Bachelors,Self-Employed,Mortgage,0,false,false,true,false,false
